CASE_ID,ACCIDENT_YEAR,PROC_DATE,JURIS,COLLISION_DATE,COLLISION_TIME,OFFICER_ID,REPORTING_DISTRICT,DAY_OF_WEEK,CHP_SHIFT,POPULATION,CNTY_CITY_LOC,SPECIAL_COND,BEAT_TYPE,CHP_BEAT_TYPE,CITY_DIVISION_LAPD,CHP_BEAT_CLASS,BEAT_NUMBER,PRIMARY_RD,SECONDARY_RD,DISTANCE,DIRECTION,INTERSECTION,WEATHER_1,WEATHER_2,STATE_HWY_IND,CALTRANS_COUNTY,CALTRANS_DISTRICT,STATE_ROUTE,ROUTE_SUFFIX,POSTMILE_PREFIX,POSTMILE,LOCATION_TYPE,RAMP_INTERSECTION,SIDE_OF_HWY,TOW_AWAY,COLLISION_SEVERITY,NUMBER_KILLED,NUMBER_INJURED,PARTY_COUNT,PRIMARY_COLL_FACTOR,PCF_CODE_OF_VIOL,PCF_VIOL_CATEGORY,PCF_VIOLATION,PCF_VIOL_SUBSECTION,HIT_AND_RUN,TYPE_OF_COLLISION,MVIW,PED_ACTION,ROAD_SURFACE,ROAD_COND_1,ROAD_COND_2,LIGHTING,CONTROL_DEVICE,CHP_ROAD_TYPE,PEDESTRIAN_ACCIDENT,BICYCLE_ACCIDENT,MOTORCYCLE_ACCIDENT,TRUCK_ACCIDENT,NOT_PRIVATE_PROPERTY,ALCOHOL_INVOLVED,STWD_VEHTYPE_AT_FAULT,CHP_VEHTYPE_AT_FAULT,COUNT_SEVERE_INJ,COUNT_VISIBLE_INJ,COUNT_COMPLAINT_PAIN,COUNT_PED_KILLED,COUNT_PED_INJURED,COUNT_BICYCLIST_KILLED,COUNT_BICYCLIST_INJURED,COUNT_MC_KILLED,COUNT_MC_INJURED,PRIMARY_RAMP,SECONDARY_RAMP,LATITUDE,LONGITUDE,COUNTY,CITY,POINT_X,POINT_Y
8965066,2019,2019-10-29,0103,2019-07-09,1647,26,,2,5,6,0103,0,0,0,,0,016,"SAN PABLO","CEDAR ST",120.00,N,N,A,-,N,,,,,,,,,,N,3,0,1,2,A,-,07,21658,A,F,B,C,A,A,H,-,A,A,0,,,,,Y,,A,01,0,1,0,0,0,0,0,0,0,"- ","- ",,,ALAMEDA,BERKELEY,-122.29428100585938,37.875518798828125
8965074,2019,2019-10-29,0103,2019-07-10,1307,112,,3,5,6,0103,0,0,0,,0,006,BANCROFT,"TELEGRAPH AV",152.00,W,N,A,-,N,,,,,,,,,,N,3,0,1,2,A,-,04,21703,,N,C,C,A,A,H,-,A,A,0,,,Y,,Y,,C,03,0,1,0,0,0,0,0,0,1,"- ","- ",37.868370056152344,-122.25965118408203,ALAMEDA,BERKELEY,-122.25972747802734,37.868659973144531
8965078,2019,2019-10-29,0103,2019-07-10,1924,1,,3,5,6,0103,0,0,0,,0,014,6TH,UNIVERSITY,0.00,,Y,A,-,N,,,,,,,,,,N,3,0,2,3,A,-,10,21950,A,N,G,B,B,A,H,-,B,A,0,Y,,,,Y,,A,01,0,2,0,0,2,0,0,0,0,"- ","- ",37.867988586425781,-122.29766082763672,ALAMEDA,BERKELEY,-122.29770660400391,37.867969512939453
8965082,2019,2019-10-29,0103,2019-07-11,0824,13,,4,5,6,0103,0,0,0,,0,014,"6TH ST","9TH ST 2200",0.00,,N,A,-,N,,,,,,,,,,N,3,0,1,1,A,-,03,22350,,N,E,I,A,A,H,-,A,A,0,,,Y,,Y,,C,03,0,1,0,0,0,0,0,0,1,"- ","- ",37.864631652832031,-122.29348754882812,ALAMEDA,BERKELEY,,
8965086,2019,2019-10-29,0103,2019-07-11,1803,95,,4,5,6,0103,0,0,0,,0,006,BANCROFT,"BOWDITCH ST",0.00,,Y,A,-,N,,,,,,,,,,N,3,0,1,2,A,-,10,21950,C,N,G,B,D,A,H,-,A,A,0,Y,,,,Y,,A,01,0,1,0,0,1,0,0,0,0,"- ","- ",37.868991851806641,-122.25688934326172,ALAMEDA,BERKELEY,-122.25689697265625,37.869010925292969
8965102,2019,2019-10-29,0103,2019-07-17,0046,54,,3,5,6,0103,0,0,0,,0,001,"LOS ANGELES","THE CIRCLE",136.00,E,N,B,-,N,,,,,,,,,,Y,3,0,1,2,A,-,01,23152,A,N,B,E,A,A,H,-,D,D,0,,,,,Y,Y,A,01,0,1,0,0,0,0,0,0,0,"- ","- ",37.890251159667969,-122.27191162109375,ALAMEDA,BERKELEY,-122.27255249023438,37.890171051025391
8965103,2019,2019-10-31,0103,2019-07-25,1427,59,32,4,5,6,0103,0,0,0,,0,013,DWIGHT,9TH,0.00,,Y,A,-,N,,,,,,,,,,Y,3,0,1,2,A,-,00,22460,A,N,D,G,A,A,H,-,A,A,0,,Y,,,Y,,A,01,0,1,0,0,0,0,1,0,0,"- ","- ",37.860641479492188,-122.29181671142578,ALAMEDA,BERKELEY,-122.29183197021484,37.860649108886719
8965107,2019,2019-11-04,0103,2019-07-27,0144,95,,6,5,6,0103,0,0,0,,0,007,COLLEGE,WOOLSEY,0.00,,Y,A,-,N,,,,,,,,,,Y,3,0,5,1,A,-,01,23153,A,N,D,C,A,-,H,-,D,A,0,,,,,Y,Y,A,01,0,2,3,0,0,0,0,0,0,"- ","- ",37.853900909423828,-122.25273132324219,ALAMEDA,BERKELEY,-122.25273895263672,37.8538818359375
8965110,2019,2019-10-29,0103,2019-07-19,1908,95,,5,5,6,0103,0,0,0,,0,006,HILLEGASS,"DWIGHT WY",394.00,S,N,A,-,N,,,,,,,,,,N,2,0,1,2,A,-,17,22517,,N,H,G,A,A,H,-,A,D,0,,Y,,,Y,,A,01,1,0,0,0,0,0,1,0,0,"- ","- ",37.864181518554688,-122.25676727294922,ALAMEDA,BERKELEY,-122.25637817382812,37.864299774169922
8965111,2019,2019-10-31,0103,2019-07-27,0948,13,,6,5,6,0103,0,0,0,,0,008,STUART,FULTON,0.00,,Y,B,-,N,,,,,,,,,,N,3,0,1,1,A,-,03,22350,,N,E,I,A,A,H,-,A,A,0,,Y,,,Y,,L,04,0,1,0,0,0,0,1,0,0,"- ","- ",37.858890533447266,-122.26412963867188,ALAMEDA,BERKELEY,-122.26412200927734,37.858898162841797
8965114,2019,2019-12-04,0103,2019-07-20,1436,13,,6,5,6,0103,0,0,0,,0,013,MURRAY,9TH,0.00,,Y,A,-,N,,,,,,,,,,N,3,0,1,2,A,-,09,21804,,N,D,C,A,A,H,-,A,A,0,,,Y,,Y,,C,03,0,1,0,0,0,0,0,0,1,"- ","- ",37.851181030273438,-122.28925323486328,ALAMEDA,BERKELEY,-122.28923797607422,37.851188659667969
8965115,2019,2019-10-31,0103,2019-07-27,2008,34,,6,5,6,0103,0,0,0,,0,005,SHATTUCK,CHANNING,0.00,,Y,A,-,N,,,,,,,,,,N,3,0,1,1,A,-,03,22350,,N,E,I,A,A,H,-,B,A,0,,,,,Y,,A,01,0,1,0,0,0,0,0,0,0,"- ","- ",37.865779876708984,-122.267578125,ALAMEDA,BERKELEY,-122.26761627197266,37.865779876708984
8965134,2019,2019-10-30,0103,2019-07-11,1432,34,,4,5,6,0103,0,0,0,,0,013,6TH,CHANNING,0.00,,Y,A,-,N,,,,,,,,,,N,3,0,1,2,A,-,09,21802,A,N,D,C,A,A,H,-,A,A,0,,,,,Y,,A,01,0,1,0,0,0,0,0,0,0,"- ","- ",37.861740112304688,-122.29564666748047,ALAMEDA,BERKELEY,-122.29566955566406,37.861751556396484
8965142,2019,2019-10-30,0103,2019-07-16,1224,3,26,2,5,6,0103,0,0,0,,0,004,OXFORD,"CENTER ST",35.00,S,N,A,-,N,,,,,,,,,,N,3,0,1,2,A,-,21,22106,,N,E,E,A,A,H,-,A,D,0,,,Y,,Y,,D,22,0,1,0,0,0,0,0,0,1,"- ","- ",37.870578765869141,-122.26587677001953,ALAMEDA,BERKELEY,-122.26593017578125,37.870494842529297
8965197,2019,2019-10-30,0103,2019-07-07,0414,45,,7,5,6,0103,0,0,0,,0,002,CEDAR,"WALNUT ST",111.00,E,N,A,-,N,,,,,,,,,,Y,3,0,2,4,A,-,06,21750,,N,A,C,A,A,H,-,A,D,0,,,,,Y,,A,01,0,1,1,0,0,0,0,0,0,"- ","- ",37.878711700439453,-122.26686096191406,ALAMEDA,BERKELEY,-122.26759338378906,37.878608703613281
8965284,2019,2019-10-25,0109,2019-07-19,1031,9795,1,5,5,7,0109,0,0,0,,0,04X,"18TH ST","MARTIN LUTHER KING JR WY",90.00,W,N,A,-,N,,,,,,,,,,N,3,0,1,2,A,-,10,21950,A,N,G,B,B,A,H,-,A,A,0,Y,,,,Y,,A,01,0,1,0,0,1,0,0,0,0,"- ","- ",,,ALAMEDA,OAKLAND,-122.27442932128906,37.808639526367188
8965304,2019,2019-10-25,0109,2019-07-16,1540,8900,2,2,5,7,0109,0,0,0,,0,24X,"HIGH ST","SUTER ST",0.00,,Y,A,-,N,,,,,,,,,,N,3,0,1,2,A,-,09,21802,A,N,A,C,A,A,H,-,A,D,0,,,,,Y,,A,01,0,1,0,0,0,0,0,0,0,"- ","- ",,,ALAMEDA,OAKLAND,-122.19843292236328,37.785469055175781
8965355,2019,2019-10-25,0109,2019-07-19,1948,8900,2,5,5,7,0109,0,0,0,,0,27X,"FOOTHILL BL","47TH AV",0.00,,Y,A,-,N,,,,,,,,,,N,3,0,1,2,A,-,12,21453,A,F,G,B,B,A,H,-,A,A,0,Y,,,,Y,,A,01,0,1,0,0,1,0,0,0,0,"- ","- ",,,ALAMEDA,OAKLAND,-122.20868682861328,37.773220062255859
8965356,2019,2019-10-30,0109,2019-08-01,2031,8609,2,4,5,7,0109,0,0,0,,0,26X,"SAN LEANDRO ST","SEMINARY AV",300.00,E,N,B,-,N,,,,,,,,,,N,3,0,1,2,A,-,03,22350,,M,C,C,A,A,H,-,C,D,0,,,Y,,Y,,A,01,0,1,0,0,0,0,0,0,1,"- ","- ",,,ALAMEDA,OAKLAND,-122.20488739013672,37.760280609130859
8965359,2019,2019-10-25,0109,2019-07-09,2046,9414,2,2,5,7,0109,0,0,0,,0,31Y,"98TH AV","SAN LEANDRO ST",10.00,S,N,A,-,N,,,,,,,,,,Y,3,0,2,3,A,-,08,22107,,F,D,C,A,A,H,-,B,A,0,,,,,Y,,A,01,0,1,1,0,0,0,0,0,0,"- ","- ",,,ALAMEDA,OAKLAND,-122.17978668212891,37.739158630371094
8965383,2019,2019-10-28,0109,2019-07-05,1904,9812,1,5,5,7,0109,0,0,0,,0,05Y,"W GRAND AV","MANDELA PKWY",0.00,,Y,A,-,N,,,,,,,,,,Y,3,0,5,2,A,-,09,21453,C,N,D,C,A,A,H,-,A,A,0,,,,,Y,,A,01,0,1,4,0,0,0,0,0,0,"- ","- ",,,ALAMEDA,OAKLAND,-122.28962707519531,37.816810607910156
8965399,2019,2019-11-13,0109,2019-07-25,1829,9567,1,4,5,7,0109,0,0,0,,0,03X,"7TH ST","OAK ST",0.00,,Y,A,-,N,,,,,,,,,,Y,3,0,3,3,A,-,12,21453,A,N,D,C,B,A,H,-,A,A,0,Y,,,,Y,,A,07,0,2,1,0,1,0,0,0,0,"- ","- ",,,ALAMEDA,OAKLAND,-122.26589202880859,37.796241760253906
8965403,2019,2019-10-28,0109,2019-07-09,1801,9831,2,2,5,7,0109,0,0,0,,0,28X,"BIRDSALL AV","RAWSON ST",25.00,E,N,A,-,N,,,,,,,,,,N,2,0,1,2,A,-,12,22450,A,N,A,G,A,A,H,-,A,A,0,,Y,,,Y,,L,04,1,0,0,0,0,0,1,0,0,"- ","- ",,,ALAMEDA,OAKLAND,-122.19200897216797,37.780490875244141
8965419,2019,2019-10-28,0109,2019-07-24,0034,9420,2,3,5,7,0109,0,0,0,,0,35Y,"MALCOLM AV","ETTRICK ST",204.00,N,N,A,-,N,,,,,,,,,,Y,3,0,1,1,A,-,08,22107,,M,E,I,A,A,H,-,C,D,0,,,,,Y,,A,01,0,1,0,0,0,0,0,0,0,"- ","- ",,,ALAMEDA,OAKLAND,-122.13037109375,37.752490997314453
8965453,2019,2019-10-30,0109,2019-07-14,2023,9414,2,7,5,7,0109,0,0,0,,0,34X,"90TH AV","BANCROFT AV",30.00,,N,A,-,N,,,,,,,,,,Y,2,0,1,3,A,-,05,21460,A,F,D,C,A,A,H,-,A,A,0,,,,,Y,,D,22,1,0,0,0,0,0,0,0,0,"- ","- ",,,ALAMEDA,OAKLAND,-122.16580963134766,37.753559112548828
8965544,2019,2019-10-29,0109,2019-06-09,2357,9650,2,7,5,7,0109,0,0,0,,0,32X,"MACARTHUR BL","99TH AV",0.00,,Y,A,-,N,,,,,,,,,,N,3,0,1,2,A,-,10,21950,A,M,G,B,D,A,H,-,C,A,0,Y,,,,Y,,-,99,0,1,0,0,1,0,0,0,0,"- ","- ",,,ALAMEDA,OAKLAND,-122.15721893310547,37.747379302978516
8965548,2019,2019-10-29,0109,2019-06-11,2047,9738,1,2,5,7,0109,0,0,0,,0,02X,"8TH ST","HENRY ST",150.00,E,N,A,-,N,,,,,,,,,,N,2,0,1,4,A,-,03,22350,,F,G,G,A,A,H,-,C,D,0,,Y,,,Y,,A,01,1,0,0,0,0,0,1,0,0,"- ","- ",,,ALAMEDA,OAKLAND,-122.29618072509766,37.806728363037109
8965829,2019,2019-10-30,0109,2019-06-29,1634,9742,1,6,5,7,0109,0,0,0,,0,04X,"GRAND AV","VALDEZ ST",0.00,,Y,A,-,N,,,,,,,,,,Y,2,0,1,2,A,-,08,22107,,N,D,C,A,A,H,-,A,A,0,,,Y,,Y,,A,01,1,0,0,0,0,0,0,0,1,"- ","- ",,,ALAMEDA,OAKLAND,-122.26435089111328,37.811210632324219
8966203,2019,2019-11-04,0109,2019-06-28,2252,9721,1,5,5,7,0109,0,0,0,,0,020,"FRUITVALE AV","INTERNATIONAL BL",15.00,S,N,A,-,N,,,,,,,,,,N,2,0,1,2,A,-,08,22107,,M,G,B,D,A,H,-,C,A,0,Y,,,,Y,,A,07,1,0,0,0,1,0,0,0,0,"- ","- ",,,ALAMEDA,OAKLAND,-122.22585296630859,37.777572631835938
8966573,2019,2019-10-31,0109,2019-08-11,0524,9470,2,7,5,7,0109,0,0,0,,0,29X,"FOOTHILL BL","LERNE AV",0.00,,-,A,-,N,,,,,,,,,,N,3,0,1,1,A,-,11,21954,A,F,G,B,D,A,H,-,C,D,0,Y,,,,Y,Y,N,60,0,1,0,0,1,0,0,0,0,"- ","- ",,,ALAMEDA,OAKLAND,,
8966585,2019,2019-10-31,0109,2019-08-13,2030,8343,1,2,5,7,0109,0,0,0,,0,16Y,"ALAMEDA AV","MACARTHUR BL",0.00,,Y,A,-,N,,,,,,,,,,N,3,0,1,2,A,-,10,21950,A,N,G,B,B,A,H,-,C,A,0,Y,,,,Y,,A,01,0,1,0,0,1,0,0,0,0,"- ","- ",,,ALAMEDA,OAKLAND,,
8966589,2019,2019-10-31,0109,2019-08-16,1107,9197,1,5,5,7,0109,0,0,0,,0,20X,"29TH AV","E 7TH ST",20.00,N,N,A,-,N,,,,,,,,,,N,3,0,1,2,D,-,00,,,N,C,C,A,A,H,-,A,D,0,,,Y,,Y,,-,"- ",0,1,0,0,0,0,0,0,1,"- ","- ",,,ALAMEDA,OAKLAND,-122.23368835449219,37.774551391601562
8966626,2019,2019-11-01,0109,2019-09-11,0854,8658,1,3,5,7,0109,0,0,0,,0,03X,"10TH ST","FALLON ST",0.00,,Y,A,-,N,,,,,,,,,,N,3,0,1,2,A,-,09,21800,A,N,D,G,A,A,H,-,A,D,0,,,,,Y,,A,01,0,1,0,0,0,0,0,0,0,"- ","- ",,,ALAMEDA,OAKLAND,-122.26341247558594,37.7978515625
8966638,2019,2019-11-01,0109,2019-09-11,1429,8914,1,3,5,7,0109,0,0,0,,0,09X,BROADWAY,"43RD ST",80.00,N,N,A,-,N,,,,,,,,,,N,3,0,1,2,A,-,17,21209,,N,B,G,A,A,H,-,A,A,0,,Y,,,Y,,A,01,0,1,0,0,0,0,1,0,0,"- ","- ",,,ALAMEDA,OAKLAND,,
8970199,2019,2019-11-22,0103,2019-08-09,2135,19,,5,5,6,0103,0,0,0,,0,015,GILMAN,EASTSHORE,0.00,,Y,A,-,N,,,,,,,,,,Y,3,0,1,2,A,-,09,21801,A,N,B,C,A,A,H,-,C,D,0,,,,Y,Y,,A,01,0,1,0,0,0,0,0,0,0,"- ","- ",37.878089904785156,-122.30760955810547,ALAMEDA,BERKELEY,-122.30648040771484,37.878330230712891
8970337,2019,2019-11-07,0103,2019-08-15,0910,76,34,4,5,6,0103,0,0,0,,0,005,MCGEE,PARKER,0.00,,Y,A,-,N,,,,,,,,,,Y,3,0,2,2,A,-,09,21802,A,N,D,D,A,A,H,-,A,A,0,,,,,Y,,A,01,0,2,0,0,0,0,0,0,0,"- ","- ",,,ALAMEDA,BERKELEY,-122.27616119384766,37.861049652099609
8970341,2019,2019-11-07,0103,2019-08-14,0801,112,,3,5,6,0103,0,0,0,,0,002,EUCLID,CEDAR,0.00,,Y,A,-,N,,,,,,,,,,N,2,0,1,2,A,-,10,21950,A,N,G,B,B,A,H,-,A,A,0,Y,,,,Y,,A,01,1,0,0,0,1,0,0,0,0,"- ","- ",37.879470825195312,-122.26104736328125,ALAMEDA,BERKELEY,-122.26103973388672,37.879470825195312
8970345,2019,2019-11-07,0103,2019-08-13,1240,8,17,2,5,6,0103,0,0,0,,0,002,WALNUT,CEDAR,0.00,,Y,A,-,N,,,,,,,,,,N,3,0,1,2,A,-,03,22350,,N,C,G,A,A,H,-,A,A,0,,Y,,,Y,,A,07,0,1,0,0,0,0,1,0,0,"- ","- ",37.878559112548828,-122.26799774169922,ALAMEDA,BERKELEY,-122.26796722412109,37.878559112548828
8970349,2019,2019-11-07,0103,2019-08-05,1006,70,,1,5,6,0103,0,0,0,,0,004,OXFORD,"BERKELEY WY",125.00,S,N,A,-,N,,,,,,,,,,N,2,0,1,2,A,-,08,22107,,N,C,G,A,A,H,-,A,D,0,,Y,,,Y,,L,04,1,0,0,0,0,0,1,0,0,"- ","- ",37.870880126953125,-122.26587677001953,ALAMEDA,BERKELEY,-122.26622009277344,37.872997283935547
8970353,2019,2019-11-07,0103,2019-08-12,0844,32,,1,5,6,0103,0,0,0,,0,009,ALCATRAZ,ADELINE,0.00,,Y,A,-,N,,,,,,,,,,Y,3,0,1,2,A,-,09,21801,A,N,D,C,A,A,H,-,A,A,0,,,Y,,Y,,A,01,0,1,0,0,0,0,0,0,1,"- ","- ",37.848751068115234,-122.27144622802734,ALAMEDA,BERKELEY,-122.27153015136719,37.848728179931641
8970357,2019,2019-11-07,0103,2019-08-11,1128,2,24,7,5,6,0103,0,0,0,,0,004,UNIVERSITY,BONITA,0.00,,Y,A,-,N,,,,,,,,,,N,3,0,1,2,A,-,03,22350,,N,C,C,A,A,H,-,A,D,0,,,Y,,Y,,C,02,0,1,0,0,0,0,0,0,1,"- ","- ",37.871700286865234,-122.27187347412109,ALAMEDA,BERKELEY,-122.27189636230469,37.871749877929688
8970361,2019,2019-11-07,0103,2019-08-09,1750,28,,5,5,6,0103,0,0,0,,0,007,"PIEDMONT AV","DWIGHT WY",0.00,,Y,A,-,N,,,,,,,,,,N,3,0,1,2,A,-,03,22350,,N,C,C,A,A,H,-,A,A,0,,,,,Y,,A,01,0,1,0,0,0,0,0,0,0,"- ","- ",,,ALAMEDA,BERKELEY,-122.25160217285156,37.865871429443359
8970365,2019,2019-11-07,0103,2019-08-08,1441,144,,4,5,6,0103,0,0,0,,0,014,"ADDISON ST","7TH ST",0.00,,Y,A,-,N,,,,,,,,,,N,3,0,1,2,A,-,10,21950,A,F,G,B,B,A,H,-,A,A,0,Y,,,,Y,,A,01,0,1,0,0,1,0,0,0,0,"- ","- ",,,ALAMEDA,BERKELEY,-122.29621887207031,37.866909027099609
8970377,2019,2019-11-07,0103,2019-08-06,1813,78,,2,5,6,0103,0,0,0,,0,016,ACTON,CEDAR,0.00,,Y,A,-,N,,,,,,,,,,N,3,0,1,2,A,-,10,21950,A,N,G,B,B,A,H,-,B,D,0,Y,,,,Y,,A,01,0,1,0,0,1,0,0,0,0,"- ","- ",37.876380920410156,-122.28501129150391,ALAMEDA,BERKELEY,-122.28500366210938,37.876388549804688
8970381,2019,2019-11-07,0103,2019-08-03,1830,130,,6,5,6,0103,0,0,0,,0,014,"BOLIVAR DR","BOLIVAR DR 1",0.00,,-,F,-,N,,,,,,,,,,N,3,0,1,2,A,-,03,22350,,F,A,C,A,-,H,-,B,D,0,,Y,,,Y,,A,01,0,1,0,0,0,0,1,0,0,"- ","- ",37.864349365234375,-122.30361175537109,ALAMEDA,BERKELEY,,
8970385,2019,2019-11-22,0103,2019-08-05,0823,33,20,1,5,6,0103,0,0,0,,0,015,7TH,CAMELIA,0.00,,Y,B,-,N,,,,,,,,,,Y,3,0,1,2,A,-,09,21802,A,N,D,C,A,-,H,-,A,A,0,,,,,Y,,A,01,0,1,0,0,0,0,0,0,0,"- ","- ",37.877830505371094,-122.29972076416016,ALAMEDA,BERKELEY,-122.29971313476562,37.877838134765625
8970389,2019,2019-11-07,0103,2019-08-03,2014,86,,6,5,6,0103,0,0,0,,0,010,DERBY,"MARTIN LUTHER KING JR",0.00,,Y,A,-,N,,,,,,,,,,N,2,0,1,2,A,-,11,21456,B,N,G,B,B,A,H,-,A,A,0,Y,,,,Y,,N,60,1,0,0,0,1,0,0,0,0,"- ","- ",37.859771728515625,-122.27169799804688,ALAMEDA,BERKELEY,-122.27171325683594,37.8597412109375
8970393,2019,2019-11-07,0103,2019-08-03,1942,94,25,6,5,6,0103,0,0,0,,0,002,CEDAR,"LA VEREDA RD",30.00,W,N,A,-,N,,,,,,,,,,N,3,0,1,3,A,-,13,22515,,N,B,E,A,A,H,-,A,D,0,,,,,Y,,A,07,0,1,0,0,0,0,0,0,0,"- ","- ",37.879711151123047,-122.25718688964844,ALAMEDA,BERKELEY,-122.25681304931641,37.880001068115234
8970397,2019,2019-11-07,0103,2019-08-03,1800,67,,6,5,6,0103,0,0,0,,0,005,SHATTUCK,PARKER,0.00,,Y,A,-,N,,,,,,,,,,N,3,0,1,2,A,-,09,21802,A,N,D,C,A,A,H,-,A,A,0,,,Y,,Y,,A,01,0,1,0,0,0,0,0,0,1,"- ","- ",37.862751007080078,-122.2669677734375,ALAMEDA,BERKELEY,-122.2672119140625,37.862148284912109
8970409,2019,2019-11-06,0109,2019-07-25,1940,9790,1,4,5,7,0109,0,0,0,,0,19X,"LAKESHORE AV","1ST ST",540.00,W,N,A,-,N,,,,,,,,,,N,3,0,1,2,A,-,21,22106,,N,C,G,A,A,H,-,A,D,0,,Y,,,Y,,A,01,0,1,0,0,0,0,1,0,0,"- ","- ",,,ALAMEDA,OAKLAND,-122.25753784179688,37.799713134765625
8970425,2019,2019-11-06,0109,2019-07-25,1858,9748,1,4,5,7,0109,0,0,0,,0,07X,"WOOD ST","26TH ST",20.00,S,N,A,-,N,,,,,,,,,,N,2,0,1,1,A,-,03,22350,,N,H,A,A,A,A,-,A,A,0,,,Y,,Y,,C,02,1,0,0,0,0,0,0,0,1,"- ","- ",,,ALAMEDA,OAKLAND,-122.29117584228516,37.821613311767578
8970437,2019,2019-11-06,0109,2019-07-20,1357,9786,1,6,5,7,0109,0,0,0,,0,30X,"73RD AV","BANCROFT AV",0.00,,Y,A,-,N,,,,,,,,,,N,3,0,1,2,A,-,12,21453,A,N,A,C,A,A,H,-,A,A,0,,,,,Y,,A,01,0,1,0,0,0,0,0,0,0,"- ","- ",,,ALAMEDA,OAKLAND,-122.17720794677734,37.765819549560547
8970441,2019,2019-11-06,0109,2019-07-20,1411,9471,2,6,5,7,0109,0,0,0,,0,32X,"INTERNATIONAL BL","98TH AV",0.00,,Y,A,-,N,,,,,,,,,,N,3,0,1,2,A,-,03,22350,,M,C,G,A,A,D,-,A,A,0,,Y,,,Y,,A,01,0,1,0,0,0,0,1,0,0,"- ","- ",,,ALAMEDA,OAKLAND,-122.17057800292969,37.744331359863281
8970881,2019,2019-11-12,0103,2019-08-02,1450,13,,5,5,6,0103,0,0,0,,0,009,"SACRAMENTO ST","JULIA ST",0.00,,Y,A,-,N,,,13,,,,,,,N,3,0,1,2,A,-,04,21703,,N,C,C,A,A,H,-,A,A,0,,,,,Y,,A,01,0,1,0,0,0,0,0,0,0,"- ","- ",37.853279113769531,-122.27900695800781,ALAMEDA,BERKELEY,-122.27901458740234,37.853305816650391
8970977,2019,2019-11-12,0109,2019-08-14,1803,8769,1,3,5,7,0109,0,0,0,,0,14X,"ADAMS ST","MACARTHUR BL",0.00,,Y,A,-,N,,,,,,,,,,N,3,0,1,2,A,-,10,21950,A,N,G,B,B,A,H,-,A,A,0,Y,,,,Y,,A,01,0,1,0,0,1,0,0,0,0,"- ","- ",,,ALAMEDA,OAKLAND,-122.2523193359375,37.816188812255859
8971001,2019,2019-11-20,0109,2019-08-01,1309,9762,2,4,5,7,0109,0,0,0,,0,26Y,"78TH AV","INTERNATIONAL BL",0.00,,Y,A,-,N,,,,,,,,,,N,2,0,2,2,A,-,12,21453,A,N,A,C,A,A,H,-,A,A,0,,,,,Y,,-,"- ",1,0,1,0,0,0,0,0,0,"- ","- ",,,ALAMEDA,OAKLAND,-122.18357086181641,37.757518768310547
8971005,2019,2019-11-12,0109,2019-08-18,1037,9618,2,7,5,7,0109,0,0,0,,0,25Y,"SURREY LN","KELLER AV",2640.00,W,N,A,-,N,,,,,,,,,,N,3,0,1,2,A,-,08,22107,,N,B,E,A,A,H,-,A,D,0,,,,,Y,,A,01,0,1,0,0,0,0,0,0,0,"- ","- ",,,ALAMEDA,OAKLAND,-122.1387939453125,37.776950836181641
8971017,2019,2019-11-12,0109,2019-08-16,1822,9674,1,5,5,7,0109,0,0,0,,0,19X,"22ND AV","15TH ST",0.00,,Y,A,-,N,,,,,,,,,,N,2,0,3,2,A,-,09,21802,A,F,D,C,A,A,H,-,A,A,0,,,,,Y,,A,07,1,0,2,0,0,0,0,0,0,"- ","- ",,,ALAMEDA,OAKLAND,-122.23709869384766,37.785400390625
8971021,2019,2019-11-12,0109,2019-08-11,2243,9799,2,7,5,7,0109,0,0,0,,0,29X,"FOOTHILL BL","SEMINARY AV",0.00,,Y,A,-,N,,,,,,,,,,N,3,0,2,2,A,-,12,21453,A,M,D,C,A,A,H,-,C,A,0,,,,,Y,,A,01,0,2,0,0,0,0,0,0,0,"- ","- ",,,ALAMEDA,OAKLAND,-122.19039154052734,37.771541595458984
8971052,2019,2019-11-12,0103,2019-08-30,0756,26,,5,5,6,0103,0,0,0,,0,012,"SACRAMENTO ST","BLAKE ST",40.00,S,N,A,-,N,,,,,,,,,,Y,3,0,1,4,A,-,08,22107,,N,C,E,A,A,H,-,A,A,0,,,,,Y,,A,01,0,1,0,0,0,0,0,0,0,"- ","- ",37.861339569091797,-122.28074645996094,ALAMEDA,BERKELEY,-122.28080749511719,37.861228942871094
8971056,2019,2019-11-12,0103,2019-08-29,1710,122,,4,5,6,0103,0,0,0,,0,001,"ROSE ST","SHATTUCK PL",0.00,,Y,A,-,N,,,,,,,,,,Y,3,0,1,4,A,-,12,21453,A,N,D,C,A,A,H,-,A,A,0,,,,,Y,,A,01,0,1,0,0,0,0,0,0,0,"- ","- ",37.882198333740234,-122.27037811279297,ALAMEDA,BERKELEY,-122.2705078125,37.881919860839844
8971060,2019,2019-11-12,0103,2019-08-28,0830,152,,3,5,6,0103,0,0,0,,0,008,"OREGON ST","FULTON ST",0.00,,Y,A,-,N,,,,,,,,,,N,2,0,1,2,A,-,10,21950,A,N,G,B,B,A,H,-,A,D,0,Y,,,,Y,,A,01,1,0,0,0,1,0,0,0,0,"- ","- ",37.858001708984375,-122.26390075683594,ALAMEDA,BERKELEY,-122.26393127441406,37.858001708984375
8971064,2019,2019-11-12,0103,2019-08-27,1224,85,,2,5,6,0103,0,0,0,,0,015,"GILMAN AV","2ND ST",81.00,E,N,A,-,N,,,,,,,,,,N,3,0,1,2,A,-,03,22350,,N,D,G,A,A,H,-,A,D,0,,Y,,,Y,,L,04,0,1,0,0,0,0,1,0,0,"- ","- ",37.879280090332031,-122.30417633056641,ALAMEDA,BERKELEY,-122.30549621582031,37.878524780273438