CASE_ID,ACCIDENT_YEAR,PROC_DATE,JURIS,COLLISION_DATE,COLLISION_TIME,OFFICER_ID,REPORTING_DISTRICT,DAY_OF_WEEK,CHP_SHIFT,POPULATION,CNTY_CITY_LOC,SPECIAL_COND,BEAT_TYPE,CHP_BEAT_TYPE,CITY_DIVISION_LAPD,CHP_BEAT_CLASS,BEAT_NUMBER,PRIMARY_RD,SECONDARY_RD,DISTANCE,DIRECTION,INTERSECTION,WEATHER_1,WEATHER_2,STATE_HWY_IND,CALTRANS_COUNTY,CALTRANS_DISTRICT,STATE_ROUTE,ROUTE_SUFFIX,POSTMILE_PREFIX,POSTMILE,LOCATION_TYPE,RAMP_INTERSECTION,SIDE_OF_HWY,TOW_AWAY,COLLISION_SEVERITY,NUMBER_KILLED,NUMBER_INJURED,PARTY_COUNT,PRIMARY_COLL_FACTOR,PCF_CODE_OF_VIOL,PCF_VIOL_CATEGORY,PCF_VIOLATION,PCF_VIOL_SUBSECTION,HIT_AND_RUN,TYPE_OF_COLLISION,MVIW,PED_ACTION,ROAD_SURFACE,ROAD_COND_1,ROAD_COND_2,LIGHTING,CONTROL_DEVICE,CHP_ROAD_TYPE,PEDESTRIAN_ACCIDENT,BICYCLE_ACCIDENT,MOTORCYCLE_ACCIDENT,TRUCK_ACCIDENT,NOT_PRIVATE_PROPERTY,ALCOHOL_INVOLVED,STWD_VEHTYPE_AT_FAULT,CHP_VEHTYPE_AT_FAULT,COUNT_SEVERE_INJ,COUNT_VISIBLE_INJ,COUNT_COMPLAINT_PAIN,COUNT_PED_KILLED,COUNT_PED_INJURED,COUNT_BICYCLIST_KILLED,COUNT_BICYCLIST_INJURED,COUNT_MC_KILLED,COUNT_MC_INJURED,PRIMARY_RAMP,SECONDARY_RAMP,LATITUDE,LONGITUDE,COUNTY,CITY,POINT_X,POINT_Y
8975348,2019,2020-06-04,0103,2019-09-19,0921,152,,4,5,6,0103,0,0,0,,0,008,"RT 13","WHEELER ST",0.00,,Y,A,-,Y,ALA,4,13,-,-,11.910,I,5,S,Y,3,0,1,2,A,-,09,21802,B,N,D,C,A,A,H,-,A,D,0,,,,,Y,,A,01,0,1,0,0,0,0,0,0,0,"- ","- ",37.855548858642578,-122.26450347900391,ALAMEDA,BERKELEY,-122.26456451416016,37.855510711669922
8976839,2019,2019-11-23,0109,2019-07-29,1805,9554,1,1,5,7,0109,0,0,0,,0,16X,"LEIMERT BL","PARK BL",0.00,,Y,A,-,N,,,,,,,,,,N,3,0,1,2,A,-,09,21801,A,N,B,G,A,A,H,-,A,A,0,,Y,,,Y,,D,22,0,1,0,0,0,0,1,0,0,"- ","- ",,,ALAMEDA,OAKLAND,-122.21468353271484,37.812698364257812
8977123,2019,2019-12-09,0109,2019-08-30,1719,9094,1,5,5,7,0109,0,0,0,,0,012,"51ST ST","LAWTON AV",0.00,,Y,A,-,N,,,,,,,,,,N,3,0,2,4,A,-,09,21802,A,N,D,C,A,A,H,-,A,D,0,,,,,Y,,A,08,0,2,0,0,0,0,0,0,0,"- ","- ",,,ALAMEDA,OAKLAND,-122.25653076171875,37.836231231689453
8977151,2019,2019-11-25,0109,2019-08-31,0725,9786,2,6,5,7,0109,0,0,0,,0,027,"50TH AV","MELROSE AV",0.00,,Y,A,-,N,,,,,,,,,,N,3,0,2,2,A,-,12,22450,A,N,D,C,A,A,A,-,B,D,0,,,,,Y,,A,01,0,2,0,0,0,0,0,0,0,"- ","- ",,,ALAMEDA,OAKLAND,-122.20527648925781,37.774120330810547
8977288,2019,2019-11-15,0109,2019-08-28,1033,9466,2,3,5,7,0109,0,0,0,,0,31X,"COLISEUM WY","HEGENBERGER RD",2640.00,W,N,A,-,N,,,,,,,,,,N,2,0,3,2,A,-,09,21802,A,N,D,C,A,A,H,-,A,D,0,,,,,Y,,A,01,3,0,0,0,0,0,0,0,0,"- ","- ",,,ALAMEDA,OAKLAND,-122.20316314697266,37.748966217041016
8977308,2019,2019-11-15,0109,2019-08-01,2215,8919,1,4,5,7,0109,0,0,0,,0,05X,"14TH ST","ADELINE ST",0.00,,Y,A,-,N,,,,,,,,,,N,2,0,1,2,A,-,12,21453,A,F,G,B,A,A,H,-,C,A,0,,,Y,,Y,,A,01,1,0,0,0,0,0,0,0,1,"- ","- ",,,ALAMEDA,OAKLAND,-122.28616333007812,37.809501647949219
8977316,2019,2019-11-15,0109,2019-08-12,1814,9736,1,1,5,7,0109,0,0,0,,0,06X,"MARTIN LUTHER KING JR WY","29TH ST",0.00,,Y,A,-,N,,,,,,,,,,N,2,0,1,2,A,-,09,21801,A,N,B,C,A,A,H,-,A,A,0,,,Y,,Y,,A,01,1,0,0,0,0,0,0,0,1,"- ","- ",,,ALAMEDA,OAKLAND,-122.27118682861328,37.818729400634766
8977324,2019,2019-11-15,0109,2019-08-19,1808,9533,1,1,5,7,0109,0,0,0,,0,03Y,"5TH ST","CASTRO ST",0.00,,Y,A,-,N,,,,,,,,,,N,3,0,3,3,A,-,09,21802,A,N,D,C,A,A,H,-,A,A,0,,,,,Y,,A,01,0,1,2,0,0,0,0,0,0,"- ","- ",,,ALAMEDA,OAKLAND,-122.28102111816406,37.800468444824219
8977387,2019,2019-11-15,0103,2019-08-06,0924,85,,2,5,6,0103,0,0,0,,0,014,JONES,"6TH ST",74.00,E,N,B,-,N,,,,,,,,,,N,3,0,1,2,A,-,08,22107,,N,B,G,A,A,H,-,A,D,0,,Y,,,Y,,A,01,0,1,0,0,0,0,1,0,0,"- ","- ",37.875118255615234,-122.29959869384766,ALAMEDA,BERKELEY,-122.29977416992188,37.875308990478516
8979281,2019,2019-12-13,0109,2019-09-01,2212,8444,2,7,5,7,0109,0,0,0,,0,2212,"35TH AV","MACARTHUR BL",60.00,N,N,A,-,N,,,,,,,,,,Y,3,0,2,3,A,-,01,23152,F,N,C,E,A,A,H,-,C,A,0,,,,,Y,,A,01,0,1,1,0,0,0,0,0,0,"- ","- ",,,ALAMEDA,OAKLAND,-122.20053100585938,37.793907165527344
8979331,2019,2019-12-18,0109,2019-08-30,1647,8811,1,5,5,7,0109,0,0,0,,0,22X,"MONTANA ST","COOLIDGE AV",25.00,E,N,A,-,N,,,,,,,,,,N,2,0,3,2,A,-,03,22350,,N,C,C,A,A,H,-,A,A,0,,,,,Y,,A,01,1,1,1,0,0,0,0,0,0,"- ","- ",,,ALAMEDA,OAKLAND,-122.210205078125,37.796955108642578
8980677,2019,2019-11-25,0109,2019-05-31,1218,9404,1,5,5,7,0109,0,0,0,,0,19X,"E 12TH ST","17TH AV",135.00,W,N,A,-,N,,,,,,,,,,Y,3,0,3,2,A,-,08,22107,,N,B,C,A,A,H,-,A,D,0,,,,,Y,,A,01,0,1,2,0,0,0,0,0,0,"- ","- ",,,ALAMEDA,OAKLAND,-122.2442626953125,37.787105560302734
8980754,2019,2019-12-04,0109,2019-03-24,1853,9658,1,7,5,7,0109,0,0,0,,0,04X,"TELEGRAPH AV","17TH ST",0.00,,Y,A,-,N,,,,,,,,,,N,3,0,1,1,A,-,03,22350,,N,E,I,A,A,H,-,A,A,0,,,Y,,Y,,C,03,0,1,0,0,0,0,0,0,1,"- ","- ",,,ALAMEDA,OAKLAND,-122.27027130126953,37.806808471679688
8980852,2019,2019-12-21,0109,2019-10-17,1513,9142,1,4,5,7,0109,0,0,0,,0,19X,"5TH AV","E 12TH ST",0.00,,Y,A,-,N,,,,,,,,,,Y,3,0,1,3,A,-,12,21453,A,N,D,C,A,A,H,-,A,A,0,,,,,Y,,A,01,0,1,0,0,0,0,0,0,0,"- ","- ",,,ALAMEDA,OAKLAND,-122.25479125976562,37.795059204101562
8980960,2019,2019-12-02,0109,2019-09-09,0825,9754,1,1,5,7,0109,0,0,0,,0,21X,"FRUITVALE AV","GALINDO ST",40.00,N,N,A,-,N,,,,,,,,,,N,3,0,1,2,A,-,08,22107,,N,G,G,A,A,H,-,A,A,0,,Y,,,Y,,L,04,0,1,0,0,0,0,1,0,0,"- ","- ",,,ALAMEDA,OAKLAND,-122.22148132324219,37.786933898925781
8982356,2019,2019-12-20,0109,2019-10-04,1944,9325,2,5,5,7,0109,0,0,0,,0,26X,"OAKPORT ST","LESSER ST",1056.00,E,N,A,-,N,,,,,,,,,,Y,2,0,1,3,A,-,09,21801,A,N,A,C,A,A,H,-,D,D,0,,,Y,,Y,,A,01,1,0,0,0,0,0,0,0,1,"- ","- ",,,ALAMEDA,OAKLAND,-122.2159423828125,37.762443542480469
8983609,2019,2019-12-05,0109,2019-09-14,0905,9716,1,6,5,7,0109,0,0,0,,0,10X,"MARKET ST","STANFORD AV",0.00,,Y,A,-,N,,,,,,,,,,N,2,0,1,2,A,-,12,21453,A,N,H,G,A,A,H,-,A,A,0,,Y,,,Y,,L,04,1,0,0,0,0,0,1,0,0,"- ","- ",,,ALAMEDA,OAKLAND,-122.27529144287109,37.844348907470703
8983629,2019,2019-12-05,0109,2019-09-28,1550,8198,1,6,5,7,0109,0,0,0,,0,11X,"MARTIN LUTHER KING JR WY","55TH ST",0.00,,Y,A,-,N,,,,,,,,,,Y,3,0,1,2,A,-,09,21453,C,N,D,C,A,A,H,-,A,A,0,,,,,Y,,A,01,0,1,0,0,0,0,0,0,0,"- ","- ",,,ALAMEDA,OAKLAND,-122.26982879638672,37.839759826660156
8983848,2019,2019-12-02,0109,2019-07-27,1750,9481,2,6,5,7,0109,0,0,0,,0,14X,"GRAND AV","EL EMBARCADERO",0.00,,Y,A,-,N,,,,,,,,,,N,2,0,1,2,A,-,10,21950,A,N,A,B,B,A,H,-,A,A,0,Y,,,,Y,,A,01,1,0,0,0,1,0,0,0,0,"- ","- ",,,ALAMEDA,OAKLAND,-122.24967193603516,37.809329986572266
8986087,2019,2019-11-23,0109,2019-07-22,0016,9661,1,1,5,7,0109,0,0,0,,0,06X,"SAN PABLO AV","34TH ST",0.00,,Y,A,-,N,,,,,,,,,,N,3,0,1,2,A,-,10,21950,A,F,G,B,B,A,H,-,C,D,0,Y,,,,Y,Y,A,07,0,1,0,0,1,0,0,0,0,"- ","- ",,,ALAMEDA,OAKLAND,-122.27803802490234,37.825149536132812
8986138,2019,2019-11-23,0109,2019-05-17,1736,9793,1,5,5,7,0109,0,0,0,,0,21Y,"COOLIDGE AV","23RD ST",0.00,,Y,A,-,N,,,,,,,,,,N,3,0,1,2,A,-,06,21751,,F,C,G,A,A,H,-,A,A,0,,Y,,,Y,,-,99,0,1,0,0,0,0,1,0,0,"- ","- ",,,ALAMEDA,OAKLAND,-122.22028350830078,37.784568786621094
8986142,2019,2019-11-23,0109,2019-06-13,1417,9783,1,4,5,7,0109,0,0,0,,0,22Y,"MACARTHUR BL","MIDVALE AV",40.00,E,N,A,-,N,,,,,,,,,,N,3,0,1,2,A,-,03,22350,,M,B,C,A,A,H,-,A,A,0,,,,,Y,,A,01,0,1,0,0,0,0,0,0,0,"- ","- ",,,ALAMEDA,OAKLAND,-122.20112609863281,37.794288635253906
8986158,2019,2019-11-23,0109,2019-07-14,1757,9533,1,7,5,7,0109,0,0,0,,0,01X,"3RD ST","MARTIN LUTHER KING JR WY",0.00,,Y,A,-,N,,,,,,,,,,N,3,0,1,2,A,-,12,22450,A,N,B,C,A,A,H,-,A,A,0,,,Y,,Y,,C,03,0,1,0,0,0,0,0,0,1,"- ","- ",,,ALAMEDA,OAKLAND,-122.28069305419922,37.798599243164062
8988858,2019,2019-12-27,0109,2019-10-22,1140,8881,1,2,5,7,0109,0,0,0,,0,005,"13TH ST","WEBSTER ST",0.00,,Y,A,-,N,,,,,,,,,,N,3,0,2,2,A,-,12,21453,A,N,D,C,A,A,H,-,A,A,0,,,,Y,Y,,F,26,0,1,1,0,0,0,0,0,0,"- ","- ",,,ALAMEDA,OAKLAND,-122.26921844482422,37.802688598632812
8988874,2019,2019-12-27,0109,2019-10-05,0759,9716,1,6,5,7,0109,0,0,0,,0,010,"55TH ST","MARTIN LUTHER KING JR WY",0.00,,Y,A,-,N,,,,,,,,,,N,3,0,1,2,A,-,12,21453,A,N,D,C,A,A,H,-,A,A,0,,,,Y,Y,,F,26,0,1,0,0,0,0,0,0,0,"- ","- ",,,ALAMEDA,OAKLAND,-122.26982879638672,37.839759826660156
8990058,2019,2019-12-04,0109,2019-06-05,2355,9815,1,3,5,7,0109,0,0,0,,0,13Y,"GRIZZLY PEAK BL","FISH RANCH RD",0.00,,Y,A,-,N,,,,,,,,,,N,3,0,4,1,A,-,03,22350,,N,F,J,A,A,H,-,D,D,0,,,,,Y,,A,01,0,1,3,0,0,0,0,0,0,"- ","- ",,,ALAMEDA,OAKLAND,-122.21786,37.868369999999999
8990065,2019,2019-12-03,0109,2019-06-17,1036,9165,2,1,5,7,0109,0,0,0,,0,23X,"34TH AV","34TH AV 1500",0.00,,Y,A,-,N,,,,,,,,,,N,2,0,1,2,D,-,00,,,N,G,B,E,A,H,-,A,D,0,Y,,,,Y,Y,-,"- ",1,0,0,0,1,0,0,0,0,"- ","- ",,,ALAMEDA,OAKLAND,-122.22304099999999,37.778253999999997
8991705,2019,2019-12-06,0109,2019-05-17,1820,8444,1,5,5,7,0109,0,0,0,,0,06X,"MACARTHUR BL","MARTIN LUTHER KING BL",0.00,,Y,A,-,N,,,,,,,,,,Y,2,0,2,2,A,-,03,22350,,N,D,C,A,A,H,-,A,A,0,,,,,Y,,A,01,1,0,1,0,0,0,0,0,0,"- ","- ",,,ALAMEDA,OAKLAND,-122.26908111572266,37.827190399169922
8991733,2019,2019-12-11,0109,2019-06-30,1448,9227,2,7,5,7,0109,0,0,0,,0,35Y,"GRASS VALLEY RD","SUN VALLEY DR",0.00,,Y,A,-,N,,,,,,,,,,N,3,0,1,2,A,-,09,21802,A,N,A,C,A,A,H,-,A,D,0,,,Y,,Y,,A,08,0,1,0,0,0,0,0,0,1,"- ","- ",,,ALAMEDA,OAKLAND,-122.11946868896484,37.753139495849609
8991734,2019,2019-12-06,0109,2019-08-29,1110,9192,1,4,5,7,0109,0,0,0,,0,17X,"BEAUMONT AV","MACARTHUR BL",0.00,,Y,A,-,N,,,,,,,,,,N,3,0,1,2,A,-,12,21453,A,N,D,C,A,A,H,-,A,A,0,,,,,Y,,A,01,0,1,0,0,0,0,0,0,0,"- ","- ",,,ALAMEDA,OAKLAND,-122.22895050048828,37.800529479980469
8991746,2019,2019-12-04,0109,2019-09-11,1715,9220,1,3,5,7,0109,0,0,0,,0,02X,"3RD ST","ADELINE ST",0.00,,Y,A,-,N,,,,,,,,,,N,3,0,1,2,A,-,10,21950,A,M,G,B,B,A,H,-,A,A,0,Y,,,,Y,,A,01,0,1,0,0,1,0,0,0,0,"- ","- ",,,ALAMEDA,OAKLAND,-122.28925323486328,37.801101684570312
8991807,2019,2019-12-23,0109,2019-10-01,0729,8881,1,2,5,7,0109,0,0,0,,0,19X,"FOOTHILL BL","14TH AV",0.00,,Y,A,-,N,,,,,,,,,,N,3,0,1,2,A,-,08,22107,,N,B,G,A,A,H,-,A,A,0,,Y,,,Y,Y,D,22,0,1,0,0,0,0,1,0,0,"- ","- ",,,ALAMEDA,OAKLAND,-122.24411773681641,37.790950775146484
8992013,2019,2019-12-12,0109,2019-09-25,1500,9372,1,3,5,7,0109,0,0,0,,0,03X,"12TH ST",BROADWAY,0.00,,Y,A,-,N,,,,,,,,,,N,3,0,1,2,A,-,12,21453,A,N,A,C,A,A,H,-,A,A,0,,,,,Y,,-,"- ",0,1,0,0,0,0,0,0,0,"- ","- ",,,ALAMEDA,OAKLAND,-122.27204132080078,37.802928924560547
8993277,2019,2019-12-13,0109,2019-09-05,1744,8959,1,4,5,7,0109,0,0,0,,0,21X,"COOLIDGE AV","SCHOOL ST",0.00,,Y,A,-,N,,,,,,,,,,N,3,0,2,3,A,-,10,21950,A,M,G,B,B,A,H,-,A,A,0,Y,,,,Y,,A,01,0,1,1,0,2,0,0,0,0,"- ","- ",,,ALAMEDA,OAKLAND,-122.21251678466797,37.794731140136719
8993298,2019,2019-12-12,0109,2019-09-05,2210,9812,1,4,5,7,0109,0,0,0,,0,04X,"HARRISON ST","LAKESIDE DR",0.00,,Y,A,-,N,,,,,,,,,,N,3,0,1,1,C,-,18,,,N,E,I,A,A,H,-,C,D,0,,,,,Y,,-,"- ",0,1,0,0,0,0,0,0,0,"- ","- ",,,ALAMEDA,OAKLAND,-122.26332855224609,37.808338165283203
8993346,2019,2019-12-12,0109,2019-09-12,0633,9762,2,4,5,7,0109,0,0,0,,0,23X,"35TH AV","FOOTHILL BL",0.00,,Y,A,-,N,,,,,,,,,,N,3,0,2,2,A,-,09,21801,A,N,A,C,A,A,H,-,B,A,0,,,,,Y,,A,01,0,1,1,0,0,0,0,0,0,"- ","- ",,,ALAMEDA,OAKLAND,-122.2191162109375,37.782188415527344
8993354,2019,2019-12-12,0109,2019-09-13,1211,8658,1,5,5,7,0109,0,0,0,,0,19X,"E 12TH ST","6TH AV",148.00,E,N,A,-,N,,,,,,,,,,Y,2,0,1,1,C,-,18,,,N,E,I,A,A,H,-,A,D,0,,,,,Y,,-,"- ",1,0,0,0,0,0,0,0,0,"- ","- ",,,ALAMEDA,OAKLAND,-122.25362396240234,37.794025421142578
8993400,2019,2019-12-11,0109,2019-10-01,1531,9128,1,2,5,7,0109,0,0,0,,0,07X,"27TH ST","SAN PABLO AV",0.00,,Y,A,-,N,,,,,,,,,,Y,3,0,2,2,A,-,09,21800,A,N,A,C,A,A,H,-,A,A,0,,,,,Y,,A,01,0,2,0,0,0,0,0,0,0,"- ","- ",,,ALAMEDA,OAKLAND,-122.27568817138672,37.817878723144531
8996080,2019,2020-01-08,0109,2019-11-01,1451,9567,1,5,5,7,0109,0,0,0,,0,03X,"8TH ST","WASHINGTON ST",5.00,W,N,A,-,N,,,,,,,,,,N,3,0,1,2,A,-,21,22106,,N,H,G,A,A,H,-,A,D,0,,Y,,,Y,,A,01,0,1,0,0,0,0,1,0,0,"- ","- ",,,ALAMEDA,OAKLAND,-122.27501678466797,37.800674438476562
8996136,2019,2020-01-08,0109,2019-10-04,2127,8959,1,5,5,7,0109,0,0,0,,0,20X,"INTERNATIONAL BL","23RD AV",18.00,E,N,A,-,N,,,,,,,,,,N,3,0,1,2,A,-,12,21453,A,M,D,C,A,A,H,-,C,A,0,,,,,Y,,A,07,0,1,0,0,0,0,0,0,0,"- ","- ",,,ALAMEDA,OAKLAND,-122.23589324951172,37.783390045166016
8996140,2019,2020-06-30,0109,2019-10-05,1137,9716,1,6,5,7,0109,0,0,0,,0,13Y,"CALDECOTT AV","RT 24",50.00,S,N,A,-,Y,ALA,4,24,-,R,5.682,R,4,W,N,3,0,2,3,A,-,03,22350,,N,E,E,A,A,H,-,A,D,0,,,,,Y,,A,01,0,1,1,0,0,0,0,0,0,"- ","- ",,,ALAMEDA,OAKLAND,-122.22153472900391,37.853649139404297
8996160,2019,2020-01-08,0109,2019-10-03,1318,9788,1,4,5,7,0109,0,0,0,,0,05X,"W GRAND AV","FILBERT ST",30.00,W,N,A,-,N,,,,,,,,,,Y,2,0,1,1,A,-,08,22107,,N,A,I,A,A,H,-,A,D,0,,,,,Y,,A,01,1,0,0,0,0,0,0,0,0,"- ","- ",,,ALAMEDA,OAKLAND,-122.28089141845703,37.814830780029297
9001089,2019,2020-01-09,0109,2019-08-19,1935,9658,1,1,5,7,0109,0,0,0,,0,06X,"MARTIN LUTHER KING JR WY","37TH ST",0.00,,Y,A,-,N,,,,,,,,,,N,2,0,2,5,A,-,01,23153,A,N,D,C,A,A,H,-,B,A,0,,,,Y,Y,Y,A,01,1,1,0,0,0,0,0,0,0,"- ","- ",,,ALAMEDA,OAKLAND,-122.269287109375,37.826290130615234
9001388,2019,2020-06-24,0103,2019-10-10,1047,110,,4,5,6,0103,0,0,0,,0,014,"SAN PABLO","HEARST AV",35.00,S,N,A,-,Y,ALA,4,123,-,-,3.220,H,-,S,N,3,0,1,2,A,-,09,21804,A,N,B,C,A,A,H,-,-,D,0,,,,Y,Y,,A,01,0,1,0,0,0,0,0,0,0,"- ","- ",37.870418548583984,-122.29254913330078,ALAMEDA,BERKELEY,-122.29254150390625,37.870048522949219
9001404,2019,2020-01-31,0103,2019-10-18,0830,129,,5,5,6,0103,0,0,0,,0,001,"THE ALAMEDA","EL DORADO AV",214.00,S,N,A,-,N,,,,,,,,,,N,3,0,1,2,D,-,00,,,N,D,G,A,A,-,-,-,D,0,,Y,,,Y,,-,"- ",0,1,0,0,0,0,1,0,0,"- ","- ",37.886360168457031,-122.27619934082031,ALAMEDA,BERKELEY,-122.27580261230469,37.886440277099609
9001689,2019,2019-12-18,0109,2019-09-23,1107,9353,1,1,5,7,0109,0,0,0,,0,20X,"FRUITVALE AV","FARNAM ST",0.00,,Y,A,-,N,,,,,,,,,,N,3,0,1,2,A,-,10,21950,A,N,A,B,B,A,H,-,A,D,0,Y,,,,Y,,A,01,0,1,0,0,1,0,0,0,0,"- ","- ",,,ALAMEDA,OAKLAND,-122.22556304931641,37.778148651123047
9001697,2019,2019-12-18,0109,2019-09-26,0612,9856,1,4,5,7,0109,0,0,0,,0,04X,"17TH ST","CASTRO ST",0.00,,Y,A,-,N,,,,,,,,,,Y,2,0,1,3,A,-,12,21453,A,N,D,C,A,A,H,-,B,A,0,,,,,Y,,A,07,1,0,0,0,0,0,0,0,0,"- ","- ",,,ALAMEDA,OAKLAND,-122.27596282958984,37.808650970458984
9001729,2019,2019-12-18,0109,2019-09-27,2257,9563,2,5,5,7,0109,0,0,0,,0,31X,"85TH AV","SAN LEANDRO ST",50.00,S,N,B,-,N,,,,,,,,,,N,3,0,1,1,A,-,08,22107,,N,B,J,A,A,H,-,D,D,0,,,,,Y,,A,01,0,1,0,0,0,0,0,0,0,"- ","- ",,,ALAMEDA,OAKLAND,-122.189208984375,37.746910095214844
9001763,2019,2019-12-21,0103,2019-10-31,1818,15,,4,5,6,0103,0,0,0,,0,003,UNIVERSITY,"MILVIA ST",0.00,,Y,A,-,N,,,,,,,,,,Y,3,0,1,3,A,-,08,22107,,F,C,C,A,A,H,-,C,D,0,,,Y,,Y,,A,01,0,1,0,0,0,0,0,0,1,"- ","- ",37.872150421142578,-122.26840972900391,ALAMEDA,BERKELEY,-122.27075958251953,37.871898651123047
9001767,2019,2019-12-21,0103,2019-10-31,1655,15,,4,5,6,0103,0,0,0,,0,003,HEARST,WALNUT,0.00,,Y,A,-,N,,,,,,,,,,N,2,0,1,1,A,-,03,22350,,N,H,A,A,A,H,-,A,D,0,,,Y,,Y,,C,03,1,0,0,0,0,0,0,0,1,"- ","- ",37.874008178710938,-122.26748657226562,ALAMEDA,BERKELEY,-122.26750183105469,37.873989105224609
9001771,2019,2019-12-21,0103,2019-10-31,1503,124,,4,5,6,0103,0,0,0,,0,014,UNIVERSITY,7TH,0.00,,Y,A,-,N,,,,,,,,,,Y,3,0,1,3,A,-,03,22350,,F,H,C,A,A,H,-,A,D,0,,,,,Y,,A,01,0,1,0,0,0,0,0,0,0,"- ","- ",37.868198394775391,-122.29662322998047,ALAMEDA,BERKELEY,-122.29663848876953,37.868259429931641
9001772,2019,2019-12-19,0103,2019-10-17,2015,14,,4,5,6,0103,0,0,0,,0,005,"MARTIN LUTHER KING JR WY","DWIGHT WY",0.00,,Y,A,-,N,,,,,,,,,,Y,3,0,3,2,A,-,08,22107,,N,A,C,A,A,H,-,C,A,0,,,,,Y,Y,A,01,0,3,0,0,0,0,0,0,0,"- ","- ",37.863349914550781,-122.27210998535156,ALAMEDA,BERKELEY,-122.27207946777344,37.863361358642578
9001775,2019,2019-12-21,0103,2019-10-30,2101,81,,3,5,6,0103,0,0,0,,0,003,HEARST,SHATTUCK,0.00,,Y,A,-,N,,,,,,,,,,N,3,0,1,2,A,-,08,22107,,N,D,G,A,A,H,-,C,A,0,,Y,,,Y,,A,01,0,1,0,0,0,0,1,0,0,"- ","- ",,,ALAMEDA,BERKELEY,-122.26860046386719,37.87384033203125
9001776,2019,2019-12-19,0103,2019-10-17,1830,49,,4,5,6,0103,0,0,0,,0,002,"HEARST AV","EUCLID AV",0.00,,Y,A,-,N,,,,,,,,,,N,3,0,1,2,A,-,08,22107,,N,B,G,A,A,H,-,B,A,0,,Y,,,Y,,A,01,0,1,0,0,0,0,1,0,0,"- ","- ",37.875080108642578,-122.26013946533203,ALAMEDA,BERKELEY,-122.26013946533203,37.875091552734375
9001779,2019,2019-12-21,0103,2019-10-30,1754,5,,3,5,6,0103,0,0,0,,0,006,BENVENUE,PARKER,0.00,,Y,A,-,N,,,,,,,,,,Y,3,0,1,3,A,-,03,22350,,N,A,E,A,A,H,-,A,D,0,,,,,Y,,A,01,0,1,0,0,0,0,0,0,0,"- ","- ",37.862968444824219,-122.25533294677734,ALAMEDA,BERKELEY,-122.25499725341797,37.863529205322266
9001780,2019,2019-12-19,0103,2019-10-17,1809,85,,4,5,6,0103,0,0,0,,0,007,"WARRING ST","PARKER ST",250.00,N,N,A,-,N,,,,,,,,,,N,3,0,1,2,A,-,03,22350,,N,C,C,A,-,H,-,A,D,0,,,Y,,Y,,C,02,0,1,0,0,0,0,0,0,1,"- ","- ",37.864738464355469,-122.25070190429688,ALAMEDA,BERKELEY,-122.25034332275391,37.864814758300781
9001783,2019,2019-12-21,0103,2019-10-30,0832,85,,3,5,6,0103,0,0,0,,0,010,KING,ALCATRAZ,0.00,,Y,A,-,N,,,,,,,,,,,3,0,1,2,A,-,10,21950,A,N,D,B,B,A,H,-,A,A,0,Y,,,,Y,,A,01,0,1,0,0,1,0,0,0,0,"- ","- ",37.84844970703125,-122.27361297607422,ALAMEDA,BERKELEY,-122.27361297607422,37.84844970703125
9001784,2019,2019-12-19,0103,2019-10-15,2346,6,,2,5,6,0103,0,0,0,,0,003,"OXFORD ST","HEARST AV",100.00,N,N,A,-,N,,,,,,,,,,N,3,0,1,2,A,-,11,21955,,N,G,B,D,A,H,-,C,D,0,Y,,,,Y,,N,60,0,1,0,0,1,0,0,0,0,"- ","- ",37.874149322509766,-122.26628875732422,ALAMEDA,BERKELEY,-122.26640319824219,37.874431610107422
9001787,2019,2019-12-21,0103,2019-10-29,1910,49,,2,5,6,0103,0,0,0,,0,003,CEDAR,"SHATTUCK AV",120.00,E,N,A,-,N,,,,,,,,,,N,2,0,1,2,A,-,08,22107,,N,B,C,A,A,H,-,-,D,0,,,Y,,Y,,C,02,1,0,0,0,0,0,0,0,1,"- ","- ",37.878700256347656,-122.26853942871094,ALAMEDA,BERKELEY,-122.26873016357422,37.878463745117188
9001791,2019,2019-12-21,0103,2019-10-29,1534,85,,2,5,6,0103,0,0,0,,0,013,7TH,HEINZ,0.00,,Y,A,-,N,,,,,,,,,,N,3,0,1,2,A,-,10,21950,A,N,D,B,B,A,H,-,A,A,0,Y,,,,Y,,A,01,0,1,0,0,1,0,0,0,0,"- ","- ",37.853481292724609,-122.29189300537109,ALAMEDA,BERKELEY,-122.29190826416016,37.853469848632812
9001792,2019,2019-12-20,0103,2019-10-08,0750,100,,2,5,6,0103,0,0,0,,0,009,ALCATRAZ,ADALINE,0.00,,Y,A,-,N,,,,,,,,,,N,3,0,1,2,A,-,10,21950,A,N,G,B,B,A,-,-,A,A,0,Y,,,,Y,,A,01,0,1,0,0,1,0,0,0,0,"- ","- ",37.848751068115234,-122.27144622802734,ALAMEDA,BERKELEY,-122.27153015136719,37.848728179931641
9001796,2019,2019-12-20,0103,2019-10-07,1626,157,"40 01",1,5,6,0103,0,0,0,,0,009,ALCATRAZ,"ELLIS ST",113.00,E,N,A,-,N,,,,,,,,,,N,3,0,1,2,A,-,17,22517,,N,H,G,A,A,H,-,A,D,0,,Y,,,Y,,A,01,0,1,0,0,0,0,1,0,0,"- ","- ",37.848339080810547,-122.27230072021484,ALAMEDA,BERKELEY,-122.27223205566406,37.8486328125
9001799,2019,2019-12-21,0103,2019-10-29,1340,85,,2,5,6,0103,0,0,0,,0,004,OXFORD,CENTER,192.00,S,N,A,-,N,,,,,,,,,,N,3,0,1,2,A,-,03,22350,,N,C,C,A,A,H,-,A,D,0,,,Y,,Y,,C,03,0,1,0,0,0,0,0,0,1,"- ","- ",37.870048522949219,-122.26589965820312,ALAMEDA,BERKELEY,-122.26588439941406,37.870063781738281