CASE_ID,ACCIDENT_YEAR,PROC_DATE,JURIS,COLLISION_DATE,COLLISION_TIME,OFFICER_ID,REPORTING_DISTRICT,DAY_OF_WEEK,CHP_SHIFT,POPULATION,CNTY_CITY_LOC,SPECIAL_COND,BEAT_TYPE,CHP_BEAT_TYPE,CITY_DIVISION_LAPD,CHP_BEAT_CLASS,BEAT_NUMBER,PRIMARY_RD,SECONDARY_RD,DISTANCE,DIRECTION,INTERSECTION,WEATHER_1,WEATHER_2,STATE_HWY_IND,CALTRANS_COUNTY,CALTRANS_DISTRICT,STATE_ROUTE,ROUTE_SUFFIX,POSTMILE_PREFIX,POSTMILE,LOCATION_TYPE,RAMP_INTERSECTION,SIDE_OF_HWY,TOW_AWAY,COLLISION_SEVERITY,NUMBER_KILLED,NUMBER_INJURED,PARTY_COUNT,PRIMARY_COLL_FACTOR,PCF_CODE_OF_VIOL,PCF_VIOL_CATEGORY,PCF_VIOLATION,PCF_VIOL_SUBSECTION,HIT_AND_RUN,TYPE_OF_COLLISION,MVIW,PED_ACTION,ROAD_SURFACE,ROAD_COND_1,ROAD_COND_2,LIGHTING,CONTROL_DEVICE,CHP_ROAD_TYPE,PEDESTRIAN_ACCIDENT,BICYCLE_ACCIDENT,MOTORCYCLE_ACCIDENT,TRUCK_ACCIDENT,NOT_PRIVATE_PROPERTY,ALCOHOL_INVOLVED,STWD_VEHTYPE_AT_FAULT,CHP_VEHTYPE_AT_FAULT,COUNT_SEVERE_INJ,COUNT_VISIBLE_INJ,COUNT_COMPLAINT_PAIN,COUNT_PED_KILLED,COUNT_PED_INJURED,COUNT_BICYCLIST_KILLED,COUNT_BICYCLIST_INJURED,COUNT_MC_KILLED,COUNT_MC_INJURED,PRIMARY_RAMP,SECONDARY_RAMP,LATITUDE,LONGITUDE,COUNTY,CITY,POINT_X,POINT_Y
9019844,2019,2019-12-30,0109,2019-10-18,0830,8659,2,5,5,7,0109,0,0,0,,0,003,"8TH ST","WEBSTER ST",100.00,W,N,B,-,N,,,,,,,,,,N,3,0,1,2,A,-,17,22517,,N,H,G,A,A,H,-,A,A,0,,Y,,,Y,,A,08,0,1,0,0,0,0,1,0,0,"- ","- ",,,ALAMEDA,OAKLAND,-122.27165985107422,37.799373626708984
9019915,2019,2019-12-30,0109,2019-10-16,2209,9409,2,3,5,7,0109,0,0,0,,0,026,"SAN LEANDRO ST","75TH AV",1000.00,W,N,A,-,N,,,,,,,,,,N,3,0,1,2,A,-,08,22107,,N,C,C,A,A,H,-,C,D,0,,,,,Y,,A,01,0,1,0,0,0,0,0,0,0,"- ","- ",,,ALAMEDA,OAKLAND,-122.19748687744141,37.753890991210938
9020486,2019,2020-06-04,0103,2019-10-28,2207,142,,1,5,6,0103,0,0,0,,0,011,"ASHBY AV","SAN PABLO",0.00,,Y,A,-,Y,ALA,4,13,-,-,13.180,I,5,N,Y,3,0,1,2,A,-,09,21801,A,N,A,C,A,A,H,-,C,A,0,,,Y,,Y,,A,01,0,1,0,0,0,0,0,0,1,"- ","- ",37.852138519287109,-122.28668212890625,ALAMEDA,BERKELEY,-122.28666687011719,37.852169036865234
9020490,2019,2020-06-04,0103,2019-10-25,1337,S6,,5,5,6,0103,0,0,0,,0,015,"CEDAR AV","RT 123",0.00,,Y,A,-,Y,ALA,4,123,-,-,3.600,I,5,N,Y,3,0,1,2,A,-,12,21453,A,N,D,C,A,A,H,-,-,A,0,,,,,Y,,A,07,0,1,0,0,0,0,0,0,0,"- ","- ",37.875198364257812,-122.29409027099609,ALAMEDA,BERKELEY,-122.29409790039062,37.875194549560547
9020494,2019,2020-06-04,0103,2019-10-26,1400,28,,6,5,6,0103,0,0,0,,0,007,"ASHBY AV","COLLEGE AV",0.00,,Y,A,-,Y,ALA,4,13,-,-,11.230,I,5,S,N,3,0,1,2,A,-,10,21950,A,N,G,B,B,A,H,-,A,A,0,Y,,,,Y,,A,07,0,1,0,0,1,0,0,0,0,"- ","- ",37.857040405273438,-122.25303649902344,ALAMEDA,BERKELEY,-122.2530517578125,37.857017517089844
9021609,2019,2020-02-06,0103,2019-12-14,1748,103,,6,5,6,0103,0,0,0,,0,004,UNIVERSITY,SACRAMENTO,0.00,,Y,A,C,N,,,,,,,,,,Y,3,0,1,2,A,-,09,21801,A,N,D,C,A,B,H,-,C,A,0,,,Y,,Y,,A,01,0,1,0,0,0,0,0,0,1,"- ","- ",37.870410919189453,-122.28193664550781,ALAMEDA,BERKELEY,-122.28204345703125,37.870460510253906
9021621,2019,2020-02-06,0109,2019-12-12,1319,9814,2,4,5,7,0109,0,0,0,,0,34X,"88TH AV","BANCROFT AV",0.00,,Y,C,-,N,,,,,,,,,,N,3,0,1,2,A,-,12,22450,A,M,D,C,A,B,H,-,A,D,0,,,,,Y,,A,01,0,1,0,0,0,0,0,0,0,"- ","- ",,,ALAMEDA,OAKLAND,-122.16687774658203,37.754989624023438
9021625,2019,2020-02-06,0109,2019-12-12,1811,9567,1,4,5,7,0109,0,0,0,,0,03X,"12TH ST","MARTIN LUTHER KING JR WY",0.00,,Y,B,-,N,,,,,,,,,,N,2,0,1,2,A,-,11,21950,B,F,A,B,B,B,H,-,C,A,0,Y,,,,Y,,N,60,1,0,0,0,1,0,0,0,0,"- ","- ",,,ALAMEDA,OAKLAND,-122.27684020996094,37.804798126220703
9021777,2019,2020-01-11,0109,2019-11-22,0600,9197,1,5,5,7,0109,0,0,0,,0,17X,"BEAUMONT AV","CHATHAM RD",0.00,,Y,A,-,N,,,,,,,,,,Y,3,0,2,2,A,-,09,21801,A,N,A,C,A,A,H,-,B,A,0,,,,,Y,,A,01,0,2,0,0,0,0,0,0,0,"- ","- ",,,ALAMEDA,OAKLAND,-122.22866821289062,37.801471710205078
9021801,2019,2020-01-11,0109,2019-11-10,1439,9716,1,7,5,7,0109,0,0,0,,0,13Y,"SKYLINE BL","JOAQUIN MILLER RD",132000.00,N,N,A,-,N,,,,,,,,,,N,3,0,1,2,A,-,03,22350,,N,D,G,A,A,H,-,A,D,0,,Y,,,Y,,L,04,0,1,0,0,0,0,1,0,0,"- ","- ",,,ALAMEDA,OAKLAND,-122.12053680419922,37.756889343261719
9021821,2019,2020-01-11,0109,2019-11-12,1900,9515,1,2,5,7,0109,0,0,0,,0,22X,"WATERHOUSE RD","LYMAN RD",10.00,W,N,A,-,N,,,,,,,,,,N,3,0,1,2,A,-,10,21950,A,N,G,B,D,A,H,-,C,D,0,Y,,,,Y,,A,01,0,1,0,0,1,0,0,0,0,"- ","- ",,,ALAMEDA,OAKLAND,-122.21331024169922,37.806751251220703
9022801,2019,2020-07-13,0103,2019-11-27,1405,125,,3,5,6,0103,0,0,0,,0,008,"TELEGRAPH AV","ASHBY AV",101.00,S,N,A,-,Y,ALA,4,13,-,-,11.610,I,6,S,N,2,0,1,2,A,-,11,21954,A,N,G,B,D,A,H,-,A,D,0,Y,,,,Y,,N,60,1,0,0,0,1,0,0,0,0,"- ","- ",37.856189727783203,-122.25966644287109,ALAMEDA,BERKELEY,-122.25970458984375,37.856155395507812
9022815,2019,2020-07-13,0103,2019-12-01,1658,108,20,7,5,6,0103,0,0,0,,0,014,UNIVERSITY,"6TH ST",1477.00,W,N,C,-,Y,ALA,4,80,-,-,5.720,R,4,E,Y,2,0,5,3,A,-,03,22350,,N,B,C,A,B,H,-,C,D,0,,,,,Y,,A,01,1,4,0,0,0,0,0,0,0,"- ","- ",37.8668212890625,-122.3037109375,ALAMEDA,BERKELEY,-122.30323791503906,37.865180969238281
9022834,2019,2020-01-30,0103,2019-11-01,1402,71,,5,5,6,0103,0,0,0,,0,008,SHATTUCK,"RUSSELL ST",45.00,S,N,A,-,N,,,,,,,,,,N,3,0,1,2,A,-,17,22517,,N,H,G,A,A,H,-,A,D,0,,Y,,,Y,,A,01,0,1,0,0,0,0,1,0,0,"- ","- ",37.856731414794922,-122.26669311523438,ALAMEDA,BERKELEY,-122.26668548583984,37.856586456298828
9022835,2019,2020-02-05,0103,2019-12-13,2340,99,,5,5,6,0103,0,0,0,,0,009,"MARTIN LUTHER KING JR WY",PRINCE,0.00,,Y,A,-,N,,,,,,,,,,N,3,0,1,2,A,-,10,21950,A,F,G,B,B,A,H,-,C,D,0,Y,,,,Y,,D,22,0,1,0,0,1,0,0,0,0,"- ","- ",,,ALAMEDA,BERKELEY,-122.27085876464844,37.852451324462891
9022851,2019,2020-07-13,0103,2019-12-30,1112,83,33,1,5,6,0103,0,0,0,,0,011,"SAN PABLO 123",BURNETT,0.00,,Y,A,-,Y,ALA,4,123,-,-,1.980,I,5,N,N,3,0,1,2,A,-,08,22107,,N,C,C,A,A,H,-,A,D,0,,,,,Y,,D,22,0,1,0,0,0,0,0,0,0,"- ","- ",37.852901458740234,-122.28694152832031,ALAMEDA,BERKELEY,-122.28693389892578,37.853023529052734
9023270,2019,2020-02-06,0109,2019-12-04,1815,8958,2,3,5,7,0109,0,0,0,,0,32X,"BANCROFT AV","108TH AV",0.00,,Y,A,-,N,,,,,,,,,,N,3,0,1,2,A,-,10,21950,A,F,G,B,B,A,H,-,C,A,0,Y,,,,Y,,A,01,0,1,0,0,1,0,0,0,0,"- ","- ",,,ALAMEDA,OAKLAND,-122.15596771240234,37.740291595458984
9023274,2019,2020-02-06,0109,2019-12-23,1957,8557,1,1,5,7,0109,0,0,0,,0,13Y,"GRIZZLY PEAK BL","MILE MARKER 14",50.00,E,N,A,-,N,,,,,,,,,,N,3,0,1,1,A,-,03,22350,,N,H,A,A,A,H,-,D,D,0,,,,,Y,,A,07,0,1,0,0,0,0,0,0,0,"- ","- ",,,ALAMEDA,OAKLAND,,
9026673,2019,2020-02-15,0109,2019-12-19,0015,9847,1,4,5,7,0109,0,0,0,,0,03X,"6TH ST","JACKSON ST",0.00,,Y,C,-,N,,,,,,,,,,N,2,0,1,2,A,-,10,21950,A,F,G,B,B,B,H,-,C,A,0,Y,,,,Y,,A,01,1,0,0,0,1,0,0,0,0,"- ","- ",,,ALAMEDA,OAKLAND,-122.26872253417969,37.796421051025391
9028372,2019,2020-03-03,0109,2019-10-07,1154,9514,2,1,5,7,0109,0,0,0,,0,35X,"94TH AV","HILLSIDE ST",27.00,N,N,A,-,N,,,,,,,,,,Y,3,0,1,3,A,-,01,23152,A,M,C,E,A,A,H,-,A,D,0,,,,,Y,Y,A,01,0,1,0,0,0,0,0,0,0,"- ","- ",,,ALAMEDA,OAKLAND,-122.16180419921875,37.752231597900391
9028646,2019,2020-01-27,0103,2019-11-06,1056,112,,3,5,6,0103,0,0,0,,0,007,"PANORAMIC WAY","PANORAMIC PL",130.00,W,N,A,-,N,,,,,,,,,,Y,2,0,1,1,A,-,21,22106,,N,E,I,A,A,H,-,A,D,0,,,,,Y,,A,08,1,0,0,0,0,0,0,0,0,"- ","- ",37.869499206542969,-122.24693298339844,ALAMEDA,BERKELEY,-122.24689483642578,37.869911193847656
9028906,2019,2020-02-06,0109,2019-11-03,0238,9709,2,7,5,7,0109,0,0,0,,0,30X,"82ND AV","IRIS AV",20.00,S,N,A,-,N,,,,,,,,,,N,3,0,1,2,D,-,00,,,M,G,B,D,A,H,-,C,D,0,Y,,,,Y,,-,"- ",0,1,0,0,1,0,0,0,0,"- ","- ",,,ALAMEDA,OAKLAND,-122.16693878173828,37.761714935302734
9028937,2019,2020-01-29,0109,2019-11-21,0631,9814,2,4,5,7,0109,0,0,0,,0,31Y,"98TH AV","BESSIE COLEMAN",0.00,,Y,A,-,N,,,,,,,,,,N,3,0,2,2,A,-,09,21801,A,N,B,C,A,A,H,-,B,A,0,,,,,Y,,A,01,0,1,1,0,0,0,0,0,0,"- ","- ",,,ALAMEDA,OAKLAND,-122.200568,37.722510999999997
9028941,2019,2020-01-27,0109,2019-11-19,2055,9802,1,2,5,7,0109,0,0,0,,0,04X,"WEBSTER ST","17TH ST",0.00,,Y,A,-,N,,,,,,,,,,N,3,0,1,2,A,-,08,22107,,N,D,C,A,A,H,-,C,A,0,,,Y,,Y,,A,01,0,1,0,0,0,0,0,0,1,"- ","- ",,,ALAMEDA,OAKLAND,-122.26734161376953,37.805721282958984
9028963,2019,2020-01-27,0103,2019-11-22,1644,15,,5,5,6,0103,0,0,0,,0,002,"CEDAR AV","SPRUCE CT",0.00,,Y,A,-,N,,,,,,,,,,N,3,0,1,1,B,-,22,,,N,H,I,A,A,H,-,A,A,0,,Y,,,Y,,L,04,0,1,0,0,0,0,1,0,0,"- ","- ",37.878578186035156,-122.26605987548828,ALAMEDA,BERKELEY,-122.26573181152344,37.878860473632812
9028967,2019,2020-01-27,0103,2019-11-21,1310,49,,4,5,6,0103,0,0,0,,0,014,UNIVERSITY,"7TH ST",85.00,W,N,A,-,N,,,,,,,,,,N,3,0,1,2,A,-,04,21703,,N,C,C,A,A,H,-,A,A,0,,,,,Y,,A,01,0,1,0,0,0,0,0,0,0,"- ","- ",37.868198394775391,-122.29662322998047,ALAMEDA,BERKELEY,-122.29692840576172,37.868202209472656
9028971,2019,2020-01-28,0103,2019-11-20,1755,50,,3,5,6,0103,0,0,0,,0,001,SOLANO,TULARE,0.00,,Y,A,-,N,,,,,,,,,,Y,2,0,1,2,A,-,03,22350,,N,G,B,B,A,H,-,-,A,0,Y,,,,Y,,A,01,1,0,0,0,1,0,0,0,0,"- ","- ",37.891460418701172,-122.28256988525391,ALAMEDA,BERKELEY,-122.28241729736328,37.891201019287109
9028975,2019,2020-01-29,0103,2019-11-19,0851,76,33,2,5,6,0103,0,0,0,,0,010,SACRAMENTO,RUSSELL,0.00,,Y,A,-,N,,,,,,,,,,N,3,0,1,2,A,-,09,21801,A,N,D,G,A,-,H,-,-,A,0,,Y,,,Y,,A,01,0,1,0,0,0,0,1,0,0,"- ","- ",,,ALAMEDA,BERKELEY,-122.27944183349609,37.854869842529297
9028983,2019,2020-01-28,0103,2019-11-18,1355,59,19,1,5,6,0103,0,0,0,,0,015,HARRISON,"SAN PABLO",0.00,,Y,A,-,N,,,,,,,,,,Y,3,0,1,2,A,-,09,21804,A,N,B,C,A,A,H,-,A,D,0,,,,,Y,,A,01,0,1,0,0,0,0,0,0,0,"- ","- ",37.882259368896484,-122.29638671875,ALAMEDA,BERKELEY,-122.29644775390625,37.882259368896484
9028987,2019,2020-01-28,0103,2019-11-17,1224,7,,7,5,6,0103,0,0,0,,0,007,CLAREMONT,HAZEL,0.00,,Y,A,-,N,,,,,,,,,,N,2,0,1,2,A,-,06,21760,C,N,B,G,A,A,H,-,A,D,0,,Y,,,Y,,A,01,1,0,0,0,0,0,1,0,0,"- ","- ",37.856380462646484,-122.24667358398438,ALAMEDA,BERKELEY,-122.24668121337891,37.856380462646484
9028991,2019,2020-01-28,0103,2019-11-15,2203,159,,5,5,6,0103,0,0,0,,0,003,"MARTIN LUTHER KING JR","BERKELEY WY",0.00,,Y,A,-,N,,,,,,,,,,N,3,0,1,2,A,-,06,21755,,N,B,C,A,-,-,-,C,A,0,,,Y,,Y,,C,02,0,1,0,0,0,0,0,0,1,"- ","- ",37.871559143066406,-122.27300262451172,ALAMEDA,BERKELEY,-122.27310943603516,37.872451782226562
9028995,2019,2020-01-28,0103,2019-11-15,1726,28,,5,5,6,0103,0,0,0,,0,003,SACRAMENTO,DELAWARE,0.00,,Y,A,-,N,,,,,,,,,,N,3,0,2,2,A,-,03,22350,,N,C,C,A,A,H,-,C,A,0,,,,,Y,,A,01,0,1,1,0,0,0,0,0,0,"- ","- ",37.873069763183594,-122.28224182128906,ALAMEDA,BERKELEY,-122.2823486328125,37.873058319091797
9028999,2019,2020-01-28,0103,2019-11-13,0845,68,,3,5,6,0103,0,0,0,,0,006,DURANT,CHANNING,0.00,,Y,A,-,N,,,,,,,,,,N,3,0,1,2,A,-,17,21657,,N,D,G,A,-,H,-,-,A,0,,Y,,,Y,,L,04,0,1,0,0,0,0,1,0,0,"- ","- ",37.867511749267578,-122.26126861572266,ALAMEDA,BERKELEY,-122.261269,37.867511999999998
9029005,2019,2020-02-03,0103,2019-12-18,0840,25,,3,5,6,0103,0,0,0,,0,005,PARKER,SHATTUCK,0.00,,Y,A,-,N,,,,,,,,,,Y,3,0,1,2,A,-,09,21802,A,N,D,C,A,B,H,-,A,A,0,,,,,Y,,A,01,0,1,0,0,0,0,0,0,0,"- ","- ",37.862159729003906,-122.26715087890625,ALAMEDA,BERKELEY,-122.2672119140625,37.862148284912109
9029007,2019,2020-01-27,0103,2019-11-11,1900,59,20,1,5,6,0103,0,0,0,,0,015,"GILMAN AV","EASTSHORE HWY",6.00,E,N,A,-,N,,,,,,,,,,Y,3,0,1,2,A,-,05,21650,B,N,G,B,B,-,H,-,D,D,0,Y,,,,Y,,N,60,0,1,0,0,1,0,0,0,0,"- ","- ",37.878299713134766,-122.30657196044922,ALAMEDA,BERKELEY,-122.30645751953125,37.878334045410156
9029008,2019,2020-01-27,0103,2019-11-30,1745,42,,6,5,6,0103,0,0,0,,0,007,DURANT,FULTON,0.00,,Y,B,-,N,,,,,,,,,,N,3,0,1,2,A,-,10,21950,A,F,B,B,B,A,-,-,C,A,0,Y,,,,Y,,-,99,0,1,0,0,1,0,0,0,0,"- ","- ",37.866928100585938,-122.26580810546875,ALAMEDA,BERKELEY,-122.26577758789062,37.866928100585938
9029009,2019,2020-02-03,0103,2019-12-18,1100,25,,3,5,6,0103,0,0,0,,0,004,BONITA,UNIVERSITY,0.00,,Y,A,-,N,,,,,,,,,,N,3,0,1,2,A,-,08,22107,,N,B,C,A,B,H,-,A,D,0,,,Y,,Y,,A,01,0,1,0,0,0,0,0,0,1,"- ","- ",37.871700286865234,-122.27187347412109,ALAMEDA,BERKELEY,-122.27189636230469,37.871749877929688
9029011,2019,2020-01-27,0103,2019-11-10,1844,15,,7,5,6,0103,0,0,0,,0,002,OXFORD,HEARST,0.00,,Y,A,-,N,,,,,,,,,,N,2,0,1,1,A,-,08,22107,,N,E,I,A,A,D,-,C,D,0,,Y,,,Y,,L,04,1,0,0,0,0,0,1,0,0,"- ","- ",37.874801635742188,-122.26611328125,ALAMEDA,BERKELEY,-122.26634979248047,37.874160766601562
9029012,2019,2020-01-27,0103,2019-11-29,1252,45,,5,5,6,0103,0,0,0,,0,002,"WILDCAT CANYON","CENTRAL PKWY",0.00,,Y,B,-,N,,,,,,,,,,N,3,0,1,1,A,-,03,22350,,N,G,I,A,D,B,-,A,D,0,,,Y,,Y,,C,02,0,1,0,0,0,0,0,0,1,"- ","- ",37.895908355712891,-122.25511169433594,ALAMEDA,BERKELEY,-122.25576,37.895980000000002
9029015,2019,2020-01-27,0103,2019-11-10,1149,111,,7,5,6,0103,0,0,0,,0,016,"SANTA FE",GILMAN,0.00,,Y,A,-,N,,,,,,,,,,N,3,0,1,2,A,-,10,21950,A,N,G,B,B,-,H,-,-,A,0,Y,,,,Y,,A,01,0,1,0,0,1,0,0,0,0,"- ","- ",37.8814697265625,-122.29087066650391,ALAMEDA,BERKELEY,-122.29087829589844,37.881488800048828
9029019,2019,2020-01-27,0103,2019-11-07,2228,54,,4,5,6,0103,0,0,0,,0,002,"CEDAR AV",LEROY,52.00,E,N,B,-,N,,,,,,,,,,Y,3,0,1,2,A,-,08,22107,,N,C,E,A,A,H,-,C,D,0,,,,,Y,,A,01,0,1,0,0,0,0,0,0,0,"- ","- ",37.879730224609375,-122.25882720947266,ALAMEDA,BERKELEY,-122.25862884521484,37.879783630371094
9029020,2019,2020-01-27,0103,2019-11-25,0935,25,,1,5,6,0103,0,0,0,,0,003,"ROSE AV",JOSEPHINE,0.00,,Y,A,-,N,,,,,,,,,,N,3,0,1,2,A,-,09,21801,A,N,D,G,A,A,H,-,A,A,0,,Y,,,Y,,A,01,0,1,0,0,0,0,1,0,0,"- ","- ",37.881290435791016,-122.27523803710938,ALAMEDA,BERKELEY,-122.27519989013672,37.881290435791016
9029021,2019,2020-06-24,0103,2019-12-18,1840,16,,3,5,6,0103,0,0,0,,0,016,DELAWARE,"SAN PABLO",0.00,,Y,C,-,Y,ALA,4,123,-,-,3.340,I,5,N,N,3,0,2,3,A,-,10,21950,A,N,G,B,B,B,H,-,C,A,0,Y,,,,Y,,A,01,0,2,0,0,2,0,0,0,0,"- ","- ",37.871688842773438,-122.29296875,ALAMEDA,BERKELEY,-122.29293060302734,37.871711730957031
9029024,2019,2020-01-27,0103,2019-11-25,0850,125,,1,5,6,0103,0,0,0,,0,004,OXFORD,UNIVERSITY,0.00,,Y,A,-,N,,,,,,,,,,,3,0,1,2,A,-,10,21950,A,F,G,B,B,A,H,-,A,A,0,Y,,,,Y,,A,01,0,1,0,0,1,0,0,0,0,"- ","- ",37.872451782226562,-122.26608276367188,ALAMEDA,BERKELEY,-122.26616668701172,37.872489929199219
9029028,2019,2020-01-27,0103,2019-11-24,2135,19,,7,5,6,0103,0,0,0,,0,012,CHANNING,VALLEY,0.00,,Y,A,-,N,,,,,,,,,,Y,3,0,2,2,A,-,05,21651,A,F,A,C,A,A,H,-,D,D,0,,,,,Y,,A,01,0,2,0,0,0,0,0,0,0,"- ","- ",37.863628387451172,-122.28414154052734,ALAMEDA,BERKELEY,-122.28415679931641,37.863639831542969
9029029,2019,2020-02-03,0103,2019-12-14,1830,16,28,6,5,6,0103,0,0,0,,0,006,DURANT,COLLEGE,0.00,,Y,A,-,N,,,,,,,,,,N,3,0,1,2,A,-,21,22106,,F,G,B,B,B,H,-,C,A,0,Y,,,,Y,,A,01,0,1,0,0,1,0,0,0,0,"- ","- ",37.868389129638672,-122.25443267822266,ALAMEDA,BERKELEY,-122.25447082519531,37.868358612060547
9029032,2019,2020-01-27,0103,2019-11-24,1321,129,,7,5,6,0103,0,0,0,,0,003,HEARST,SHATTUCK,0.00,,Y,A,-,N,,,,,,,,,,N,3,0,1,2,A,-,09,21801,A,N,D,G,A,A,H,-,-,A,0,,Y,,,Y,,A,01,0,1,0,0,0,0,1,0,0,"- ","- ",37.873889923095703,-122.26857757568359,ALAMEDA,BERKELEY,-122.26860046386719,37.87384033203125
9029033,2019,2020-02-03,0103,2019-12-13,1250,8,30,5,5,6,0103,0,0,0,,0,004,"MARTIN LUTHER KING JR","CENTER ST",45.00,S,N,B,C,N,,,,,,,,,,N,3,0,2,3,A,-,21,22106,,N,B,C,A,B,H,-,A,D,0,,,,,Y,,A,01,0,1,1,0,0,0,0,0,0,"- ","- ",37.870578765869141,-122.27288818359375,ALAMEDA,BERKELEY,-122.27278137207031,37.869537353515625
9029036,2019,2020-01-27,0103,2019-11-23,1439,148,,6,5,6,0103,0,0,0,,0,006,TELEGRAPH,PARKER,0.00,,Y,A,-,N,,,,,,,,,,N,3,0,1,2,A,-,11,21954,A,N,G,B,D,A,H,-,A,A,0,Y,,,,Y,,N,60,0,1,0,0,1,0,0,0,0,"- ","- ",,,ALAMEDA,BERKELEY,-122.25871276855469,37.863231658935547
9029037,2019,2020-02-03,0103,2019-12-13,1620,129,17,5,5,6,0103,0,0,0,,0,002,"CEDAR ST","WALNUT ST",0.00,,Y,C,-,N,,,,,,,,,,N,3,0,1,2,A,-,11,21950,B,N,G,B,D,B,H,-,A,D,0,Y,,,,Y,,N,60,0,1,0,0,1,0,0,0,0,"- ","- ",37.878559112548828,-122.26799774169922,ALAMEDA,BERKELEY,-122.26796722412109,37.878559112548828
9029040,2019,2020-01-27,0103,2019-11-23,1419,2,12,6,5,6,0103,0,0,0,,0,001,MARIN,"THE CIRCLE",35.00,W,N,A,-,N,,,,,,,,,,N,3,0,1,2,A,-,06,21760,C,N,B,G,A,A,H,-,A,D,0,,Y,,,Y,,A,07,0,1,0,0,0,0,1,0,0,"- ","- ",37.890178680419922,-122.27239227294922,ALAMEDA,BERKELEY,-122.27256011962891,37.890018463134766
9029048,2019,2020-02-05,0103,2019-12-12,1838,100,,4,5,6,0103,0,0,0,,0,007,"PIEDMONT AV","DWIGHT WY",66.00,N,N,B,-,N,,,,,,,,,,Y,3,0,1,5,A,-,03,22350,,F,B,C,A,A,H,-,C,D,0,,,,,Y,,A,01,0,1,0,0,0,0,0,0,0,"- ","- ",37.866031646728516,-122.26561737060547,ALAMEDA,BERKELEY,-122.25160217285156,37.865871429443359
9029068,2019,2020-02-05,0103,2019-12-10,1859,14,,2,5,6,0103,0,0,0,,0,004,"CENTER ST","MILVIA ST",0.00,,Y,C,-,N,,,,,,,,,,N,3,0,1,2,A,-,10,21950,A,N,A,B,B,B,H,-,D,A,0,Y,,,,Y,Y,A,01,0,1,0,0,1,0,0,0,0,"- ","- ",37.869979858398438,-122.27055358886719,ALAMEDA,BERKELEY,-122.27055358886719,37.869960784912109
9029072,2019,2020-02-05,0103,2019-12-09,1359,4,,1,5,6,0103,0,0,0,,0,005,"MARTIN LUTHER KING JR",BLAKE,0.00,,Y,A,-,N,,,,,,,,,,Y,3,0,1,2,A,-,09,21804,A,N,D,C,A,A,H,-,A,D,0,,,,,Y,,A,01,0,1,0,0,0,0,0,0,0,"- ","- ",37.862159729003906,-122.27224731445312,ALAMEDA,BERKELEY,-122.27201080322266,37.862438201904297
9029076,2019,2020-02-04,0103,2019-12-08,1009,150,,7,5,6,0103,0,0,0,,0,006,"DWIGHT WY","BENVENUE AV",92.00,E,N,B,-,N,,,,,,,,,,N,3,0,1,2,A,-,03,22350,,N,C,E,A,B,H,-,A,D,0,,,,,Y,,A,01,0,1,0,0,0,0,0,0,0,"- ","- ",37.865329742431641,-122.25467681884766,ALAMEDA,BERKELEY,-122.2548828125,37.865585327148438
9029080,2019,2020-02-14,0103,2019-12-07,1443,18,,6,5,6,0103,0,0,0,,0,014,UNIVERSITY,"7TH ST",88.00,E,N,B,C,N,,,,,,,,,,N,3,0,2,2,C,-,18,,,N,C,C,A,B,H,-,A,D,0,,,,,Y,,-,"- ",0,2,0,0,0,0,0,0,0,"- ","- ",37.868198394775391,-122.29662322998047,ALAMEDA,BERKELEY,-122.29634094238281,37.868316650390625
9029084,2019,2020-02-04,0103,2019-12-06,1405,30,,5,5,6,0103,0,0,0,,0,004,"HASTE ST","MILVIA ST",0.00,,Y,A,-,N,,,,,,,,,,N,3,0,1,2,A,-,11,21950,B,N,G,B,B,A,H,-,A,A,0,Y,,,,Y,,N,60,0,1,0,0,1,0,0,0,0,"- ","- ",,,ALAMEDA,BERKELEY,-122.26992797851562,37.864578247070312
9029088,2019,2020-02-04,0103,2019-12-06,2120,124,,5,5,6,0103,0,0,0,,0,004,"MARTIN LUTHER KING JR","ADDISON AV",0.00,,Y,C,-,N,,,,,,,,,,Y,3,0,1,2,A,-,10,21950,A,N,G,B,B,B,-,-,C,D,0,Y,,,,Y,,A,01,0,1,0,0,1,0,0,0,0,"- ","- ",37.870578765869141,-122.27288818359375,ALAMEDA,BERKELEY,-122.27291107177734,37.870571136474609
9029092,2019,2020-02-04,0103,2019-12-07,1150,108,,6,5,6,0103,0,0,0,,0,013,"7TH ST","ANTHONY ST",68.00,N,N,C,-,N,,,,,,,,,,N,3,0,1,3,A,-,08,22107,,F,B,B,E,B,H,-,A,D,0,Y,,,,Y,,A,01,0,1,0,0,1,0,0,0,0,"- ","- ",37.853481292724609,-122.29189300537109,ALAMEDA,BERKELEY,-122.29154968261719,37.852409362792969
9029096,2019,2020-02-04,0103,2019-12-05,1902,50,24,4,5,6,0103,0,0,0,,0,003,"CEDAR ST","HENRY ST",0.00,,Y,A,-,N,,,,,,,,,,N,3,0,1,2,A,-,11,21950,B,N,G,B,B,A,H,-,C,A,0,Y,,,,Y,Y,A,01,0,1,0,0,1,0,0,0,0,"- ","- ",37.878269195556641,-122.27030181884766,ALAMEDA,BERKELEY,-122.27028656005859,37.878280639648438