CASE_ID,ACCIDENT_YEAR,PROC_DATE,JURIS,COLLISION_DATE,COLLISION_TIME,OFFICER_ID,REPORTING_DISTRICT,DAY_OF_WEEK,CHP_SHIFT,POPULATION,CNTY_CITY_LOC,SPECIAL_COND,BEAT_TYPE,CHP_BEAT_TYPE,CITY_DIVISION_LAPD,CHP_BEAT_CLASS,BEAT_NUMBER,PRIMARY_RD,SECONDARY_RD,DISTANCE,DIRECTION,INTERSECTION,WEATHER_1,WEATHER_2,STATE_HWY_IND,CALTRANS_COUNTY,CALTRANS_DISTRICT,STATE_ROUTE,ROUTE_SUFFIX,POSTMILE_PREFIX,POSTMILE,LOCATION_TYPE,RAMP_INTERSECTION,SIDE_OF_HWY,TOW_AWAY,COLLISION_SEVERITY,NUMBER_KILLED,NUMBER_INJURED,PARTY_COUNT,PRIMARY_COLL_FACTOR,PCF_CODE_OF_VIOL,PCF_VIOL_CATEGORY,PCF_VIOLATION,PCF_VIOL_SUBSECTION,HIT_AND_RUN,TYPE_OF_COLLISION,MVIW,PED_ACTION,ROAD_SURFACE,ROAD_COND_1,ROAD_COND_2,LIGHTING,CONTROL_DEVICE,CHP_ROAD_TYPE,PEDESTRIAN_ACCIDENT,BICYCLE_ACCIDENT,MOTORCYCLE_ACCIDENT,TRUCK_ACCIDENT,NOT_PRIVATE_PROPERTY,ALCOHOL_INVOLVED,STWD_VEHTYPE_AT_FAULT,CHP_VEHTYPE_AT_FAULT,COUNT_SEVERE_INJ,COUNT_VISIBLE_INJ,COUNT_COMPLAINT_PAIN,COUNT_PED_KILLED,COUNT_PED_INJURED,COUNT_BICYCLIST_KILLED,COUNT_BICYCLIST_INJURED,COUNT_MC_KILLED,COUNT_MC_INJURED,PRIMARY_RAMP,SECONDARY_RAMP,LATITUDE,LONGITUDE,COUNTY,CITY,POINT_X,POINT_Y
9060158,2019,2020-03-09,0109,2019-09-16,1545,9751,1,1,5,7,0109,0,0,0,,0,19X,EMBARCADERO,"KENNEDY ST",0.00,,Y,A,-,N,,,,,,,,,,N,3,0,1,2,A,-,08,22107,A,M,B,G,A,A,H,-,A,D,0,,Y,,,Y,,A,01,0,1,0,0,0,0,1,0,0,"- ","- ",,,ALAMEDA,OAKLAND,-122.23741149902344,37.77545166015625
9060523,2019,2020-03-10,0109,2019-12-25,1644,9404,1,3,5,7,0109,0,0,0,,0,20X,"INTERNATIONAL BL","27TH AV",36.00,W,N,A,-,N,,,,,,,,,,N,2,0,1,2,A,-,05,21460,A,N,A,C,A,A,H,-,C,D,0,,,Y,,Y,,A,01,1,0,0,0,0,0,0,0,1,"- ","- ",,,ALAMEDA,OAKLAND,-122.23158264160156,37.780811309814453
9060559,2020,2020-06-10,0103,2020-01-18,1745,108,20,6,5,6,0103,0,0,0,,0,014,UNIVERSITY,"W FRONTAGE",0.00,,Y,A,-,N,,,,,,,,,,Y,3,0,2,2,A,-,09,21802,A,N,D,C,A,A,H,-,C,A,0,,,,,Y,,A,07,0,2,0,0,0,0,0,0,0,"- ","- ",37.865959167480469,-122.31163787841797,ALAMEDA,BERKELEY,-122.30552673339844,37.866348266601562
9062113,2019,2020-03-19,0109,2019-05-29,1859,8959,1,3,5,7,0109,0,0,0,,0,20X,"INTERNATIONAL BL","29TH AV",20.00,W,N,A,-,N,,,,,,,,,,N,3,0,1,2,A,-,13,22515,A,N,G,B,E,A,H,-,A,D,0,Y,,,,Y,,A,01,0,1,0,0,1,0,0,0,0,"- ","- ",,,ALAMEDA,OAKLAND,-122.22916412353516,37.779335021972656
9062145,2019,2020-03-16,0109,2019-07-14,2124,9604,1,7,5,7,0109,0,0,0,,0,17X,"13TH AV","E 17TH ST",30.00,S,N,A,-,N,,,,,,,,,,N,3,0,1,2,A,-,11,21954,A,N,G,B,D,A,H,-,C,D,0,Y,,,,Y,,N,60,0,1,0,0,1,0,0,0,0,"- ","- ",,,ALAMEDA,OAKLAND,-122.24451446533203,37.791774749755859
9062188,2019,2020-03-18,0109,2019-08-24,0619,9754,2,6,5,7,0109,0,0,0,,0,33X,"98TH AV","A ST",0.00,,Y,A,-,N,,,,,,,,,,N,3,0,1,2,D,-,00,,,F,G,-,E,A,H,-,C,A,0,Y,,,,Y,,-,"- ",0,1,0,0,1,0,0,0,0,"- ","- ",,,ALAMEDA,OAKLAND,-122.17298889160156,37.743198394775391
9062240,2019,2020-03-17,0109,2019-09-14,1706,9767,2,6,5,7,0109,0,0,0,,0,32X,"98TH AV","C ST",0.00,,Y,A,-,N,,,,,,,,,,N,3,0,1,2,A,-,12,22450,A,M,G,G,A,A,H,-,A,A,0,,Y,,,Y,,A,01,0,1,0,0,0,0,1,0,0,"- ","- ",,,ALAMEDA,OAKLAND,-122.17478942871094,37.742351531982422
9063087,2020,2020-06-30,0109,2020-03-02,0853,9742,1,1,5,7,0109,0,0,0,,0,02X,"5TH ST","KIRKHAM ST",100.00,E,N,A,-,N,,,,,,,,,,Y,3,0,1,4,A,-,08,22107,,N,B,E,A,A,H,-,A,D,0,,,,,Y,,A,01,0,1,0,0,0,0,0,0,0,"- ","- ",,,ALAMEDA,OAKLAND,-122.29240417480469,37.803489685058594
9065402,2020,2020-08-05,0109,2020-02-28,0903,9651,1,5,5,7,0109,0,0,0,,0,08X,"NORTHGATE AV","SYCAMORE ST",50.00,N,N,A,-,N,,,,,,,,,,N,2,0,1,2,A,-,11,21954,A,N,G,B,E,A,H,-,A,D,0,Y,,,Y,Y,,N,60,1,0,0,0,1,0,0,0,0,"- ","- ",,,ALAMEDA,OAKLAND,-122.27028656005859,37.8155517578125
9065842,2020,2020-11-07,0109,2020-05-06,1714,9325,2,3,5,7,0109,0,0,0,,0,30X,"INTERNATIONAL BL","69TH AV",0.00,,Y,A,-,N,,,,,,,,,,N,2,0,2,2,A,-,06,21750,,N,D,C,A,-,H,-,A,A,0,,,Y,,Y,,C,02,1,1,0,0,0,0,0,0,1,"- ","- ",,,ALAMEDA,OAKLAND,-122.19029998779297,37.760730743408203
9067492,2020,2020-06-15,0109,2020-02-14,0545,9570,1,5,5,7,0109,0,0,0,,0,02X,"7TH ST","MARKET ST",200.00,W,N,A,-,N,,,,,,,,,,Y,3,0,1,2,A,-,08,22107,,N,C,E,A,A,H,-,B,D,0,,,,Y,Y,,A,01,0,1,0,0,0,0,0,0,0,"- ","- ",,,ALAMEDA,OAKLAND,-122.28366851806641,37.802799224853516
9067799,2020,2020-05-19,0109,2020-02-24,0614,8742,1,1,5,7,0109,0,0,0,,0,20X,"E 7TH ST","DERBY AV",0.00,,Y,A,-,N,,,,,,,,,,Y,3,0,1,1,A,-,03,22350,,N,H,A,A,A,H,-,E,D,0,,,Y,,Y,,C,02,0,1,0,0,0,0,0,0,1,"- ","- ",,,ALAMEDA,OAKLAND,-122.23079681396484,37.773250579833984
9068110,2020,2020-05-20,0109,2020-01-06,0825,9388,2,1,5,7,0109,0,0,0,,0,27X,"FOOTHILL BL","47TH AV",100.00,E,N,A,-,N,,,,,,,,,,Y,3,0,2,3,A,-,03,22350,,N,C,C,A,A,H,-,A,A,0,,,,,Y,,A,01,0,1,1,0,0,0,0,0,0,"- ","- ",,,ALAMEDA,OAKLAND,-122.20838928222656,37.773082733154297
9068847,2020,2020-07-23,0109,2020-04-24,2329,9799,2,5,5,7,0109,0,0,0,,0,26X,"COLISEUM WY","45TH AV",0.00,,Y,B,-,N,,,,,,,,,,Y,2,0,2,1,A,-,03,22350,,N,E,I,A,A,H,-,C,B,0,,,,,Y,,A,01,1,1,0,0,0,0,0,0,0,"- ","- ",,,ALAMEDA,OAKLAND,-122.2188720703125,37.766979217529297
9068850,2020,2020-07-23,0109,2020-04-17,0335,9552,2,5,5,7,0109,0,0,0,,0,34X,"98TH AV","HOLLY ST",0.00,,Y,B,-,N,,,,,,,,,,N,3,0,1,2,A,-,10,21950,A,M,G,B,B,A,H,-,C,A,0,Y,,,,Y,,-,,0,1,0,0,1,0,0,0,0,"- ","- ",,,ALAMEDA,OAKLAND,-122.16937255859375,37.744911193847656
9068852,2020,2020-07-23,0109,2020-04-28,1720,9094,1,2,5,7,0109,0,0,0,,0,14X,"EUCLID AV","VAN BUREN AV",0.00,,Y,A,-,N,,,,,,,,,,N,3,0,1,2,A,-,10,21950,A,F,D,B,D,A,H,-,A,A,0,Y,,,,Y,,A,01,0,1,0,0,1,0,0,0,0,"- ","- ",,,ALAMEDA,OAKLAND,-122.25144195556641,37.810840606689453
9068887,2020,2020-11-12,0109,2020-04-21,2000,9197,2,2,5,7,0109,0,0,0,,0,32X,"INTERNATIONAL BL","98TH AV",0.00,,Y,A,-,Y,ALA,4,185,-,-,7.240,I,5,N,Y,2,0,2,2,A,-,12,21453,A,N,D,C,A,A,H,-,C,A,0,,,,,Y,,-,"- ",1,1,0,0,0,0,0,0,0,"- ","- ",,,ALAMEDA,OAKLAND,-122.17047119140625,37.744430541992188
9069315,2020,2020-08-10,0109,2020-05-01,1709,8959,1,5,5,7,0109,0,0,0,,0,21X,"FRUITVALE AV","E 29TH ST",5.00,N,N,A,-,N,,,,,,,,,,N,2,0,1,2,A,-,11,21955,,N,G,B,E,A,H,-,A,D,0,Y,,,,Y,,N,60,1,0,0,0,1,0,0,0,0,"- ","- ",,,ALAMEDA,OAKLAND,-122.21950531005859,37.791923522949219
9069442,2020,2020-06-24,0109,2020-02-01,2318,9754,1,6,5,7,0109,0,0,0,,0,06X,"MARTIN LUTHER KING JR WY","SYCAMORE ST",0.00,,Y,A,-,N,,,,,,,,,,N,3,0,1,2,A,-,08,22107,,N,B,C,A,A,H,-,C,A,0,,,Y,,Y,,A,01,0,1,0,0,0,0,0,0,1,"- ","- ",,,ALAMEDA,OAKLAND,-122.27197265625,37.815650939941406
9070087,2020,2020-08-24,0109,2020-05-06,0920,8881,1,3,5,7,0109,0,0,0,,0,16X,"LEIMERT BL","HOOVER AV",65.00,N,N,A,-,N,,,,,,,,,,N,3,0,1,1,A,-,03,22350,,N,H,A,A,A,H,-,A,A,0,,Y,,,Y,,L,04,0,1,0,0,0,0,1,0,0,"- ","- ",,,ALAMEDA,OAKLAND,-122.20991516113281,37.811641693115234
9070092,2020,2020-08-24,0109,2020-05-03,1452,9682,2,7,5,7,0109,0,0,0,,0,31X,"85TH AV","SAN LEANDRO ST",0.00,,Y,A,-,N,,,,,,,,,,Y,3,0,1,2,A,-,09,21801,A,M,D,C,A,A,H,-,A,A,0,,,,,Y,,A,01,0,1,0,0,0,0,0,0,0,"- ","- ",,,ALAMEDA,OAKLAND,-122.18907928466797,37.747001647949219
9070267,2019,2020-03-20,0109,2019-12-25,2359,9401,2,3,5,7,0109,0,0,0,,0,26X,"INTERNATIONAL BL","64TH AV",0.00,,Y,C,-,N,,,,,,,,,,N,3,0,1,1,A,-,03,22350,,N,E,I,A,B,H,-,C,A,0,,,,,Y,,A,01,0,1,0,0,0,0,0,0,0,"- ","- ",,,ALAMEDA,OAKLAND,-122.19576263427734,37.763328552246094
9070282,2019,2020-03-19,0109,2019-08-24,0010,9674,1,6,5,7,0109,0,0,0,,0,13Z,"CHELTON DR",HAVERHILL,150.00,N,N,E,-,N,,,,,,,,,,N,3,0,1,2,A,-,03,22350,,N,C,E,A,A,H,-,D,A,0,,,Y,,Y,,C,02,0,1,0,0,0,0,0,0,1,"- ","- ",,,ALAMEDA,OAKLAND,-122.19468688964844,37.824638366699219
9071223,2020,2020-10-02,0103,2020-01-06,2045,43,,1,5,6,0103,0,0,0,,0,007,ASHBY,"CLAREMONT AV",150.00,W,N,A,-,Y,ALA,4,13,-,-,10.820,H,-,S,N,3,0,2,2,A,-,03,22350,,N,C,C,A,A,H,-,C,A,0,,,,,Y,,A,01,0,2,0,0,0,0,0,0,0,"- ","- ",37.858039855957031,-122.24530029296875,ALAMEDA,BERKELEY,-122.24590301513672,37.857997894287109
9071227,2020,2020-10-02,0103,2020-01-30,1640,121,,4,5,6,0103,0,0,0,,0,011,ASHBY,MABEL,200.00,E,N,A,-,Y,ALA,4,13,-,-,12.980,H,-,S,N,3,0,1,2,A,-,03,22350,,N,C,C,A,A,H,-,C,D,0,,,,,Y,,A,01,0,1,0,0,0,0,0,0,0,"- ","- ",37.85321044921875,-122.2828369140625,ALAMEDA,BERKELEY,-122.28302001953125,37.852897644042969
9071231,2020,2020-10-02,0103,2020-01-03,1110,26,,5,5,6,0103,0,0,0,,0,013,ASHBY,7TH,0.00,,Y,A,-,Y,ALA,4,13,-,-,13.460,H,-,S,N,3,0,1,2,A,-,03,22350,A,N,C,C,A,A,H,-,A,A,0,,,,,Y,,A,01,0,1,0,0,0,0,0,0,0,"- ","- ",37.851009368896484,-122.29109954833984,ALAMEDA,BERKELEY,-122.29141235351562,37.850860595703125
9071725,2019,2020-03-20,0109,2019-11-21,0856,9536,1,4,5,7,0109,0,0,0,,0,12X,"40TH ST","TELEGRAPH AV",50.00,W,N,A,-,N,,,,,,,,,,N,3,0,1,2,A,-,17,21209,,N,D,C,A,A,H,-,A,A,0,,,Y,,Y,,A,01,0,1,0,0,0,0,0,0,1,"- ","- ",,,ALAMEDA,OAKLAND,-122.26463317871094,37.829193115234375
9071726,2019,2020-03-20,0109,2019-11-23,0250,9717,1,6,5,7,0109,0,0,0,,0,21X,"FRUITVALE AV","HAROLD ST",0.00,,Y,A,-,N,,,,,,,,,,N,3,0,1,2,A,-,12,21453,A,F,D,C,A,A,H,-,C,A,0,,,,,Y,,A,01,0,1,0,0,0,0,0,0,0,"- ","- ",,,ALAMEDA,OAKLAND,-122.21713256835938,37.797931671142578
9071730,2019,2020-03-20,0109,2019-11-22,1533,9802,1,5,5,7,0109,0,0,0,,0,04X,"19TH ST","TELEGRAPH AV",0.00,,Y,A,-,N,,,,,,,,,,N,3,0,1,2,A,-,10,21950,A,N,H,G,B,A,H,-,A,A,0,Y,Y,,,Y,,L,04,0,1,0,0,1,0,0,0,0,"- ","- ",,,ALAMEDA,OAKLAND,-122.26992034912109,37.808170318603516
9071771,2019,2020-05-16,0109,2019-06-15,2305,9414,2,6,5,7,0109,0,0,0,,0,30Y,"BANCROFT AV","81ST AV",0.00,,Y,A,-,N,,,,,,,,,,Y,3,0,4,2,A,-,09,21802,A,N,D,C,A,A,H,-,C,A,0,,,,,Y,,A,07,0,1,3,0,0,0,0,0,0,"- ","- ",,,ALAMEDA,OAKLAND,-122.17117309570312,37.760700225830078
9071819,2019,2020-03-19,0109,2019-11-28,1652,9259,2,4,5,7,0109,0,0,0,,0,34X,"INTERNATIONAL BL","94TH AV",0.00,,Y,A,-,N,,,,,,,,,,Y,3,0,1,3,A,-,03,22350,,N,C,C,F,A,H,-,A,D,0,Y,,,,Y,,A,01,0,1,0,0,1,0,0,0,0,"- ","- ",,,ALAMEDA,OAKLAND,-122.17263793945312,37.747150421142578
9072204,2020,2020-05-19,0109,2020-02-21,2345,9570,1,5,5,7,0109,0,0,0,,0,03X,BROADWAY,"11TH ST",0.00,,Y,A,-,N,,,,,,,,,,Y,3,0,2,2,A,-,09,21801,A,N,D,C,A,A,H,-,C,A,0,,,,,Y,Y,A,01,0,1,1,0,0,0,0,0,0,"- ","- ",,,ALAMEDA,OAKLAND,-122.27247619628906,37.802238464355469
9072208,2020,2020-05-19,0109,2020-02-29,0211,9591,2,6,5,7,0109,0,0,0,,0,32X,"MACARTHUR BL","BYRON AV",0.00,,Y,A,-,N,,,,,,,,,,N,2,0,1,1,A,-,08,22107,,N,E,I,A,A,H,-,C,D,0,,,,,Y,,A,01,1,0,0,0,0,0,0,0,0,"- ","- ",,,ALAMEDA,OAKLAND,-122.15509796142578,37.745231628417969
9072212,2020,2020-06-18,0109,2020-02-24,0801,9735,1,1,5,7,0109,0,0,0,,0,02X,"ADELINE ST","12TH ST",0.00,,Y,A,-,N,,,,,,,,,,N,3,0,6,3,A,-,12,21453,A,N,D,C,A,A,H,-,A,A,0,,,,,Y,,A,01,0,3,3,0,0,0,0,0,0,"- ","- ",,,ALAMEDA,OAKLAND,-122.28666687011719,37.808090209960938
9072269,2020,2020-06-23,0109,2020-01-18,0753,9618,2,6,5,7,0109,0,0,0,,0,27X,"55TH AV","WENTWORTH AV",0.00,,Y,A,-,N,,,,,,,,,,N,3,0,1,2,C,-,18,,,N,F,E,A,A,H,-,A,D,0,,,,,Y,,-,"- ",0,1,0,0,0,0,0,0,0,"- ","- ",,,ALAMEDA,OAKLAND,-122.19953918457031,37.770061492919922
9072566,2020,2020-06-26,0109,2020-03-02,1951,9682,2,1,5,7,0109,0,0,0,,0,31X,"98TH AV","AIRPPORT ACCESS RD",0.00,,Y,A,-,N,,,,,,,,,,N,3,0,2,2,A,-,09,21801,A,N,D,C,A,A,H,-,C,C,0,,,,,Y,,A,01,0,2,0,0,0,0,0,0,0,"- ","- ",,,ALAMEDA,OAKLAND,-122.19869232177734,37.727680206298828
9072574,2020,2020-06-26,0109,2020-03-03,1412,9401,1,2,5,7,0109,0,0,0,,0,02X,"7TH ST","UNION  ST",0.00,,Y,A,-,N,,,,,,,,,,N,2,0,1,2,A,-,00,21955,A,N,G,B,D,A,H,-,A,A,0,Y,,,,Y,,N,60,1,0,0,0,1,0,0,0,0,"- ","- ",,,ALAMEDA,OAKLAND,-122.29042053222656,37.804271697998047
9072767,2020,2020-06-24,0109,2020-03-05,0636,9194,1,4,5,7,0109,0,0,0,,0,20X,"E 12TH ST","26TH AV",0.00,,Y,A,-,N,,,,,,,,,,N,3,0,1,2,A,-,05,21651,B,N,A,C,A,A,H,-,A,D,0,,,Y,,Y,,C,03,0,1,0,0,0,0,0,0,1,"- ","- ",,,ALAMEDA,OAKLAND,-122.23362731933594,37.780330657958984
9072775,2020,2020-06-24,0109,2020-03-11,1656,9325,2,3,5,7,0109,0,0,0,,0,26X,"COLISEUM WY","KEVIN CT",0.00,,Y,A,-,N,,,,,,,,,,Y,3,0,1,2,A,-,09,21802,A,N,D,C,A,A,H,-,A,A,0,,,,,Y,,A,01,0,1,0,0,0,0,0,0,0,"- ","- ",,,ALAMEDA,OAKLAND,-122.20806884765625,37.757831573486328
9073630,2020,2020-07-22,0109,2020-04-21,2318,9420,2,2,5,7,0109,0,0,0,,0,028,"MACARTHUR BL","55TH AV",171.00,W,N,A,-,N,,,,,,,,,,N,3,0,1,2,A,-,11,21954,A,F,G,B,E,A,H,-,C,D,0,Y,,,,Y,Y,N,60,0,1,0,0,1,0,0,0,0,"- ","- ",,,ALAMEDA,OAKLAND,-122.18777465820312,37.778224945068359
9073634,2020,2020-07-22,0109,2020-04-22,1525,9559,1,3,5,7,0109,0,0,0,,0,022,"35TH AV","ARIZONA ST",0.00,,Y,A,-,N,,,,,,,,,,Y,3,0,1,5,A,-,09,21801,A,N,D,C,A,-,H,-,A,D,0,,,,,Y,,A,01,0,1,0,0,0,0,0,0,0,"- ","- ",,,ALAMEDA,OAKLAND,-122.19682312011719,37.79608154296875
9074377,2020,2020-07-07,0109,2020-03-20,1440,9197,1,5,5,7,0109,0,0,0,,0,10X,"MARTIN LUTHER KING JR WY","41ST ST",40.00,S,N,A,-,N,,,,,,,,,,N,3,0,1,2,A,-,11,21954,A,N,G,B,D,A,H,-,A,D,0,Y,,,,Y,,N,60,0,1,0,0,1,0,0,0,0,"- ","- ",,,ALAMEDA,OAKLAND,-122.26824951171875,37.830482482910156
9074638,2020,2020-07-22,0109,2020-04-21,1439,8658,2,2,5,7,0109,0,0,0,,0,25X,"MACARTHUR BL","HIGH ST",105.00,W,N,B,-,N,,,,,,,,,,N,3,0,1,2,A,-,09,21801,A,N,D,G,A,A,H,-,A,D,0,,Y,,,Y,,A,01,0,1,0,0,0,0,1,0,0,"- ","- ",,,ALAMEDA,OAKLAND,-122.19501495361328,37.787605285644531
9076213,2019,2020-03-26,0109,2019-12-05,1947,9567,1,4,5,7,0109,0,0,0,,0,03X,"12TH ST","HARRISON ST",0.00,,Y,A,-,N,,,,,,,,,,Y,3,0,3,2,A,-,12,21453,A,N,D,C,A,A,H,-,C,A,0,,,,,Y,,-,"- ",0,1,2,0,0,0,0,0,0,"- ","- ",,,ALAMEDA,OAKLAND,-122.26846313476562,37.801548004150391
9076255,2019,2020-06-16,0109,2019-10-20,2219,9809,1,7,5,7,0109,0,0,0,,0,04X,"SAN PABLO AV","CASTRO ST",0.00,,Y,A,-,N,,,,,,,,,,N,2,0,1,2,A,-,12,21453,A,N,D,C,A,A,H,-,C,A,0,,,,,Y,,A,01,1,0,0,0,0,0,0,0,0,"- ","- ",,,ALAMEDA,OAKLAND,-122.27369689941406,37.811668395996094
9078499,2020,2020-05-09,0103,2020-01-18,1815,7,,6,5,6,0103,0,0,0,,0,009,ADELINE,FAIRVIEW,0.00,,Y,A,-,N,,,,,,,,,,N,3,0,1,2,A,-,03,22350,,N,C,C,A,A,H,-,C,D,0,,,,,Y,,A,01,0,1,0,0,0,0,0,0,0,"- ","- ",37.850681304931641,-122.27069091796875,ALAMEDA,BERKELEY,-122.27078247070312,37.850681304931641
9078530,2020,2020-05-21,0109,2020-01-03,2301,67,,5,5,7,0109,0,0,0,,0,,48TH,BANCROFT,0.00,,Y,A,-,N,,,,,,,,,,Y,3,0,1,2,A,-,12,22450,A,F,D,C,A,A,H,-,C,A,0,,,,,Y,Y,A,01,0,1,0,0,0,0,0,0,0,"- ","- ",37.863529205322266,-122.25499725341797,ALAMEDA,OAKLAND,-122.20838165283203,37.771759033203125
9078876,2020,2020-07-20,0109,2020-03-13,1028,8258,2,5,5,7,0109,0,0,0,,0,26X,"SEMINARY AV",TEVIS,150.00,N,N,A,-,N,,,,,,,,,,N,3,0,1,2,A,-,03,22350,,N,F,E,A,A,H,-,A,A,0,,,,,Y,,A,07,0,1,0,0,0,0,0,0,0,"- ","- ",,,ALAMEDA,OAKLAND,-122.20235443115234,37.763134002685547
9078885,2020,2020-07-20,0109,2020-03-03,2030,8958,2,2,5,7,0109,0,0,0,,0,18X,"19TH ST","22ND AV",0.00,,Y,A,-,N,,,,,,,,,,N,2,0,5,5,A,-,12,22450,A,N,D,C,A,A,H,-,C,A,0,,,,,Y,,A,08,3,0,2,0,0,0,0,0,0,"- ","- ",,,ALAMEDA,OAKLAND,-122.23471832275391,37.787899017333984
9079078,2020,2020-05-21,0109,2020-02-24,1425,8402,1,1,5,7,0109,0,0,0,,0,04X,"22ND ST",BROADWAY,0.00,,Y,A,-,N,,,,,,,,,,N,3,0,1,2,A,-,12,21453,A,N,D,C,A,A,H,-,A,A,0,,,Y,,Y,,C,03,0,1,0,0,0,0,0,0,1,"- ","- ",,,ALAMEDA,OAKLAND,-122.26708984375,37.810939788818359
9082941,2020,2020-07-15,0109,2020-03-08,1058,9786,2,7,5,7,0109,0,0,0,,0,26Y,"INTERNATIONAL BL","81ST AV",0.00,,Y,A,-,N,,,,,,,,,,N,3,0,1,2,A,-,03,22350,,N,F,C,A,A,H,-,A,A,0,,,,,Y,,A,01,0,1,0,0,0,0,0,0,0,"- ","- ",,,ALAMEDA,OAKLAND,-122.18064880371094,37.756118774414062
9082949,2020,2020-08-03,0109,2020-03-11,1148,8258,2,3,5,7,0109,0,0,0,,0,31X,"HEGENBERGER RD","RT 880",0.00,,Y,A,-,N,,,,,,,,,,N,3,0,3,2,A,-,12,21453,A,N,D,C,A,A,H,-,C,A,0,,,,,Y,,A,01,0,2,1,0,0,0,0,0,0,"- ",SF,,,ALAMEDA,OAKLAND,-122.19657135009766,37.740688323974609
9083215,2020,2020-07-01,0109,2020-03-26,1823,9235,2,4,5,7,0109,0,0,0,,0,33X,"87TH AV","G ST",189.00,N,N,A,-,N,,,,,,,,,,Y,3,0,1,3,A,-,08,22107,,N,B,E,A,A,H,-,B,D,0,,,Y,,Y,,C,06,0,1,0,0,0,0,0,0,1,"- ","- ",,,ALAMEDA,OAKLAND,-122.18405151367188,37.748237609863281
9083227,2020,2020-07-01,0109,2020-03-13,0839,9390,2,5,5,7,0109,0,0,0,,0,31X,"EDGEWATER DR","HASSLER WY",0.00,,Y,A,-,N,,,,,,,,,,Y,2,0,1,2,A,-,09,21801,A,N,D,C,A,A,H,-,A,A,0,,,Y,,Y,,A,01,1,0,0,0,0,0,0,0,1,"- ","- ",,,ALAMEDA,OAKLAND,-122.20712280273438,37.746238708496094
9083592,2019,2020-05-09,0109,2019-11-14,1838,9275,1,4,5,7,0109,0,0,0,,0,03X,"HARRISON ST","9TH ST",0.00,,Y,A,-,N,,,,,,,,,,N,2,0,1,2,A,-,12,21453,A,N,D,C,A,A,H,-,C,A,0,,,,,Y,,A,07,1,0,0,0,0,0,0,0,0,"- ","- ",,,ALAMEDA,OAKLAND,-122.26975250244141,37.799468994140625
9083865,2020,2020-05-26,0109,2020-01-05,1135,9754,1,7,5,7,0109,0,0,0,,0,21X,"25TH AV","FOOTHILL BL",0.00,S,Y,A,-,N,,,,,,,,,,N,2,0,1,2,A,-,03,22350,,M,C,C,A,A,H,-,A,D,0,,,,,Y,,-,,1,0,0,0,0,0,0,0,0,"- ","- ",,,ALAMEDA,OAKLAND,-122.23065948486328,37.784679412841797
9084659,2020,2020-07-16,0103,2020-02-24,1525,40,,1,5,6,0103,0,0,0,,0,007,COLLEGE,RUSSELL,0.00,,Y,A,-,N,,,,,,,,,,N,3,0,1,2,A,-,10,21950,A,N,G,B,B,A,H,-,A,A,0,Y,,,,Y,,D,22,0,1,0,0,1,0,0,0,0,"- ","- ",37.85845947265625,-122.25318145751953,ALAMEDA,BERKELEY,-122.25318908691406,37.858489990234375
9084706,2020,2020-05-27,0103,2020-02-01,1039,26,,6,5,6,0103,0,0,0,,0,003,"CEDAR ST","MILVIA ST",0.00,,Y,A,-,N,,,,,,,,,,Y,3,0,1,2,D,-,00,,,N,D,C,A,-,H,-,A,A,0,,,,,Y,,-,"- ",0,1,0,0,0,0,0,0,0,"- ","- ",37.878120422363281,-122.27142333984375,ALAMEDA,BERKELEY,-122.27140045166016,37.878128051757812
9085007,2020,2020-06-29,0109,2020-03-10,0815,9890,1,2,5,7,0109,0,0,0,,0,21X,"FRUITVALE AV","E 23RD ST",0.00,,Y,A,-,N,,,,,,,,,,N,3,0,1,2,A,-,08,22107,,N,G,B,A,A,H,-,A,A,0,,,,,Y,,A,01,0,1,0,0,0,0,0,0,0,"- ","- ",,,ALAMEDA,OAKLAND,-122.22206878662109,37.785430908203125
9085464,2020,2020-05-07,0109,2020-01-21,2116,9784,1,2,5,7,0109,0,0,0,,0,02X,"5TH ST","MANDELA PKWY",0.00,,Y,C,-,N,,,,,,,,,,N,2,0,1,2,A,-,10,21950,A,F,G,B,B,B,H,-,C,A,0,Y,,,,Y,,-,99,1,0,0,0,1,0,0,0,0,"- ","- ",,,ALAMEDA,OAKLAND,-122.29408264160156,37.803791046142578
9086465,2020,2020-06-18,0109,2020-03-11,1741,8660,0,3,5,7,0109,0,0,0,,0,09X,"GLEN AV","PIEDMONT AV",150.00,E,N,A,-,N,,,,,,,,,,N,3,0,1,2,A,-,09,21801,A,N,D,G,A,A,H,-,A,A,0,,Y,,,Y,,A,07,0,1,0,0,0,0,1,0,0,"- ","- ",,,ALAMEDA,OAKLAND,-122.25254821777344,37.825729370117188
9086925,2020,2020-06-26,0109,2020-03-31,1558,9657,1,2,5,7,0109,0,0,0,,0,06X,"MARTIN LUTHER KING JR WY","32ND ST",0.00,,Y,A,-,N,,,,,,,,,,N,3,0,1,2,A,-,09,21800,A,N,D,C,A,A,H,-,A,A,0,,,Y,,Y,,A,08,0,1,0,0,0,0,0,0,1,"- ","- ",,,ALAMEDA,OAKLAND,-122.27049255371094,37.821521759033203
9087488,2020,2020-07-21,0109,2020-03-01,1504,9821,1,7,5,7,0109,0,0,0,,0,20X,"29TH AV","GLASCOCK ST",2.00,N,N,A,-,N,,,,,,,,,,N,2,0,1,2,A,-,11,21954,A,N,G,B,D,A,H,-,A,D,0,Y,,,,Y,,N,60,1,0,0,0,1,0,0,0,0,"- ","- ",,,ALAMEDA,OAKLAND,-122.23539733886719,37.772743225097656
9087489,2020,2020-07-10,0109,2020-03-28,1402,9607,2,6,5,7,0109,0,0,0,,0,28X,MACARTHUR,"MILLSVIEW AV",140.00,S,N,B,-,N,,,,,,,,,,N,3,0,1,1,A,-,03,22350,,M,E,I,A,A,H,-,A,D,0,,,,,Y,,A,01,0,1,0,0,0,0,0,0,0,"- ","- ",,,ALAMEDA,OAKLAND,-122.18724060058594,37.778583526611328