CASE_ID,ACCIDENT_YEAR,PROC_DATE,JURIS,COLLISION_DATE,COLLISION_TIME,OFFICER_ID,REPORTING_DISTRICT,DAY_OF_WEEK,CHP_SHIFT,POPULATION,CNTY_CITY_LOC,SPECIAL_COND,BEAT_TYPE,CHP_BEAT_TYPE,CITY_DIVISION_LAPD,CHP_BEAT_CLASS,BEAT_NUMBER,PRIMARY_RD,SECONDARY_RD,DISTANCE,DIRECTION,INTERSECTION,WEATHER_1,WEATHER_2,STATE_HWY_IND,CALTRANS_COUNTY,CALTRANS_DISTRICT,STATE_ROUTE,ROUTE_SUFFIX,POSTMILE_PREFIX,POSTMILE,LOCATION_TYPE,RAMP_INTERSECTION,SIDE_OF_HWY,TOW_AWAY,COLLISION_SEVERITY,NUMBER_KILLED,NUMBER_INJURED,PARTY_COUNT,PRIMARY_COLL_FACTOR,PCF_CODE_OF_VIOL,PCF_VIOL_CATEGORY,PCF_VIOLATION,PCF_VIOL_SUBSECTION,HIT_AND_RUN,TYPE_OF_COLLISION,MVIW,PED_ACTION,ROAD_SURFACE,ROAD_COND_1,ROAD_COND_2,LIGHTING,CONTROL_DEVICE,CHP_ROAD_TYPE,PEDESTRIAN_ACCIDENT,BICYCLE_ACCIDENT,MOTORCYCLE_ACCIDENT,TRUCK_ACCIDENT,NOT_PRIVATE_PROPERTY,ALCOHOL_INVOLVED,STWD_VEHTYPE_AT_FAULT,CHP_VEHTYPE_AT_FAULT,COUNT_SEVERE_INJ,COUNT_VISIBLE_INJ,COUNT_COMPLAINT_PAIN,COUNT_PED_KILLED,COUNT_PED_INJURED,COUNT_BICYCLIST_KILLED,COUNT_BICYCLIST_INJURED,COUNT_MC_KILLED,COUNT_MC_INJURED,PRIMARY_RAMP,SECONDARY_RAMP,LATITUDE,LONGITUDE,COUNTY,CITY,POINT_X,POINT_Y
9087490,2020,2020-07-10,0109,2020-03-13,1500,9194,1,5,5,7,0109,0,0,0,,0,20X,"28TH AV","FOOTHILL AV",325.00,S,N,A,-,N,,,,,,,,,,N,3,0,1,2,A,-,11,21954,A,M,G,B,D,A,H,-,A,D,0,Y,,,,Y,,N,60,0,1,0,0,1,0,0,0,0,"- ","- ",,,ALAMEDA,OAKLAND,-122.22620391845703,37.783668518066406
9087649,2020,2020-10-02,0103,2020-02-02,1227,86,,7,5,6,0103,0,0,0,,0,005,"ASHBY 13","SAN PABLO AV",0.00,,Y,A,-,Y,ALA,4,13,-,-,13.060,H,-,N,Y,3,0,1,3,A,-,05,21460,B,N,D,C,A,A,H,-,A,A,0,,,,,Y,,A,01,0,1,0,0,0,0,0,0,0,"- ","- ",37.852138519287109,-122.28668212890625,ALAMEDA,BERKELEY,-122.28446197509766,37.852611541748047
9087650,2020,2020-10-02,0103,2020-02-12,1722,121,,3,5,6,0103,0,0,0,,0,011,ASHBY,ACTON,0.00,,Y,A,-,Y,ALA,4,13,-,-,12.890,I,5,S,Y,2,0,1,2,A,-,09,21801,A,N,A,C,A,A,H,-,A,D,0,,,,,Y,,A,01,1,0,0,0,0,0,0,0,0,"- ","- ",37.853199005126953,-122.28138732910156,ALAMEDA,BERKELEY,-122.28141021728516,37.853214263916016
9087697,2020,2020-07-17,0109,2020-03-28,1822,9582,2,6,5,7,0109,0,0,0,,0,25X,"KELLER AV","CAMPUS DR",0.00,,Y,B,-,N,,,,,,,,,,Y,2,0,4,2,A,-,03,22350,,N,C,C,A,A,H,-,A,D,0,,,,,Y,,A,01,2,0,2,0,0,0,0,0,0,"- ","- ",,,ALAMEDA,OAKLAND,-122.1446533203125,37.773189544677734
9087698,2020,2020-07-17,0109,2020-03-09,2011,9168,2,1,5,7,0109,0,0,0,,0,23X,"INTERNATIONAL BL","41ST AV",15.00,S,N,A,-,N,,,,,,,,,,N,3,0,1,2,A,-,09,21802,A,N,D,C,A,A,H,-,C,A,0,,,Y,,Y,,A,01,0,1,0,0,0,0,0,0,1,"- ","- ",,,ALAMEDA,OAKLAND,-122.21713256835938,37.773456573486328
90898419,2019,2019-01-07,9370,2019-01-04,0640,021718,,5,1,6,0103,0,1,1,,2,081,"I-80 W/B","GILMAN ST",2300.00,E,N,A,-,Y,,,,,,,,,,N,3,0,2,2,A,-,07,21658,A,N,C,C,A,A,H,-,C,D,0,,,,,Y,,A,01,0,2,0,0,0,0,0,0,0,"- ","- ",37.884941101074219,-122.30890655517578,ALAMEDA,BERKELEY,,
90898628,2019,2019-01-07,9370,2019-01-04,1745,019815,,5,2,7,0109,0,1,1,,2,052,"I-580 W/B","106TH AVE",1250.00,W,N,A,-,Y,,,580,,,,,,W,N,3,0,1,2,A,-,03,22350,,N,C,C,A,A,H,-,D,D,0,,,,,Y,,A,01,0,1,0,0,0,0,0,0,0,"- ","- ",37.749530792236328,-122.15093231201172,ALAMEDA,OAKLAND,-122.15102386474609,37.749485015869141
9089867,2020,2020-06-24,0109,2020-03-05,0046,9833,2,4,5,7,0109,0,0,0,,0,30X,"MACARTHUR BL","82ND AV",280.00,W,N,A,-,N,,,,,,,,,,N,2,0,1,2,A,-,08,22107,,F,G,B,E,A,H,-,C,D,0,Y,,,,Y,,-,99,1,0,0,0,1,0,0,0,0,"- ","- ",,,ALAMEDA,OAKLAND,-122.16544342041016,37.763324737548828
9089875,2020,2020-06-24,0109,2020-03-13,2305,9658,1,5,5,7,0109,0,0,0,,0,08X,"TELEGRAPH AV","39TH ST",106.00,N,N,B,-,N,,,,,,,,,,N,3,0,1,2,A,-,08,22107,,N,C,E,A,A,H,-,C,D,0,,,,,Y,,A,07,0,1,0,0,0,0,0,0,0,"- ","- ",,,ALAMEDA,OAKLAND,-122.26458740234375,37.828685760498047
9089922,2020,2020-07-24,0109,2020-03-14,1738,9874,1,6,5,7,0109,0,0,0,,0,21X,"E 23RD ST","INYO AV",0.00,,Y,B,C,N,,,,,,,,,,N,3,0,2,2,A,-,09,21800,A,N,A,C,A,B,H,-,A,D,0,,,,,Y,,A,01,0,1,1,0,0,0,0,0,0,"- ","- ",,,ALAMEDA,OAKLAND,-122.22917938232422,37.789669036865234
90900577,2019,2019-01-09,9370,2019-01-07,1615,022098,,1,2,7,0109,0,1,1,,2,176,"I-880 N/B","HIGH ST",1900.00,S,N,B,-,Y,,,,,,,,,,N,3,0,1,2,A,-,07,21658,A,M,C,C,A,A,H,-,A,D,0,,,,,Y,,D,22,0,1,0,0,0,0,0,0,0,"- ","- ",37.454978942871094,-122.12599182128906,ALAMEDA,OAKLAND,-122.21674346923828,37.763908386230469
90900654,2019,2019-01-09,9370,2019-01-04,1142,021364,,5,1,7,0109,0,1,1,,2,054,"I-580 E/B","GRAND AVE",730.00,W,N,A,-,Y,,,,,,,,,,Y,3,0,2,2,A,-,05,21651,A,N,C,C,A,A,H,-,A,D,0,,,,,Y,,A,01,0,2,0,0,0,0,0,0,0,"- ","- ",37.484199523925781,-122.150146484375,ALAMEDA,OAKLAND,-122.25028991699219,37.811691284179688
90903066,2019,2019-01-14,9370,2019-01-06,1800,020815,,7,2,7,0109,0,1,3,,2,024,"SR-24 W/B",BROADWAY,500.00,E,N,C,-,Y,,,24,,,,,,W,Y,3,0,1,2,A,-,03,22350,,N,B,C,A,B,H,-,C,D,0,,,,,Y,,A,01,0,1,0,0,0,0,0,0,0,"- ","- ",37.849971771240234,-122.24037170410156,ALAMEDA,OAKLAND,-122.24037933349609,37.850028991699219
90903097,2019,2019-01-14,9370,2019-01-06,1355,019815,,7,1,7,0109,0,1,1,,2,098,"I-980 W/B","14TH ST",200.00,E,N,B,C,Y,,,980,,,,,,W,N,3,0,1,2,A,-,08,22107,,N,E,I,A,B,H,-,A,D,0,,,,,Y,,A,01,0,1,0,0,0,0,0,0,0,"- ","- ",37.807289123535156,-122.27771759033203,ALAMEDA,OAKLAND,-122.27781677246094,37.807357788085938
90903102,2019,2019-01-14,9370,2019-01-06,1435,019815,,7,2,7,0109,0,1,1,,2,098,"I-980 E/B","12TH ST",75.00,E,N,B,C,Y,,,980,,,,,,E,Y,3,0,1,1,A,-,08,22107,,N,E,I,A,B,H,-,A,D,0,,,,,Y,,A,01,0,1,0,0,0,0,0,0,0,"- ","- ",37.805858612060547,-122.27860260009766,ALAMEDA,OAKLAND,-122.27845001220703,37.805778503417969
90903176,2019,2019-01-14,9370,2019-01-06,1700,021979,,7,2,7,0109,0,1,1,,2,054,"I-580 W/B","LAKESHORE AVE",900.00,E,N,C,-,Y,,,,,,,,,,Y,3,0,1,1,A,-,03,22350,,N,F,I,A,B,H,-,D,D,0,,,,,Y,,A,07,0,1,0,0,0,0,0,0,0,"- ","- ",37.08087158203125,-122.24224090576172,ALAMEDA,OAKLAND,-122.24346160888672,37.808982849121094
9090321,2020,2020-07-02,0103,2020-02-21,0855,86,,5,5,6,0103,0,0,0,,0,005,CHANNING,"MARTIN LUTHER KING JR WY",0.00,,Y,A,-,N,,,,,,,,,,N,3,0,1,2,A,-,11,21456,B,N,G,B,B,A,H,-,A,A,0,Y,,,,Y,,N,60,0,1,0,0,1,0,0,0,0,"- ","- ",37.865169525146484,-122.27230834960938,ALAMEDA,BERKELEY,-122.27230834960938,37.865169525146484
9090322,2020,2020-07-02,0103,2020-02-25,1614,33,,2,5,6,0103,0,0,0,,0,008,"SHATTUCK AV",STUART,0.00,,Y,A,-,N,,,,,,,,,,N,3,0,1,3,A,-,09,21802,A,N,D,C,A,A,H,-,-,A,0,,,,,Y,,A,01,0,1,0,0,0,0,0,0,0,"- ","- ",37.858528137207031,-122.26689910888672,ALAMEDA,BERKELEY,-122.26690673828125,37.858509063720703
9090323,2020,2020-09-25,0103,2020-02-29,1842,108,,6,5,6,0103,0,0,0,,0,013,ASHBY,"7TH ST",1114.00,W,N,A,-,Y,ALA,4,13,-,-,13.230,H,-,N,Y,3,0,1,2,A,-,"- ",,,N,C,C,A,A,H,-,C,D,0,,,,,Y,,-,"- ",0,1,0,0,0,0,0,0,0,"- ","- ",37.847469329833984,-122.29808044433594,ALAMEDA,BERKELEY,-122.28758239746094,37.852039337158203
9090324,2020,2020-07-02,0103,2020-02-13,1149,2,,4,5,6,0103,0,0,0,,0,006,"ELLSWORTH ST","BANCROFT WY",0.00,,Y,A,-,N,,,,,,,,,,N,3,0,1,2,A,-,09,21802,A,N,D,J,A,-,H,-,A,A,0,,,Y,,Y,,A,01,0,1,0,0,0,0,0,0,1,"- ","- ",37.868141174316406,-122.26373291015625,ALAMEDA,BERKELEY,-122.26374816894531,37.868171691894531
9090325,2020,2020-07-02,0103,2020-02-21,1958,142,,5,5,6,0103,0,0,0,,0,008,TELEGRAPH,DOWLING,0.00,,Y,A,-,N,,,,,,,,,,N,2,0,1,2,A,-,10,21950,A,F,G,B,B,A,H,-,C,D,0,Y,,,,Y,,A,01,1,0,0,0,1,0,0,0,0,"- ","- ",37.854160308837891,-122.25959777832031,ALAMEDA,BERKELEY,-122.25993347167969,37.854469299316406
9090326,2020,2020-07-01,0103,2020-02-26,1953,46,,3,5,6,0103,0,0,0,,0,004,OXFORD,UNIVERSITY,0.00,,Y,A,-,N,,,,,,,,,,N,2,0,1,2,A,-,14,21201,D,N,H,G,A,A,H,-,C,A,0,,Y,,,Y,,L,04,1,0,0,0,0,0,1,0,0,"- ","- ",37.872451782226562,-122.26608276367188,ALAMEDA,BERKELEY,-122.26616668701172,37.872489929199219
9090328,2020,2020-07-02,0103,2020-02-14,1355,111,,5,5,6,0103,0,0,0,,0,016,"LINCOLN ST","UTILITY POLE #110157843",72.00,N,N,A,-,N,,,,,,,,,,N,2,0,1,1,A,-,03,22350,,N,E,I,A,A,H,-,A,D,0,,,,,Y,,A,01,1,0,0,0,0,0,0,0,0,"- ","- ",37.875419616699219,-122.28389739990234,ALAMEDA,BERKELEY,,
9090329,2020,2020-07-02,0103,2020-02-23,2219,94,17,7,5,6,0103,0,0,0,,0,001,"VINE ST","SHATTUCK AV",0.00,,Y,A,-,N,,,,,,,,,,Y,3,0,4,2,A,-,08,22107,,N,D,C,A,A,H,-,C,A,0,,,,,Y,,A,01,0,3,1,0,0,0,0,0,0,"- ","- ",37.880218505859375,-122.26933288574219,ALAMEDA,BERKELEY,-122.26936340332031,37.880199432373047
9090332,2020,2020-07-02,0103,2020-02-16,1840,67,,7,5,6,0103,0,0,0,,0,008,WOOLSEY,SHATTUCK,0.00,,Y,A,-,N,,,,,,,,,,N,3,0,1,2,A,-,10,21950,A,N,G,B,B,A,H,-,C,A,0,Y,,,,Y,,A,01,0,1,0,0,1,0,0,0,0,"- ","- ",37.852378845214844,-122.26612091064453,ALAMEDA,BERKELEY,-122.26615142822266,37.852359771728516
9090333,2020,2020-07-02,0103,2020-02-19,2058,24,,3,5,6,0103,0,0,0,,0,005,SHATTUCK,"BANCROFT WY",150.00,S,N,A,-,N,,,,,,,,,,N,3,0,1,3,A,-,03,22350,,N,B,B,F,A,H,-,C,D,0,Y,Y,,,Y,,L,04,0,1,0,0,1,0,0,0,0,"- ","- ",37.867229461669922,-122.26725769042969,ALAMEDA,BERKELEY,-122.26789855957031,37.867210388183594
9090334,2020,2020-07-02,0103,2020-02-24,1835,155,,1,5,6,0103,0,0,0,,0,012,"UNIVERSITY AV","SACRAMENTO ST",10.00,W,N,A,-,N,,,,,,,,,,Y,3,0,1,2,A,-,03,22350,,F,C,C,A,A,H,-,C,A,0,,,,,Y,,A,01,0,1,0,0,0,0,0,0,0,"- ","- ",37.870410919189453,-122.28193664550781,ALAMEDA,BERKELEY,-122.28207397460938,37.870456695556641
9090335,2020,2020-07-01,0103,2020-02-28,1634,28,,5,5,6,0103,0,0,0,,0,007,COLLEGE,CHANNING,0.00,,Y,A,-,N,,,,,,,,,,N,3,0,2,2,A,-,08,22103,,N,D,C,A,A,H,-,A,A,0,,,Y,,Y,,A,01,0,2,0,0,0,0,0,0,1,"- ","- ",37.867740631103516,-122.25402069091797,ALAMEDA,BERKELEY,-122.25428771972656,37.867481231689453
9090336,2020,2020-07-02,0103,2020-02-14,1627,108,,5,5,6,0103,0,0,0,,0,014,"UNIVERSITY AV","6TH ST",0.00,,Y,A,-,N,,,,,,,,,,Y,3,0,2,2,A,-,09,21801,A,N,D,C,A,A,H,-,A,A,0,,,,,Y,,A,01,0,2,0,0,0,0,0,0,0,"- ","- ",37.867988586425781,-122.29766082763672,ALAMEDA,BERKELEY,-122.29770660400391,37.867969512939453
9090337,2020,2020-07-02,0103,2020-02-21,1034,26,,5,5,6,0103,0,0,0,,0,008,SHATTUCK,EMERSON,0.00,,Y,A,-,N,,,,,,,,,,Y,3,0,1,2,A,-,09,21802,A,N,D,C,A,A,H,-,A,A,0,,,,,Y,,A,01,0,1,0,0,0,0,0,0,0,"- ","- ",37.854549407958984,-122.26638793945312,ALAMEDA,BERKELEY,-122.26641845703125,37.854518890380859
9090338,2020,2020-07-02,0103,2020-02-24,1819,87,30,1,5,6,0103,0,0,0,,0,005,ALLSTON,MCGEE,0.00,,Y,A,-,N,,,,,,,,,,N,3,0,1,2,A,-,10,21950,A,N,G,B,B,A,H,-,B,D,0,Y,,,,Y,,A,01,0,1,0,0,1,0,0,0,0,"- ","- ",37.868198394775391,-122.27720642089844,ALAMEDA,BERKELEY,-122.2772216796875,37.868198394775391
9090339,2020,2020-07-01,0103,2020-02-28,1338,7,,5,5,6,0103,0,0,0,,0,009,ADELINE,ESSEX,0.00,,Y,A,-,N,,,,,,,,,,N,3,0,1,2,A,-,10,21950,A,N,G,B,B,A,H,-,A,D,0,Y,,,,Y,,A,01,0,1,0,0,1,0,0,0,0,"- ","- ",37.848098754882812,-122.27216339111328,ALAMEDA,BERKELEY,-122.26959228515625,37.853488922119141
9090340,2020,2020-07-02,0103,2020-02-19,1208,74,,3,5,6,0103,0,0,0,,0,012,UNIVERSITY,ACTON,0.00,,Y,A,-,N,,,,,,,,,,N,3,0,1,2,A,-,03,22350,,N,C,C,A,A,H,-,A,A,0,,,,,Y,,A,01,0,1,0,0,0,0,0,0,0,"- ","- ",,,ALAMEDA,BERKELEY,-122.28426361083984,37.87017822265625
90903987,2019,2019-01-14,9370,2019-01-04,1807,021979,,5,2,6,0103,0,1,1,,2,081,"I-80 W/B","ASHBY AVE",718.00,E,N,A,-,Y,,,,,,,,,,Y,3,0,1,3,A,-,03,22350,,N,C,C,A,A,H,-,D,D,0,,,,,Y,,A,01,0,1,0,0,0,0,0,0,0,"- ","- ",37.838600158691406,-122.29576873779297,ALAMEDA,BERKELEY,,
90904894,2019,2019-01-15,9370,2019-01-10,1350,021023,,4,1,7,0109,0,1,1,,2,054,"I-580 W/B","13TH AVENUE",350.00,E,N,A,-,Y,,,580,,,,,,W,Y,3,0,1,1,A,-,08,22107,,N,E,I,A,A,H,-,A,D,0,,,,,Y,,A,01,0,1,0,0,0,0,0,0,0,"- ","- ",37.801029205322266,-122.22978210449219,ALAMEDA,OAKLAND,-122.22955322265625,37.80145263671875
90906980,2019,2019-01-18,9370,2019-01-15,1850,020815,,2,2,7,0109,0,1,3,,2,024,"SR-24 W/B",BROADWAY,475.00,E,N,C,-,Y,,,24,,,,,,W,Y,3,0,1,3,A,-,03,22350,,M,E,I,A,B,H,-,C,D,0,,,,,Y,,-,99,0,1,0,0,0,0,0,0,0,"- ","- ",37.850028991699219,-122.23854827880859,ALAMEDA,OAKLAND,-122.23854064941406,37.850067138671875
9090784,2020,2020-10-09,0103,2020-02-03,1400,16,25,1,5,6,0103,0,0,0,,0,002,"EUCLID AV",RIDGE,0.00,,Y,A,-,N,,,,,,,,,,N,3,0,1,2,A,-,10,21950,A,N,G,B,B,A,H,-,A,D,0,Y,,,,Y,,A,01,0,1,0,0,1,0,0,0,0,"- ","- ",37.876018524169922,-122.26033020019531,ALAMEDA,BERKELEY,-122.26033020019531,37.876041412353516
90907851,2019,2019-01-21,9370,2019-01-20,0700,021718,,7,1,6,0103,0,1,1,,2,081,"I-80 E/B","GILMAN ST",2200.00,W,N,C,-,Y,,,80,,,,,,E,Y,3,0,1,2,A,-,08,22107,,N,C,D,A,B,H,-,A,D,0,,,,,Y,,A,01,0,1,0,0,0,0,0,0,0,"- ","- ",37.872081756591797,-122.30523681640625,ALAMEDA,BERKELEY,-122.30528259277344,37.872066497802734
9090786,2020,2020-10-09,0103,2020-02-02,1954,56,,7,5,6,0103,0,0,0,,0,016,"HOPKINS AV",ALBIN,0.00,,Y,A,-,N,,,,,,,,,,N,3,0,1,2,A,-,11,21954,A,N,G,B,D,A,H,-,D,D,0,Y,,,,Y,,N,60,0,1,0,0,1,0,0,0,0,"- ","- ",37.880428314208984,-122.2843017578125,ALAMEDA,BERKELEY,-122.28431701660156,37.880439758300781
9090787,2020,2020-06-12,0103,2020-02-11,1504,100,,2,5,6,0103,0,0,0,,0,005,"DWIGHT CRES","EDWARDS AV",0.00,,Y,A,-,N,,,,,,,,,,Y,3,0,2,2,A,-,03,22350,,N,C,C,A,A,H,-,-,D,0,,,,,Y,,A,01,0,2,0,0,0,0,0,0,0,"- ","- ",37.862068176269531,-122.28208923339844,ALAMEDA,BERKELEY,-122.28208923339844,37.862068176269531
9090788,2020,2020-06-12,0103,2020-02-06,1707,14,,4,5,6,0103,0,0,0,,0,012,"SACRAMENTO AV",BLAKE,0.00,,Y,A,-,N,,,,,,,,,,Y,3,0,2,3,A,-,09,21802,A,N,A,C,A,A,H,-,A,A,0,,,,,Y,Y,A,01,0,1,1,0,0,0,0,0,0,"- ","- ",37.861339569091797,-122.28074645996094,ALAMEDA,BERKELEY,-122.28086090087891,37.861328125
90907883,2019,2019-01-21,9370,2019-01-15,1922,021979,,2,2,7,0109,0,1,1,,2,052,"I-580 W/B","MACARTHUR BLVD",900.00,E,N,C,-,Y,,,580,,,,,,W,Y,3,0,1,2,C,-,18,,,N,D,C,A,B,H,-,D,D,0,,,,,Y,Y,-,"- ",0,1,0,0,0,0,0,0,0,"- ","- ",37.784229278564453,-122.18711853027344,ALAMEDA,OAKLAND,-122.18711853027344,37.784317016601562
9090791,2020,2020-06-12,0103,2020-02-07,1641,28,,5,5,6,0103,0,0,0,,0,004,UNIVERSITY,"WALNUT AV",0.00,,Y,A,-,N,,,,,,,,,,,3,0,1,2,A,-,08,22107,,N,B,G,A,A,H,-,A,A,0,,Y,,,Y,,A,08,0,1,0,0,0,0,1,0,0,"- ","- ",37.872348785400391,-122.26686096191406,ALAMEDA,BERKELEY,-122.26687622070312,37.872390747070312
9090792,2020,2020-06-12,0103,2020-02-05,0800,3,19,3,5,6,0103,0,0,0,,0,016,"GILMAN AV","CURTIS AV",3.00,E,N,A,-,N,,,,,,,,,,N,3,0,1,2,A,-,03,22350,,N,G,B,B,A,H,-,B,D,0,Y,,,,Y,,A,01,0,1,0,0,1,0,0,0,0,"- ","- ",37.881439208984375,-122.29000854492188,ALAMEDA,BERKELEY,-122.28997802734375,37.881427764892578
90907938,2019,2019-01-21,9370,2019-01-13,0145,021426,,7,3,7,0109,0,1,3,,2,025,"SR-24 WB FROM MARTIN LUTHER KING JR WAY","45TH ST",260.00,W,N,A,-,Y,,,24,,,,R,,W,Y,2,0,1,1,A,-,08,22107,,N,F,A,A,A,H,-,D,D,0,,,Y,,Y,,C,02,1,0,0,0,0,0,0,0,1,"- ","- ",37.832729339599609,-122.26692199707031,ALAMEDA,OAKLAND,-122.26692199707031,37.832729339599609
9090796,2020,2020-06-16,0103,2020-02-03,0726,149,,1,5,6,0103,0,0,0,,0,012,"SACRAMENTO ST","RUSSELL ST",0.00,,Y,A,-,N,,,,,,,,,,N,3,0,1,2,A,-,05,21650,1,N,D,G,A,A,H,-,A,D,0,,Y,,,Y,,L,04,0,1,0,0,0,0,1,0,0,"- ","- ",,,ALAMEDA,BERKELEY,-122.27944183349609,37.854869842529297
9090799,2020,2020-10-09,0103,2020-02-07,0950,8,209,5,5,6,0103,0,0,0,,0,004,"ADDISON AV","MILVIA ST",35.00,E,N,A,-,N,,,,,,,,,,,3,0,1,2,A,-,09,21804,A,N,B,G,A,A,A,H,A,D,0,,Y,,,Y,,A,01,0,1,0,0,0,0,1,0,0,"- ","- ",37.870880126953125,-122.27062225341797,ALAMEDA,BERKELEY,-122.2705078125,37.870876312255859
90909090,2019,2019-01-22,9370,2019-01-15,0820,021271,,2,1,7,0109,0,1,1,,2,008,"I-80 W/B","WEST GRAND AVE O/C",400.00,E,N,B,C,Y,,,80,,,,,,W,Y,3,0,1,3,A,-,03,22350,,N,B,C,A,B,H,-,A,D,0,,,Y,,Y,,C,02,0,1,0,0,0,0,0,0,1,"- ","- ",37.824939727783203,-122.30883026123047,ALAMEDA,OAKLAND,-122.308837890625,37.825035095214844
90912312,2019,2019-01-25,9370,2019-01-16,1400,021913,,3,2,6,0103,0,1,1,,2,081,"I-80 W/B","GILMAN ST",60.00,E,N,B,C,Y,,,80,,,,,,W,N,3,0,1,2,A,-,03,22350,,N,D,C,A,B,H,-,A,D,0,,,,,Y,,A,01,0,1,0,0,0,0,0,0,0,"- ","- ",37.878391265869141,-122.30738830566406,ALAMEDA,BERKELEY,-122.30748748779297,37.878360748291016
90914187,2019,2019-01-28,9370,2019-01-24,1530,021309,,4,2,7,0109,0,1,3,,2,013,"SR-13 S/B","MORAGA AVE",930.00,S,N,A,-,Y,,,13,,,,,,S,Y,3,0,1,1,A,-,08,22107,,N,E,J,A,A,H,-,A,D,0,,,,,Y,,A,01,0,1,0,0,0,0,0,0,0,"- ","- ",37.83013916015625,-122.2147216796875,ALAMEDA,OAKLAND,-122.21467590332031,37.830181121826172
90915089,2019,2019-01-29,9370,2019-01-25,1945,021023,,5,2,7,0109,0,1,3,,2,013,"SR-13 N/B","JOAQUIN MILLER RD",2750.00,S,N,A,-,Y,,,13,,,,,,N,Y,2,0,3,3,A,-,03,22350,,N,C,C,A,A,H,-,C,D,0,,,,,Y,,A,01,1,2,0,0,0,0,0,0,0,"- ","- ",37.8043212890625,-122.19155883789062,ALAMEDA,OAKLAND,-122.19134521484375,37.804500579833984
90915103,2019,2019-01-29,9370,2019-01-29,0853,021787,,2,1,7,0109,0,1,1,,2,052,"I-580 E/B","EDWARDS AVENUE",1315.00,W,N,B,-,Y,,,580,,,,,,E,Y,3,0,1,2,A,-,03,22350,,F,C,C,A,A,H,-,A,D,0,,,,,Y,,-,99,0,1,0,0,0,0,0,0,0,"- ","- ",37.778568267822266,-122.16876983642578,ALAMEDA,OAKLAND,-122.16883850097656,37.778427124023438
90916084,2019,2019-01-31,9370,2019-01-16,0445,021093,,3,3,7,0109,0,1,1,,2,008,"I-80 E/B","POWELL ST",2900.00,W,N,B,C,Y,,,80,,,,,,E,Y,2,0,2,2,A,-,01,23152,A,N,D,C,A,B,H,-,C,D,0,,,,,Y,Y,A,07,1,1,0,0,0,0,0,0,0,"- ","- ",37.830310821533203,-122.29358673095703,ALAMEDA,OAKLAND,-122.29347229003906,37.830295562744141
90917123,2019,2019-02-01,9370,2019-01-30,1725,021023,,3,2,7,0109,0,1,1,,2,055,"I-580 W/B","HOLLIS STREET",200.00,W,N,A,-,Y,,,580,,,,,,W,Y,3,0,1,2,D,-,00,,,N,C,C,A,A,H,-,B,D,0,,,,,Y,,-,"- ",0,1,0,0,0,0,0,0,0,"- ","- ",37.827480316162109,-122.28373718261719,ALAMEDA,OAKLAND,-122.28374481201172,37.827518463134766
90917419,2019,2019-02-01,9370,2019-01-24,0550,021645,,4,3,7,0109,0,1,1,,2,008,"I-80 W/B","I-880 N/B TO I-80 W/B",340.00,W,N,A,-,Y,,,80,,,,,,W,Y,2,0,1,4,A,-,03,22350,,N,B,C,A,A,H,-,C,D,0,,,Y,,Y,,C,02,1,0,0,0,0,0,0,0,1,"- ","- ",37.825088500976562,-122.30709075927734,ALAMEDA,OAKLAND,-122.30710601806641,37.825187683105469
90917907,2019,2019-02-04,9370,2019-01-27,1825,021913,,7,2,7,0109,0,1,1,,2,178,"I-880 S/B","ADELINE ST",2700.00,N,N,A,-,Y,,,880,,,,,,S,Y,3,0,1,2,A,-,03,22350,,N,C,C,A,A,H,-,D,D,0,,,,,Y,,A,07,0,1,0,0,0,0,0,0,0,"- ","- ",37.80194091796875,-122.29799652099609,ALAMEDA,OAKLAND,-122.29799652099609,37.801956176757812
90919538,2019,2019-02-05,9370,2019-02-05,0715,020286,,2,1,7,0109,0,1,1,,2,178,"I-880 N/B TO I-80 W/B","ENGINEER RD.",92.00,N,N,B,-,Y,,,,,,,,,,Y,3,0,2,2,A,-,03,22350,,N,C,C,A,A,H,-,A,D,0,,,,,Y,,A,07,0,1,1,0,0,0,0,0,0,"- ","- ",37.824409484863281,-122.30390930175781,ALAMEDA,OAKLAND,,
90921808,2019,2019-02-08,9370,2019-02-04,1500,021913,,1,2,6,0103,0,1,1,,2,081,"I-80 W/B","UNIVERSITY AVE",2700.00,W,N,A,-,Y,,,80,,,,,,W,Y,3,0,2,3,A,-,01,23152,A,N,C,C,A,A,H,-,A,D,0,,,,,Y,Y,A,01,0,2,0,0,0,0,0,0,0,"- ","- ",37.859378814697266,-122.3017578125,ALAMEDA,BERKELEY,-122.30180358886719,37.859367370605469