CASE_ID,ACCIDENT_YEAR,PROC_DATE,JURIS,COLLISION_DATE,COLLISION_TIME,OFFICER_ID,REPORTING_DISTRICT,DAY_OF_WEEK,CHP_SHIFT,POPULATION,CNTY_CITY_LOC,SPECIAL_COND,BEAT_TYPE,CHP_BEAT_TYPE,CITY_DIVISION_LAPD,CHP_BEAT_CLASS,BEAT_NUMBER,PRIMARY_RD,SECONDARY_RD,DISTANCE,DIRECTION,INTERSECTION,WEATHER_1,WEATHER_2,STATE_HWY_IND,CALTRANS_COUNTY,CALTRANS_DISTRICT,STATE_ROUTE,ROUTE_SUFFIX,POSTMILE_PREFIX,POSTMILE,LOCATION_TYPE,RAMP_INTERSECTION,SIDE_OF_HWY,TOW_AWAY,COLLISION_SEVERITY,NUMBER_KILLED,NUMBER_INJURED,PARTY_COUNT,PRIMARY_COLL_FACTOR,PCF_CODE_OF_VIOL,PCF_VIOL_CATEGORY,PCF_VIOLATION,PCF_VIOL_SUBSECTION,HIT_AND_RUN,TYPE_OF_COLLISION,MVIW,PED_ACTION,ROAD_SURFACE,ROAD_COND_1,ROAD_COND_2,LIGHTING,CONTROL_DEVICE,CHP_ROAD_TYPE,PEDESTRIAN_ACCIDENT,BICYCLE_ACCIDENT,MOTORCYCLE_ACCIDENT,TRUCK_ACCIDENT,NOT_PRIVATE_PROPERTY,ALCOHOL_INVOLVED,STWD_VEHTYPE_AT_FAULT,CHP_VEHTYPE_AT_FAULT,COUNT_SEVERE_INJ,COUNT_VISIBLE_INJ,COUNT_COMPLAINT_PAIN,COUNT_PED_KILLED,COUNT_PED_INJURED,COUNT_BICYCLIST_KILLED,COUNT_BICYCLIST_INJURED,COUNT_MC_KILLED,COUNT_MC_INJURED,PRIMARY_RAMP,SECONDARY_RAMP,LATITUDE,LONGITUDE,COUNTY,CITY,POINT_X,POINT_Y
9156651,2020,2020-10-27,0109,2020-09-16,1225,9388,2,3,5,7,0109,0,0,0,,0,26X,"79TH AV","RUDSALE AV",200.00,S,N,A,-,N,,,,,,,,,,N,3,0,1,2,D,-,00,,,N,G,B,E,A,H,-,A,D,0,Y,,,,Y,,-,"- ",0,1,0,0,1,0,0,0,0,"- ","- ",,,ALAMEDA,OAKLAND,-122.18695068359375,37.754379272460938
9156653,2020,2020-10-27,0109,2020-09-30,0708,8881,1,3,5,7,0109,0,0,0,,0,08X,"TELEGRAPH AV","29TH ST",115.00,S,N,A,-,N,,,,,,,,,,N,3,0,1,1,A,-,08,22107,,N,A,I,A,A,H,-,A,D,0,,Y,,,Y,Y,L,04,0,1,0,0,0,0,1,0,0,"- ","- ",,,ALAMEDA,OAKLAND,-122.26747131347656,37.817909240722656
9156654,2020,2020-10-27,0109,2020-09-24,1323,9567,1,4,5,7,0109,0,0,0,,0,04X,"MLKJ WY","W GRAND AV",100.00,S,N,A,-,N,,,,,,,,,,N,3,0,1,2,A,-,05,21650,,M,D,B,F,A,H,-,A,D,0,Y,Y,,,Y,,L,04,0,1,0,0,1,0,0,0,0,"- ","- ",,,ALAMEDA,OAKLAND,-122.27281188964844,37.812355041503906
91567249,2021,2021-09-10,9370,2021-09-02,1622,019059,,4,2,7,0109,0,1,1,,2,178,"I-880 S/B","7TH STREET",906.00,S,N,A,-,Y,,,,,,,,,,N,3,0,1,2,A,-,07,21658,A,M,E,I,A,A,H,-,A,D,0,,,,Y,Y,,F,27,0,1,0,0,0,0,0,0,0,"- ","- ",37.484081268310547,-122.18148040771484,ALAMEDA,OAKLAND,-122.30404663085938,37.805606842041016
91567351,2021,2021-09-10,9370,2021-09-02,2210,022476,,4,3,7,0109,0,1,3,,2,024,"SR-24 W/B","CALDECOTT LN",190.00,W,N,A,-,Y,,,24,,,,,,W,Y,2,0,1,2,A,-,03,22350,,N,C,C,A,A,H,-,C,D,0,,,Y,,Y,,C,02,1,0,0,0,0,0,0,0,1,"- ","- ",37.854598999023438,-122.21961975097656,ALAMEDA,OAKLAND,-122.21961212158203,37.854560852050781
91567376,2021,2021-09-10,9370,2021-09-03,0131,020877,,5,3,7,0109,0,1,1,,2,052,"I-580 E/B","OAK KNOLL BLVD",498.00,E,N,A,-,Y,,,580,,,,,,E,Y,2,0,1,2,A,-,05,21651,A,F,A,C,A,A,H,-,D,D,0,,,,,Y,,D,22,1,0,0,0,0,0,0,0,0,"- ","- ",37.757350921630859,-122.14835357666016,ALAMEDA,OAKLAND,-122.14823913574219,37.757297515869141
9156758,2020,2020-11-10,0109,2020-09-24,1315,9917,1,4,5,7,0109,0,0,0,,0,03Y,"8TH ST","WASHINGTON ST",0.00,,Y,A,-,N,,,,,,,,,,N,3,0,1,2,A,-,10,21950,A,N,G,B,B,A,H,-,A,A,0,Y,,,,Y,,A,01,0,1,0,0,1,0,0,0,0,"- ","- ",,,ALAMEDA,OAKLAND,-122.27500152587891,37.800670623779297
9156760,2020,2020-11-10,0109,2020-09-29,2036,9799,2,2,5,7,0109,0,0,0,,0,34X,"AUSEON AV","INTERNATIONAL BL",25.00,N,N,A,-,N,,,,,,,,,,N,3,0,1,2,A,-,08,22107,,N,A,E,A,A,H,-,D,D,0,,,Y,,Y,,C,02,0,1,0,0,0,0,0,0,1,"- ","- ",,,ALAMEDA,OAKLAND,-122.17632293701172,37.752243041992188
91569716,2021,2021-09-14,9370,2021-09-07,1140,018499,,2,1,7,0109,0,1,1,,2,008,"I-80 W/B","I-880 N/B TO I-80 W/B",900.00,E,N,A,-,Y,,,80,,,,,,W,Y,3,0,1,2,A,-,07,21658,A,N,D,C,A,A,H,-,A,D,0,,,,,Y,,A,07,0,1,0,0,0,0,0,0,0,"- ","- ",37.825729370117188,-122.30303955078125,ALAMEDA,OAKLAND,-122.30307006835938,37.825901031494141
91570296,2021,2021-09-14,9370,2021-09-05,0225,022288,,7,3,7,0109,0,1,1,,2,177,"I-880 S/B","16TH AVE",800.00,N,N,A,-,Y,,,880,,,,,,S,Y,3,0,1,3,A,-,01,23152,A,N,C,C,A,A,H,-,C,D,0,,,,,Y,Y,A,01,0,1,0,0,0,0,0,0,0,"- ","- ",37.786960601806641,-122.24703216552734,ALAMEDA,OAKLAND,-122.24703216552734,37.786956787109375
91571304,2021,2021-09-15,9370,2021-08-26,1443,019160,,4,2,7,0109,0,1,1,,2,052,"I-580 E/B","HIGH ST.",1125.00,W,N,A,-,Y,,,580,,,,,,E,Y,3,0,2,2,A,-,07,21658,A,F,B,C,A,A,H,-,A,D,0,,,,,Y,,-,99,0,2,0,0,0,0,0,0,0,"- ","- ",37.788379669189453,-122.19938659667969,ALAMEDA,OAKLAND,-122.19938659667969,37.78839111328125
91571400,2021,2021-09-15,9370,2021-09-02,1315,021093,,4,1,7,0109,0,1,3,,2,025,"SR-24 W/B","SR-13 N/B",300.00,E,N,A,-,Y,,,24,,,,,,W,N,3,0,1,3,A,-,07,21658,A,N,B,C,A,A,H,-,A,D,0,,,,,Y,,A,07,0,1,0,0,0,0,0,0,0,"- ","- ",37.848789215087891,-122.22754669189453,ALAMEDA,OAKLAND,-122.22754669189453,37.848800659179688
91571671,2021,2021-09-16,9370,2021-09-04,0150,021930,,6,3,7,0109,0,1,1,,2,052,"I-580 E/B","GOLF LINKS RD",225.00,W,N,A,-,Y,,,580,,,,,,E,Y,2,0,2,1,A,-,08,22107,,N,E,I,A,A,H,-,C,D,0,,,,,Y,,A,01,1,1,0,0,0,0,0,0,0,"- ","- ",37.754291534423828,-122.15084838867188,ALAMEDA,OAKLAND,-122.15093994140625,37.754371643066406
91573102,2021,2021-09-17,9370,2021-09-12,0645,022718,,7,1,7,0109,0,1,1,,2,008,"I-80 W/B","I-880 N/B TO I-80 W/B",200.00,E,N,B,-,Y,,,80,,,,,,W,Y,3,0,1,2,A,-,07,21658,A,N,B,C,A,A,H,-,A,D,0,,,Y,,Y,,C,02,0,1,0,0,0,0,0,0,1,"- ","- ",37.825481414794922,-122.30563354492188,ALAMEDA,OAKLAND,-122.30562591552734,37.825450897216797
91573915,2021,2021-09-20,9370,2021-09-14,2110,020864,,2,2,7,0109,0,1,1,,2,052,"I-580 WESTBOUND","DUTTON AVE",1030.00,W,N,A,-,Y,,,580,,,,,,W,Y,3,0,1,2,C,-,18,,,N,B,C,A,A,H,-,D,D,0,,,,,Y,,-,"- ",0,1,0,0,0,0,0,0,0,"- ","- ",37.740100860595703,-122.14360809326172,ALAMEDA,OAKLAND,-122.14359283447266,37.740116119384766
91576068,2021,2021-09-21,9370,2021-09-09,0525,022711,,4,3,7,0109,0,1,1,,2,177,"I-880 N/B","16TH AVE",685.00,N,N,A,-,Y,,,880,,,,,,N,Y,2,0,1,2,A,-,08,22107,,N,B,2,A,A,H,-,B,D,0,,,Y,,Y,,C,02,1,0,0,0,0,0,0,0,1,"- ","- ",37.786968231201172,-122.24675750732422,ALAMEDA,OAKLAND,-122.24673461914062,37.787029266357422
91578281,2021,2021-09-23,9370,2021-09-12,0730,022487,,7,1,7,0109,0,3,5,,2,012,"SR-24 E/B","FISH RANCH ROAD",2100.00,W,N,A,-,Y,,,24,,,,,,E,N,3,0,1,2,A,-,03,22350,,N,C,C,A,A,H,-,A,D,0,,,,,Y,,A,01,0,1,0,0,0,0,0,0,0,"- ","- ",37.856330871582031,-122.21395874023438,ALAMEDA,OAKLAND,-122.21410369873047,37.856521606445312
91579032,2021,2021-09-24,9370,2021-09-24,0810,020475,,5,1,7,0109,0,1,1,,2,055,"I-580 W/B","HOLLIS ST",100.00,W,N,A,-,Y,,,580,,,,,,W,N,3,0,1,2,A,-,03,22350,,M,C,C,A,A,H,-,A,D,0,,,,,Y,,-,99,0,1,0,0,0,0,0,0,0,"- ","- ",37.827190399169922,-122.28488922119141,ALAMEDA,OAKLAND,-122.28490447998047,37.827239990234375
91579792,2021,2021-09-27,9370,2021-09-19,1545,021718,,7,2,7,0109,0,1,3,,2,024,"SR-24 E/B","KAY AVENUE",120.00,E,N,A,-,Y,,,24,,,,,,E,N,3,0,2,2,A,-,03,22350,,N,C,C,A,A,H,-,A,D,0,,,,,Y,,A,01,0,2,0,0,0,0,0,0,0,"- ","- ",37.851089477539062,-122.22283172607422,ALAMEDA,OAKLAND,-122.22279357910156,37.85107421875
91579915,2021,2021-09-27,9370,2021-09-19,0246,021803,,7,3,7,0109,0,1,1,,2,055,"I-580 W/B","SAN PABLO AVE",120.00,E,N,B,-,Y,,,580,,,,,,W,Y,3,0,1,2,A,-,03,22350,,N,C,C,A,B,H,-,C,D,0,,,,,Y,,A,01,0,1,0,0,0,0,0,0,0,"- ","- ",37.827808380126953,-122.28318786621094,ALAMEDA,OAKLAND,-122.28318786621094,37.827583312988281
91580887,2021,2021-09-27,9370,2021-09-16,1205,022487,,4,1,7,0109,0,1,1,,2,054,"I-580 E/B","GRAND AVE",390.00,W,N,A,-,Y,,,580,,,,,,E,N,3,0,1,1,A,-,08,22107,,N,E,I,A,A,H,-,A,D,0,,,,,Y,,A,01,0,1,0,0,0,0,0,0,0,"- ","- ",37.81121826171875,-122.24977874755859,ALAMEDA,OAKLAND,-122.24986267089844,37.811141967773438
91580961,2021,2021-09-27,9370,2021-09-23,1530,022358,,4,2,7,0109,0,1,1,,2,054,"I-580 E/B","TELEGRAPH AVENUE",350.00,E,N,A,-,Y,,,580,,,,,,E,N,3,0,1,2,B,-,22,,,N,B,C,A,A,H,-,A,D,0,,,,Y,Y,,A,01,0,1,0,0,0,0,0,0,0,"- ","- ",37.823318481445312,-122.26464080810547,ALAMEDA,OAKLAND,-122.26463317871094,37.823348999023438
91581404,2021,2021-09-28,9370,2021-09-22,1228,018499,,3,1,7,0109,0,1,1,,2,055,"I-580 E/B","MARTIN LUTHER KING JR WAY",50.00,E,N,A,-,Y,,,580,,,,,,E,Y,3,0,1,2,A,-,07,21658,A,N,B,C,A,A,H,-,A,D,0,,,,,Y,,A,01,0,1,0,0,0,0,0,0,0,"- ","- ",37.824501037597656,-122.26927947998047,ALAMEDA,OAKLAND,-122.26929473876953,37.824451446533203
91581748,2021,2021-09-28,9370,2021-09-21,1515,021281,,2,2,7,0109,0,1,1,,2,052,"I-580 W/B","GOLF LINKS ROAD",985.00,E,N,A,-,Y,,,,,,,,,,Y,2,0,1,2,A,-,01,23152,A,M,F,C,A,A,H,-,A,D,0,,,Y,,Y,Y,C,02,1,0,0,0,0,0,0,0,1,"- ","- ",37.453071594238281,-122.95570373535156,ALAMEDA,OAKLAND,-122.14911651611328,37.755817413330078
9158177,2020,2020-10-15,0109,2020-06-21,1700,9622,2,7,5,7,0109,0,0,0,,0,31Y,"ROSSMOOR CT","CLARA ST",25.00,E,N,A,-,N,,,,,,,,,,N,2,0,1,2,A,-,10,21950,A,F,A,B,B,A,H,-,A,A,0,Y,,,,Y,,-,99,1,0,0,0,1,0,0,0,0,"- ","- ",,,ALAMEDA,OAKLAND,-122.1876220703125,37.736305236816406
91582428,2021,2021-11-01,9370,2021-09-15,0550,018499,,3,3,7,0109,0,1,1,,2,002,"I-80 W/B","SFOBB TOLL PLAZA",540.00,E,N,A,-,Y,,,80,,,,,,W,Y,2,0,1,2,A,-,07,21658,A,F,C,C,A,A,H,-,C,D,0,,,Y,,Y,,-,99,1,0,0,0,0,0,0,0,1,"- ","- ",37.824718475341797,-122.31226348876953,ALAMEDA,OAKLAND,-122.31227111816406,37.825016021728516
91583137,2021,2021-09-30,9370,2021-02-14,1510,022124,,7,2,7,0109,0,1,1,,2,052,"I-580 E/B","EDWARDS AVE",1851.00,W,N,B,-,Y,,,580,,,,,,E,Y,1,1,1,2,A,-,03,22350,,F,C,C,A,A,H,-,A,D,0,,,,,Y,,-,99,1,0,0,0,0,0,0,0,0,"- ","- ",37.778949737548828,-122.16979217529297,ALAMEDA,OAKLAND,-122.16980743408203,37.778915405273438
91583353,2021,2021-09-30,9370,2021-09-22,2300,020864,,3,3,7,0109,0,1,1,,2,176,"I-880 N/B","66TH AVE",1565.00,N,N,A,-,Y,,,880,,,,,,N,Y,3,0,1,2,A,-,08,22107,,M,E,I,A,A,H,-,D,D,0,,,,Y,Y,,A,01,0,1,0,0,0,0,0,0,0,"- ","- ",37.757579803466797,-122.21111297607422,ALAMEDA,OAKLAND,-122.21109008789062,37.757598876953125
91583505,2021,2021-09-30,9370,2021-09-23,2110,020877,,4,2,7,0109,0,1,1,,2,052,"I-580 E/B","EDWARDS AVENUE",750.00,W,N,A,-,Y,,,580,,,,,,E,N,3,0,2,2,A,-,08,22107,,N,E,I,A,A,H,-,D,D,0,,,,,Y,,A,01,0,1,1,0,0,0,0,0,0,"- ","- ",37.778148651123047,-122.16835784912109,ALAMEDA,OAKLAND,-122.16834259033203,37.778182983398438
91583615,2021,2021-09-30,9370,2021-09-29,0805,020258,,3,1,7,0109,0,1,1,,2,053,I-580,"35TH AVE O/C",528.00,E,N,A,-,Y,,,580,,,,,,,Y,3,0,1,2,A,-,03,22350,,N,C,C,A,A,H,-,A,D,0,,,,,Y,,A,01,0,1,0,0,0,0,0,0,0,"- ","- ",37.790618896484375,-122.20169067382812,ALAMEDA,OAKLAND,-122.20171356201172,37.790596008300781
91583689,2021,2021-09-30,9335,2021-09-16,1110,021222,,4,1,7,0109,0,1,1,,2,084,"I-80 EASTBOUND","SAN FRANCISCO / ALAMEDA COUNTY LINE",2800.00,E,N,A,-,Y,,,80,,,,,,E,N,2,0,1,2,A,-,07,21658,A,N,B,C,A,A,H,-,A,D,0,,,,Y,Y,,A,01,1,0,0,0,0,0,0,0,0,"- ","- ",37.820518493652344,-122.33809661865234,ALAMEDA,OAKLAND,-122.33809661865234,37.820518493652344
91583908,2021,2021-09-30,9335,2021-09-18,1555,019799,,6,2,7,0109,0,1,1,,1,082,"I-80 W/B","SAN FRANCISCO COUNTY LINE",2904.00,E,N,A,-,Y,,,80,,,,,,W,Y,2,0,1,3,A,-,03,22350,,N,B,C,A,A,H,-,A,D,0,,,Y,,Y,,C,02,1,0,0,0,0,0,0,0,1,"- ","- ",37.820621490478516,-122.34011840820312,ALAMEDA,OAKLAND,-122.34011840820312,37.820636749267578
9158429,2020,2020-10-19,0109,2020-06-24,1919,9479,1,3,5,7,0109,0,0,0,,0,04X,"BRUSH ST","18TH ST",0.00,,Y,A,-,N,,,,,,,,,,N,3,0,1,4,A,-,12,21453,A,N,D,C,A,A,H,-,B,A,0,,,,,Y,,-,"- ",0,1,0,0,0,0,0,0,0,"- ","- ",,,ALAMEDA,OAKLAND,-122.27665710449219,37.809780120849609
91585364,2021,2021-10-01,9370,2021-09-18,1830,021718,,6,2,7,0109,0,1,3,,2,024,"SR-24 W/B","KAY AVENUE",875.00,E,N,A,-,Y,,,24,,,,,,W,N,2,0,4,1,A,-,08,22107,,N,F,8,A,A,H,-,A,D,0,,,,,Y,,A,01,4,0,0,0,0,0,0,0,0,"- ","- ",37.853111267089844,-122.22223663330078,ALAMEDA,OAKLAND,-122.22213745117188,37.853034973144531
91586661,2021,2021-10-04,9370,2021-09-22,0810,022648,,3,1,7,0109,0,1,1,,2,055,"I-580 W/B TO I-80 W/B","WEST GRAND AVENUE",2955.00,E,N,A,-,Y,,,580,,,,R,,W,Y,3,0,1,3,A,-,03,22350,,N,C,C,A,A,H,-,A,D,0,,,,,Y,,A,01,0,1,0,0,0,0,0,0,0,"- ","- ",37.826648712158203,-122.29878997802734,ALAMEDA,OAKLAND,-122.29878997802734,37.826648712158203
91587957,2021,2021-10-05,9370,2021-08-14,0100,022487,,6,3,7,0109,0,1,1,,2,177,"I-880 N/B","23RD AVE",30.00,N,N,A,-,Y,,,880,,,,,,N,N,2,0,1,2,A,-,07,21658,A,F,C,C,A,A,H,-,C,D,0,,,Y,,Y,,-,99,1,0,0,0,0,0,0,0,1,"- ","- ",37.778301239013672,-122.23732757568359,ALAMEDA,OAKLAND,-122.23737335205078,37.778270721435547
91588778,2021,2021-10-05,9370,2021-10-01,1440,021913,,5,2,7,0109,0,1,1,,2,177,"I-880 S/B","5TH AVENUE",25.00,S,N,A,-,Y,,,880,,,,,,S,Y,3,0,1,2,A,-,03,22350,,N,C,C,A,A,H,-,A,D,0,,,,,Y,,A,01,0,1,0,0,0,0,0,0,0,"- ","- ",37.790271759033203,-122.25977325439453,ALAMEDA,OAKLAND,-122.25971984863281,37.790397644042969
91589203,2021,2021-10-06,9370,2021-09-30,2025,021718,,4,2,7,0109,0,1,1,,2,177,"I-880 SOUTHBOUND","OAK STREET",400.00,S,N,A,-,Y,,,880,,,,,,S,N,3,0,1,2,A,-,03,22350,,N,C,C,A,A,H,-,C,D,0,,,,,Y,,A,07,0,1,0,0,0,0,0,0,0,"- ","- ",37.794410705566406,-122.26535797119141,ALAMEDA,OAKLAND,-122.26531982421875,37.794479370117188
91591437,2021,2021-10-08,9370,2021-09-29,0000,022476,,3,3,7,0109,0,1,1,,2,054,"I-580 W/B","OAKLAND AVE",290.00,E,N,A,-,Y,,,580,,,,,,W,Y,3,0,2,3,A,-,07,21658,A,N,B,C,A,A,H,-,C,D,0,,,,,Y,,A,01,0,1,1,0,0,0,0,0,0,"- ","- ",37.817031860351562,-122.25187683105469,ALAMEDA,OAKLAND,-122.25189971923828,37.8170166015625
91591488,2021,2021-10-08,9370,2021-10-01,2200,021997,,5,3,7,0109,0,1,1,,2,053,"I-580 E/B FROM BEAUMONT AVE","14TH AVE UNDERCROSSING",100.00,E,N,A,-,Y,,,580,,,,R,,E,N,3,0,1,1,C,-,18,,,N,E,J,A,A,H,-,D,D,0,,,Y,,Y,,-,"- ",0,1,0,0,0,0,0,0,1,"- ","- ",37.800209045410156,-122.22679901123047,ALAMEDA,OAKLAND,-122.22679901123047,37.800209045410156
91592501,2021,2021-10-11,9370,2021-10-03,0100,022637,,7,3,7,0109,0,1,1,,2,177,"I-880 N/B","HEGENBERGER RD",1604.00,N,N,A,-,Y,,,880,,,,,,N,Y,2,0,1,1,A,-,08,22107,,N,E,8,A,A,H,-,C,D,0,,,,,Y,,A,07,1,0,0,0,0,0,0,0,0,"- ","- ",37.744560241699219,-122.1998291015625,ALAMEDA,OAKLAND,-122.19976806640625,37.744609832763672
91592525,2021,2021-10-11,9370,2021-10-06,0736,020258,,3,1,7,0109,0,1,3,,2,024,"SR-24 E/B","KAY O/C",233.00,E,N,B,-,Y,,,24,,,,,,E,Y,3,0,2,2,A,-,07,21658,A,N,B,C,A,A,H,-,A,D,0,,,,,Y,,A,01,0,2,0,0,0,0,0,0,0,"- ","- ",37.851398468017578,-122.22268676757812,ALAMEDA,OAKLAND,-122.22266387939453,37.851387023925781
91592618,2021,2021-10-11,9370,2021-09-18,0515,020961,,6,3,7,0109,0,1,1,,2,098,"I-980 E/B","17TH ST",240.00,W,N,B,-,Y,,,980,,,,,,E,Y,2,0,1,3,A,-,08,22107,,N,G,2,E,A,H,-,D,D,0,Y,,,,Y,,A,01,1,0,0,0,1,0,0,0,0,"- ","- ",37.808200836181641,-122.27686309814453,ALAMEDA,OAKLAND,-122.27690887451172,37.808235168457031
91593239,2021,2021-10-11,9335,2021-10-01,0830,019631,,5,1,7,0109,0,1,1,,1,082,"I-80 W/B","SFOBB OAKLAND ANCHORAGE",2640.00,W,N,A,-,Y,,,80,,,,,,W,N,3,0,1,2,A,-,03,22350,,N,B,C,A,A,H,-,A,D,0,,,Y,,Y,,C,02,0,1,0,0,0,0,0,0,1,"- ","- ",37.820461273193359,-122.34078979492188,ALAMEDA,OAKLAND,-122.34080505371094,37.820545196533203
91593507,2021,2021-11-29,9370,2021-09-05,2235,021718,,7,3,7,0109,0,1,1,,2,176,"I-880 N/B","HIGH STREET",150.00,S,N,A,-,Y,,,880,,,,,,N,Y,3,0,3,2,A,-,03,22350,,F,C,C,A,A,H,-,C,D,0,,,,,Y,,-,99,0,1,2,0,0,0,0,0,0,"- ","- ",37.767578125,-122.21961212158203,ALAMEDA,OAKLAND,-122.21955108642578,37.767623901367188
91596247,2021,2021-10-14,9370,2021-08-14,0025,022487,,6,3,7,0109,0,1,1,,2,179,"I-880 N/B","WEST GRAND AVENUE",2470.00,S,N,A,-,Y,,,880,,,,,,N,N,3,0,1,3,A,-,07,21658,A,F,B,C,A,A,H,-,C,D,0,,,,,Y,,-,99,0,1,0,0,0,0,0,0,0,"- ","- ",37.814468383789062,-122.30058288574219,ALAMEDA,OAKLAND,-122.30049133300781,37.814334869384766
91596933,2021,2021-10-14,9370,2021-10-06,1545,020356,,3,2,7,0109,0,1,1,,2,008,"I-80 E/B","MANDELA PARKWAY",1390.00,W,N,A,-,Y,,,80,,,,,,E,Y,3,0,1,1,A,-,03,22350,,N,F,A,A,A,H,-,A,D,0,,,Y,,Y,,C,02,0,1,0,0,0,0,0,0,1,"- ","- ",37.828109741210938,-122.29441070556641,ALAMEDA,OAKLAND,-122.29438781738281,37.828090667724609
91596952,2021,2021-10-14,9370,2021-10-09,0150,020877,,6,3,7,0109,0,1,1,,2,054,"I-580 E/B","TELEGRAPH AVENUE",55.00,E,N,A,-,Y,,,580,,,,,,E,N,2,0,1,1,A,-,03,22350,,N,E,I,A,A,H,-,D,D,0,,,,,Y,,A,07,1,0,0,0,0,0,0,0,0,"- ","- ",37.823600769042969,-122.26545715332031,ALAMEDA,OAKLAND,-122.26547241210938,37.823543548583984
91596962,2021,2021-10-14,9370,2021-10-06,1924,019059,,3,2,7,0109,0,1,1,,2,177,"I-880 S/B","5TH AVENUE",1866.00,S,N,A,-,Y,,,,,,,,,,N,3,0,1,4,A,-,03,22350,,N,B,C,A,A,H,-,C,D,0,,,,,Y,Y,A,01,0,1,0,0,0,0,0,0,0,"- ","- ",37.471698760986328,-122.14559936523438,ALAMEDA,OAKLAND,-122.25901794433594,37.790058135986328
91596998,2021,2021-10-15,9370,2021-10-02,2335,022700,,6,3,7,0109,0,1,3,,2,024,"SR-24 W/B","FREEWAY OVERPASS",360.00,E,N,A,-,Y,,,24,,,,,,W,Y,2,0,1,2,A,-,01,23152,A,N,B,2,A,A,H,-,C,D,0,,,,,Y,Y,A,01,1,0,0,0,0,0,0,0,0,"- ","- ",37.852291107177734,-122.22251892089844,ALAMEDA,OAKLAND,-122.22255706787109,37.852306365966797
91598687,2021,2021-10-18,9370,2021-10-08,0452,021997,,5,3,6,0103,0,1,1,,2,081,"I-80 E/B","GILMAN ST U/C",2270.00,W,N,A,-,Y,,,,,,,,,,Y,2,0,4,1,A,-,01,23153,A,N,E,J,A,A,H,-,E,D,0,,,,,Y,Y,A,01,1,0,3,0,0,0,0,0,0,"- ","- ",37.82080078125,-122.30513763427734,ALAMEDA,BERKELEY,-122.30726623535156,37.878631591796875
91598779,2021,2021-10-18,9370,2021-10-09,1400,021718,,6,2,7,0109,0,1,1,,2,008,"I-80 E/B","MARITIME STREET",3030.00,E,N,A,-,Y,,,80,,,,,,E,N,3,0,1,2,A,-,07,21658,A,N,C,C,A,A,H,-,A,D,0,,,,,Y,,A,01,0,1,0,0,0,0,0,0,0,"- ","- ",37.826438903808594,-122.29911041259766,ALAMEDA,OAKLAND,-122.29911041259766,37.826454162597656
91600053,2021,2021-10-19,9370,2021-10-10,1110,022611,,7,1,6,0103,0,1,1,,2,081,"I-80 E/B","GILMAN ST",930.00,E,N,A,-,Y,,,80,,,,,,E,Y,3,0,1,4,A,-,03,22350,,N,C,C,A,A,H,-,A,D,0,,,,,Y,,A,07,0,1,0,0,0,0,0,0,0,"- ","- ",37.881771087646484,-122.30796051025391,ALAMEDA,BERKELEY,-122.30803680419922,37.881755828857422
91601210,2021,2021-10-20,9370,2021-10-15,1515,022299,,5,2,7,0109,0,1,1,,2,008,"I-80 E/B","WEST GRAND O/C",1860.00,E,N,A,-,Y,,,80,,,,,,E,N,3,0,1,2,A,-,03,22350,,N,C,C,A,A,H,-,A,D,0,,,Y,,Y,,C,02,0,1,0,0,0,0,0,0,1,"- ","- ",37.825580596923828,-122.30316925048828,ALAMEDA,OAKLAND,-122.30316162109375,37.825553894042969
91602272,2021,2021-10-21,9370,2021-10-09,0815,020475,,6,1,7,0109,0,1,1,,2,008,"I-80 E/B","POWELL ST",3700.00,W,N,A,-,Y,,,,,,,,,,N,3,0,1,1,A,-,03,22350,,N,F,A,A,A,H,-,A,D,0,,,,Y,Y,,F,26,0,1,0,0,0,0,0,0,0,"- ","- ",37.494190216064453,-122.17832946777344,ALAMEDA,OAKLAND,-122.29649353027344,37.838329315185547
91604599,2021,2021-10-25,9370,2021-10-15,1214,022699,,5,1,7,0109,0,1,3,,2,013,"SR-13 S/B","CALAVERAS AVE",1538.00,N,N,A,-,Y,,,13,,,,,,S,Y,3,0,1,1,A,-,08,22107,,N,B,I,A,A,H,-,A,D,0,,,,,Y,,A,07,0,1,0,0,0,0,0,0,0,"- ","- ",37.788188934326172,-122.18125915527344,ALAMEDA,OAKLAND,-122.18128204345703,37.788181304931641