CASE_ID,ACCIDENT_YEAR,PROC_DATE,JURIS,COLLISION_DATE,COLLISION_TIME,OFFICER_ID,REPORTING_DISTRICT,DAY_OF_WEEK,CHP_SHIFT,POPULATION,CNTY_CITY_LOC,SPECIAL_COND,BEAT_TYPE,CHP_BEAT_TYPE,CITY_DIVISION_LAPD,CHP_BEAT_CLASS,BEAT_NUMBER,PRIMARY_RD,SECONDARY_RD,DISTANCE,DIRECTION,INTERSECTION,WEATHER_1,WEATHER_2,STATE_HWY_IND,CALTRANS_COUNTY,CALTRANS_DISTRICT,STATE_ROUTE,ROUTE_SUFFIX,POSTMILE_PREFIX,POSTMILE,LOCATION_TYPE,RAMP_INTERSECTION,SIDE_OF_HWY,TOW_AWAY,COLLISION_SEVERITY,NUMBER_KILLED,NUMBER_INJURED,PARTY_COUNT,PRIMARY_COLL_FACTOR,PCF_CODE_OF_VIOL,PCF_VIOL_CATEGORY,PCF_VIOLATION,PCF_VIOL_SUBSECTION,HIT_AND_RUN,TYPE_OF_COLLISION,MVIW,PED_ACTION,ROAD_SURFACE,ROAD_COND_1,ROAD_COND_2,LIGHTING,CONTROL_DEVICE,CHP_ROAD_TYPE,PEDESTRIAN_ACCIDENT,BICYCLE_ACCIDENT,MOTORCYCLE_ACCIDENT,TRUCK_ACCIDENT,NOT_PRIVATE_PROPERTY,ALCOHOL_INVOLVED,STWD_VEHTYPE_AT_FAULT,CHP_VEHTYPE_AT_FAULT,COUNT_SEVERE_INJ,COUNT_VISIBLE_INJ,COUNT_COMPLAINT_PAIN,COUNT_PED_KILLED,COUNT_PED_INJURED,COUNT_BICYCLIST_KILLED,COUNT_BICYCLIST_INJURED,COUNT_MC_KILLED,COUNT_MC_INJURED,PRIMARY_RAMP,SECONDARY_RAMP,LATITUDE,LONGITUDE,COUNTY,CITY,POINT_X,POINT_Y
91683242,2022,2022-01-24,9370,2022-01-15,1125,021364,,6,1,6,0103,0,1,1,,2,081,"I-80 E/B","GILMAN STREET",1940.00,W,N,A,-,Y,,,,,,,,,,N,3,0,1,2,A,-,03,22350,,N,C,C,A,A,H,-,A,D,0,,,,,Y,,A,01,0,1,0,0,0,0,0,0,0,"- ","- ",37.522258758544922,-121.18199157714844,ALAMEDA,BERKELEY,-122.30726623535156,37.878631591796875
91683436,2022,2022-01-24,9370,2022-01-14,2015,022124,,5,2,7,0109,0,1,1,,2,054,"I-580 W/B","LAKE PARK AVE",500.00,W,N,A,-,Y,ALA,,580,,,43.350,H,,L,Y,3,0,2,2,A,-,08,22107,,N,F,C,A,A,H,-,C,D,0,,,,,Y,,A,01,0,2,0,0,0,0,0,0,0,"- ","- ",37.809089660644531,-122.24384307861328,ALAMEDA,OAKLAND,-122.24391174316406,37.808914184570312
91684171,2021,2022-01-25,9370,2021-12-25,1822,022722,,6,2,7,0109,0,1,1,,2,177,"I-880 S/B","OAK ST",950.00,N,N,C,-,Y,,,880,,,,,,S,N,3,0,1,1,A,-,01,23152,A,N,B,I,A,B,H,-,D,D,0,,,,,Y,Y,A,01,0,1,0,0,0,0,0,0,0,"- ","- ",37.792400360107422,-122.26260375976562,ALAMEDA,OAKLAND,-122.26262664794922,37.792369842529297
91689268,2022,2022-01-31,9370,2022-01-20,0710,022288,,4,1,7,0109,0,1,1,,2,176,"I-880 NB","66TH AVENUE",2015.00,N,N,B,E,Y,ALA,,880,,,27.002,H,,R,Y,3,0,1,1,A,-,08,22107,,N,E,8,A,D,H,-,A,D,0,,,,,Y,,A,01,0,1,0,0,0,0,0,0,0,"- ","- ",37.758659362792969,-122.21189880371094,ALAMEDA,OAKLAND,-122.21199798583984,37.758609771728516
91689524,2022,2022-01-31,9370,2022-01-21,1232,021364,,5,1,7,0109,0,1,1,,2,054,"I-580 E/B","LAKE PARK AVE",1000.00,E,N,A,-,Y,,,,,,,,,,Y,3,0,1,2,A,-,03,22350,,F,B,C,A,A,H,-,A,D,0,,,,,Y,,-,99,0,1,0,0,0,0,0,0,0,"- ","- ",37.482509613037109,-122.14193725585938,ALAMEDA,OAKLAND,-122.24160766601562,37.808231353759766
91690102,2021,2022-02-01,9370,2021-12-27,0330,022299,,1,3,7,0109,0,1,3,,2,024,"SR-24 W/B",BROADWAY,600.00,W,N,C,-,Y,,,24,,,,,,W,Y,2,0,2,3,A,-,03,22350,,N,G,B,E,B,H,-,C,D,0,Y,,,,Y,,A,07,1,0,1,0,1,0,0,0,0,"- ","- ",37.847270965576172,-122.245849609375,ALAMEDA,OAKLAND,-122.24588012695312,37.847320556640625
91691758,2022,2022-02-02,9370,2022-01-28,1625,022499,,5,2,7,0109,0,1,1,,2,177,"I-880 S/B","16TH AVE",1452.00,N,N,C,-,Y,ALA,,880,,,29.973,H,,L,Y,3,0,3,3,A,-,03,22350,,N,C,C,A,A,H,-,A,D,0,,,,,Y,,A,07,0,3,0,0,0,0,0,0,0,"- ","- ",37.787860870361328,-122.24931335449219,ALAMEDA,OAKLAND,-122.24932861328125,37.787834167480469
9169223,2020,2020-11-18,0109,2020-09-13,1200,9912,1,7,5,7,0109,0,0,0,,0,22Y,"CRESTMONT DR","CHADBOURNE WY",30.00,W,N,A,-,N,,,,,,,,,,N,3,0,1,2,A,-,08,22107,,N,A,G,A,A,H,-,A,D,0,,Y,,,Y,,L,04,0,1,0,0,0,0,1,0,0,"- ","- ",,,ALAMEDA,OAKLAND,-122.17777252197266,37.803028106689453
91692948,2022,2022-02-03,9370,2022-01-29,1900,021913,,6,2,7,0109,0,1,1,,2,177,"I-880 N/B","16TH AVE",1600.00,N,N,A,-,Y,ALA,,880,,,29.977,H,,R,Y,3,0,2,4,A,-,07,21658,A,F,B,C,A,A,H,-,C,D,0,,,,,Y,,A,01,0,2,0,0,0,0,0,0,0,"- ","- ",37.788009643554688,-122.24929809570312,ALAMEDA,OAKLAND,-122.24929809570312,37.788009643554688
91693016,2022,2022-02-03,9370,2022-01-23,2330,022611,,7,3,7,0109,0,1,1,,2,177,"I-880 N/B TO EMBARCADERO",EMBARCADERO,170.00,S,N,A,-,Y,ALA,,880,,,30.495,H,,R,Y,2,0,1,1,A,-,01,23152,A,N,E,I,A,A,H,-,D,D,0,,,,,Y,Y,A,01,1,0,0,0,0,0,0,0,0,"- ","- ",37.790130615234375,-122.25839996337891,ALAMEDA,OAKLAND,-122.25841522216797,37.790088653564453
91694420,2022,2022-04-04,9370,2022-02-01,1930,019059,,2,2,7,0109,0,1,1,,2,177,"I-880 S/B","OAK STREET",267.00,S,N,A,-,Y,ALA,,880,,,31.071,H,,L,N,3,0,1,3,A,-,08,22107,,N,B,C,A,A,H,-,C,D,0,,,,Y,Y,,A,08,0,1,0,0,0,0,0,0,0,"- ","- ",37.795101165771484,-122.26631164550781,ALAMEDA,OAKLAND,-122.26636505126953,37.795021057128906
9169775,2021,2022-07-27,0109,2021-12-26,1320,9945,1,7,5,7,0109,0,0,0,,0,14X,"GRAND AV","EL EMBARCADERO",0.00,,Y,C,-,N,,,,,,,,,,N,3,0,1,2,A,-,11,21456,B,N,G,B,B,B,H,-,A,A,0,Y,,,,Y,,N,60,0,1,0,0,1,0,0,0,0,"- ","- ",,,ALAMEDA,OAKLAND,-122.24967193603516,37.809333801269531
91699825,2022,2022-02-14,9370,2022-02-01,1014,022648,,2,1,7,0109,0,1,3,,2,024,"SR-24 W/B","BORE 3 EXIT",150.00,E,N,A,-,Y,,,,,,,,,,N,3,0,2,4,A,-,03,22350,,N,C,C,A,A,H,-,A,D,0,,,,,Y,,A,01,0,2,0,0,0,0,0,0,0,"- ","- ",37.855548858642578,-122.21685791015625,ALAMEDA,OAKLAND,-122.21680450439453,37.855354309082031
91701202,2022,2022-02-15,9370,2022-02-11,0940,020475,,5,1,7,0109,0,1,1,,2,080,"I-80 E/B TO POWELL ST","POWELL ST",420.00,W,N,A,-,Y,,,,,,,,,,N,3,0,1,3,A,-,03,22350,,N,C,C,A,A,H,-,A,D,0,,,,,Y,,A,01,0,1,0,0,0,0,0,0,0,"- ","- ",37.501308441162109,-122.17445373535156,ALAMEDA,OAKLAND,-122.29649353027344,37.838329315185547
91701356,2021,2022-03-08,9370,2021-07-30,2157,021826,,5,2,7,0109,0,1,1,,2,055,"I-580 E/B","HOLLIS ST",619.00,W,N,A,-,Y,,,580,,,,,,E,Y,1,1,0,2,A,-,05,21651,B,N,A,G,A,A,H,-,D,D,0,,Y,,,Y,,L,04,0,0,0,0,0,1,0,0,0,"- ","- ",37.82659912109375,-122.28665161132812,ALAMEDA,OAKLAND,-122.28665161132812,37.826595306396484
91701894,2022,2022-02-16,9370,2022-02-06,2225,022424,,7,3,7,0109,0,1,1,,2,177,"I-880 N/B","FIFTH STREET",728.00,N,N,A,-,Y,ALA,,880,,R,32.632,H,,R,Y,3,0,1,4,A,-,03,22350,,N,C,C,A,A,H,-,A,D,0,,,,,Y,,A,07,0,1,0,0,0,0,0,0,0,"- ","- ",37.802661895751953,-122.29250335693359,ALAMEDA,OAKLAND,-122.29249572753906,37.802631378173828
91703286,2022,2022-02-17,9370,2022-02-10,2240,021573,,4,3,7,0109,0,1,1,,2,098,"I-980 E/B","23RD STREET",155.00,E,N,A,-,Y,,,,,,,,,,Y,2,0,1,1,A,-,01,23152,F,N,E,8,A,A,H,-,C,D,0,,,,,Y,,A,01,1,0,0,0,0,0,0,0,0,"- ","- ",37.484889984130859,-122.16187286376953,ALAMEDA,OAKLAND,-122.27198028564453,37.813556671142578
91703333,2022,2022-02-17,9370,2022-02-14,2245,022288,,1,3,7,0109,0,1,1,,2,008,"I-80 W/B TO I-880 S/B","W. GRAND AVENUE",3200.00,E,N,A,-,Y,ALA,,880,,R,35.218,H,,L,Y,3,0,2,2,A,-,03,22350,,N,B,C,A,A,H,-,C,D,0,,,,Y,Y,,A,01,0,2,0,0,0,0,0,0,0,"- ","- ",37.828361511230469,-122.29364013671875,ALAMEDA,OAKLAND,-122.29361724853516,37.828365325927734
91705303,2022,2022-02-21,9370,2022-02-13,1440,021913,,7,2,7,0109,0,1,1,,2,176,"I-880 S/B","FRUITVALE AVE",150.00,S,N,A,-,Y,ALA,,880,,,28.329,H,,L,N,3,0,1,4,A,-,03,22350,,M,B,C,A,A,H,-,A,D,0,,,,,Y,,-,99,0,1,0,0,0,0,0,0,0,"- ","- ",37.773159027099609,-122.22740173339844,ALAMEDA,OAKLAND,-122.22750854492188,37.772945404052734
91710539,2022,2022-02-28,9370,2022-02-15,2235,022307,,2,3,6,0103,0,1,1,,2,081,"I-80 WB","ASHBY AVE",200.00,E,N,A,-,Y,,,,,,,,,,Y,2,0,1,2,A,-,03,22350,,N,C,C,A,A,H,-,D,D,0,,,,Y,Y,,A,01,1,0,0,0,0,0,0,0,0,"- ","- ",37.846488952636719,-122.29914855957031,ALAMEDA,BERKELEY,-122.29848480224609,37.846641540527344
91710688,2022,2022-02-28,9370,2022-02-20,1034,020718,,7,1,7,0109,0,1,3,,2,024,"SR-24 W/B","COLLEGE AVE",800.00,E,N,B,-,Y,ALA,,24,,R,3.850,H,,L,Y,2,0,1,2,A,-,07,21658,A,F,E,I,A,A,H,-,A,D,0,,,,,Y,,-,99,1,0,0,0,0,0,0,0,0,"- ","- ",37.845729827880859,-122.24958801269531,ALAMEDA,OAKLAND,-122.24954223632812,37.845649719238281
91712917,2022,2022-03-02,9370,2022-02-17,0052,021803,,4,3,7,0109,0,1,1,,2,052,"I-580 E/B TO DUTTON AVENUE","MACARTHUR BLVD",116.00,E,N,A,-,Y,,,,,,,,,,N,2,0,3,2,A,-,01,23152,G,N,A,C,A,A,H,-,C,D,0,,,,,Y,Y,A,01,1,2,0,0,0,0,0,0,0,"- ","- ",37.441478729248047,-122.82964324951172,ALAMEDA,OAKLAND,-122.192626953125,37.785221099853516
91713000,2022,2022-04-07,9370,2022-02-17,2325,022288,,4,3,7,0109,0,1,1,,2,176,"I-880 S/B","66TH AVE",2690.00,S,N,A,-,Y,,,,,,,,,,Y,2,0,2,1,C,-,18,,,N,F,0,A,A,H,-,C,D,0,,,,,Y,,-,"- ",1,1,0,0,0,0,0,0,0,"- ","- ",37.445178985595703,-122.12110137939453,ALAMEDA,OAKLAND,-122.20295715332031,37.747943878173828
91716245,2022,2022-03-07,9370,2022-01-28,0050,022567,,5,3,7,0109,0,1,1,,2,054,"I-580 W/B","PARK BLVD",607.00,E,N,A,-,Y,ALA,,580,,R,42.406,H,,R,Y,2,0,1,1,A,-,08,22107,,N,E,I,A,A,H,-,C,D,0,,,,,Y,,A,01,1,0,0,0,0,0,0,0,0,"- ","- ",37.8031005859375,-122.23159790039062,ALAMEDA,OAKLAND,-122.23168182373047,37.80303955078125
91719202,2022,2022-03-10,9370,2022-02-27,0655,022858,,7,1,7,0109,0,1,1,,2,055,"I-580 E/B","MARTIN LUTHER KING JR WAY",830.00,E,N,A,-,Y,,,,,,,,,,Y,3,0,1,1,A,-,08,22107,,N,E,I,A,A,H,-,A,D,0,,,,,Y,,A,01,0,1,0,0,0,0,0,0,0,"- ","- ",37.492630004882812,-122.16098022460938,ALAMEDA,OAKLAND,-122.26697540283203,37.823894500732422
91720349,2022,2022-03-11,9370,2022-03-02,2101,022863,,3,2,7,0109,0,1,1,,2,008,"I-80 E/B","I-880 N/B TO I-80 W/B",80.00,W,N,A,-,Y,,,,,,,,,,Y,3,0,1,2,A,-,03,22350,,N,C,C,A,A,H,-,C,A,0,,,,,Y,Y,A,01,0,1,0,0,0,0,0,0,0,"- ","- ",37.492961883544922,-122.18222808837891,ALAMEDA,OAKLAND,-122.29182434082031,37.822624206542969
91720509,2022,2022-03-11,9370,2022-03-04,1308,022858,,5,1,7,0109,0,1,1,,2,176,"I-880 N/B","98TH AVE",1770.00,S,N,A,-,Y,,,,,,,,,,N,3,0,2,2,A,-,03,22350,,N,C,C,A,A,H,-,A,D,0,,,,,Y,,A,01,0,2,0,0,0,0,0,0,0,"- ","- ",37.434139251708984,-122.11720275878906,ALAMEDA,OAKLAND,-122.18842315673828,37.731731414794922
91721633,2022,2022-03-14,9370,2022-03-06,2500,021930,,7,4,7,0109,0,1,1,,2,177,"I-880 S/B FROM BROADWAY","WEBSTER ST",300.00,S,N,A,-,Y,ALA,,880,,,31.387,H,,L,N,3,0,1,1,A,-,07,21658,A,N,F,A,A,A,H,-,C,D,0,,,Y,,Y,Y,C,02,0,1,0,0,0,0,0,0,1,"- ","- ",37.796890258789062,-122.27163696289062,ALAMEDA,OAKLAND,-122.27151489257812,37.797073364257812
91722774,2022,2022-03-15,9370,2022-03-04,2005,022858,,5,2,7,0109,0,1,1,,2,178,"I-880 N/B","7TH STREET",425.00,S,N,A,G,Y,,,,,,,,,,Y,2,0,2,2,A,-,01,23153,A,N,A,C,A,A,H,-,C,D,0,,,,,Y,Y,A,01,1,0,1,0,0,0,0,0,0,"- ","- ",37.482288360595703,-122.18138885498047,ALAMEDA,OAKLAND,-122.30420684814453,37.8067626953125
91722791,2022,2022-03-15,9370,2022-03-04,1738,022858,,5,2,7,0109,0,1,1,,2,052,"I-580 E/B","HIGH ST",105.00,E,N,G,-,Y,,,,,,,,,,Y,3,0,1,2,A,-,03,22350,,N,C,C,A,A,H,-,D,D,0,,,,,Y,,A,07,0,1,0,0,0,0,0,0,0,"- ","- ",37.371170043945312,-122.11441040039062,ALAMEDA,OAKLAND,-122.19572448730469,37.786567687988281
91722816,2022,2022-03-15,9370,2022-03-03,1230,022816,,4,1,7,0109,0,1,1,,2,176,"I-880 N/B","16TH AVE",60.00,S,N,B,-,Y,ALA,,880,,,29.684,H,,R,N,3,0,1,3,A,-,08,22107,,N,B,2,A,B,H,-,A,D,0,,,Y,,Y,,C,02,0,1,0,0,0,0,0,0,1,"- ","- ",37.785938262939453,-122.24449157714844,ALAMEDA,OAKLAND,-122.2445068359375,37.785923004150391
91722882,2022,2022-03-15,9370,2022-03-06,0455,022818,,7,3,7,0109,0,1,1,,2,177,"I-880 N/B","16TH AVE",1660.00,N,N,A,-,Y,ALA,,880,,,29.923,H,,R,N,2,0,2,1,A,-,08,22107,,F,E,I,A,A,H,-,C,D,0,,,,,Y,,A,01,1,0,1,0,0,0,0,0,0,"- ","- ",37.787490844726562,-122.24848937988281,ALAMEDA,OAKLAND,-122.24837493896484,37.787689208984375
91723108,2022,2022-03-15,9370,2022-03-06,1922,022859,,7,2,7,0109,0,1,1,,2,053,"I-580 WB","FRUITVALE AVE",1635.00,W,N,A,-,Y,ALA,,580,,R,41.835,H,,L,Y,2,0,1,1,A,-,01,23152,A,N,E,I,A,A,H,-,D,D,0,,,,,Y,Y,A,01,1,0,0,0,0,0,0,0,0,"- ","- ",37.799610137939453,-122.22251892089844,ALAMEDA,OAKLAND,-122.22256469726562,37.799472808837891
91725103,2022,2022-03-17,9370,2022-02-25,2330,022611,,5,3,7,0109,0,1,1,,2,176,"I-880 S/B","HEGENBERGER RD",2004.00,N,N,A,-,Y,ALA,,880,,,25.883,H,,L,N,2,0,1,2,A,-,11,21954,A,F,G,B,E,A,H,-,D,D,0,Y,,,,Y,,N,60,1,0,0,0,1,0,0,0,0,"- ","- ",37.7452392578125,-122.20066833496094,ALAMEDA,OAKLAND,-122.20061492919922,37.745269775390625
91725247,2022,2022-03-17,9370,2022-02-20,0131,022637,,7,3,7,0109,0,1,1,,2,176,"I-880 N/B","66TH STREET",2360.00,N,N,A,-,Y,ALA,,880,,,27.007,H,,R,Y,3,0,1,2,C,-,18,,,N,C,C,A,A,H,-,C,D,0,,,Y,,Y,,-,"- ",0,1,0,0,0,0,0,0,1,"- ","- ",37.758659362792969,-122.21208953857422,ALAMEDA,OAKLAND,-122.21205902099609,37.758678436279297
91725286,2022,2022-03-17,9370,2022-02-20,0630,020475,,7,1,7,0109,0,1,1,,2,008,"I-80 E/B","I-880 N/B",2660.00,E,N,B,-,Y,,,,,,,,,,N,3,0,1,2,A,-,08,22107,,N,F,A,A,A,H,-,A,D,0,,,,Y,Y,,A,01,0,1,0,0,0,0,0,0,0,"- ","- ",37.493778228759766,-122.17471313476562,ALAMEDA,OAKLAND,-122.29306030273438,37.829414367675781
91725315,2022,2022-03-17,9370,2022-03-02,0326,022850,,3,3,7,0109,0,1,3,,2,024,"SR-24 WB","KAY STREET",2000.00,W,N,A,-,Y,ALA,,24,,R,4.870,H,,L,Y,3,0,1,2,A,-,01,23152,A,M,F,C,A,A,H,-,C,D,0,,,,,Y,Y,A,01,0,1,0,0,0,0,0,0,0,"- ","- ",37.848918914794922,-122.23281860351562,ALAMEDA,OAKLAND,-122.23283386230469,37.848979949951172
91725389,2022,2022-03-17,9370,2022-03-06,0045,022700,,7,3,7,0109,0,1,1,,2,177,"I-880 N/B",EMBARCADERO,3700.00,S,N,A,-,Y,ALA,,880,,,29.881,H,,R,N,2,0,2,1,A,-,01,23152,A,N,E,I,A,A,H,-,D,D,0,,,,,Y,Y,A,01,1,0,1,0,0,0,0,0,0,"- ","- ",37.787479400634766,-122.24762725830078,ALAMEDA,OAKLAND,-122.24767303466797,37.78741455078125
91727947,2022,2022-03-21,9370,2022-03-10,0850,022831,,4,1,7,0109,0,1,1,,2,052,"I-580 W/B","KUHNLE AVE",1350.00,E,N,A,-,Y,ALA,,580,,R,38.678,H,,L,N,3,0,1,3,A,-,03,22350,,N,C,C,A,A,H,-,A,D,0,,,,,Y,,A,01,0,1,0,0,0,0,0,0,0,"- ","- ",37.779029846191406,-122.16970825195312,ALAMEDA,OAKLAND,-122.16980743408203,37.778915405273438
91728736,2022,2022-03-22,9370,2022-03-10,1505,022826,,4,2,7,0109,0,1,3,,2,024,"SR-24 E/B",BROADWAY,50.00,E,N,A,-,Y,,,,,,,,,,Y,2,0,1,3,A,-,03,22350,,N,C,C,A,A,H,-,A,D,0,,,,,Y,,A,01,1,0,0,0,0,0,0,0,0,"- ","- ",37.825069427490234,-122.26583862304688,ALAMEDA,OAKLAND,-122.21700286865234,37.854820251464844
91730737,2022,2022-03-24,9370,2022-03-13,1210,022848,,7,1,7,0109,0,1,1,,2,177,"I-880 N/B","JACKSON STREET",2400.00,N,N,A,-,Y,,,,,,,,,,Y,3,0,1,1,A,-,08,22107,,N,E,I,A,A,H,-,A,D,0,,,,,Y,,A,01,0,1,0,0,0,0,0,0,0,"- ","- ",37.988288879394531,-122.27567291259766,ALAMEDA,OAKLAND,-122.26915740966797,37.796329498291016
91730750,2022,2022-03-24,9370,2022-03-13,2100,022821,,7,2,6,0103,0,1,1,,2,081,"I-80 E/B","UNIVERSITY AVE",1166.00,W,N,B,-,Y,ALA,,80,,,5.622,H,,R,N,3,0,5,2,A,-,01,23152,A,N,C,C,A,A,H,-,C,D,0,,,,,Y,Y,A,07,0,1,4,0,0,0,0,0,0,"- ","- ",37.863788604736328,-122.30271148681641,ALAMEDA,BERKELEY,-122.30281829833984,37.86376953125
91730970,2022,2022-03-24,9335,2022-03-14,1712,018688,,1,2,7,0109,0,1,1,,2,086,"I-80 W/B","SFOBB METERING LIGHTS",730.00,E,N,B,-,Y,,,,,,,,,,Y,3,0,3,2,A,-,08,22107,,N,D,C,A,A,H,-,A,A,0,,,,,Y,,A,01,0,1,2,0,0,0,0,0,0,"- ","- ",37.824321746826172,-122.3148193359375,ALAMEDA,OAKLAND,-122.31488037109375,37.824634552001953
91730995,2022,2022-03-24,9370,2022-03-12,1932,022859,,6,2,7,0109,0,1,1,,2,176,"I-880 SB","66TH AVENUE",1985.00,N,N,A,-,Y,ALA,,880,,,26.985,H,,L,Y,3,0,3,2,A,-,03,22350,,N,C,C,A,A,H,-,D,D,0,,,,,Y,,A,01,0,3,0,0,0,0,0,0,0,"- ","- ",37.758430480957031,-122.21209716796875,ALAMEDA,OAKLAND,-122.212158203125,37.758396148681641
91733936,2022,2022-03-25,9370,2022-03-16,1850,022859,,3,2,7,0109,0,1,1,,2,054,"I-580 W/B","LAKE PARK AVENUE",140.00,E,N,A,-,Y,ALA,,580,,,43.215,H,,L,N,3,0,2,2,A,-,08,22107,,N,D,C,A,A,H,-,A,D,0,,,,,Y,,A,01,0,2,0,0,0,0,0,0,0,"- ","- ",37.808361053466797,-122.24150085449219,ALAMEDA,OAKLAND,-122.24158477783203,37.808216094970703
91734467,2022,2022-03-28,9370,2022-03-17,2202,022863,,4,3,7,0109,0,1,1,,2,054,"I-580 W/B","SANTA CLARA PEDESTRIAN OVERCROSSING",122.00,E,N,A,-,Y,,,,,,,,,,N,3,0,1,1,A,-,08,22107,,N,E,I,A,A,H,-,C,D,0,,,,,Y,,A,01,0,1,0,0,0,0,0,0,0,"- ","- ",37.484119415283203,-122.14598083496094,ALAMEDA,OAKLAND,-122.25353240966797,37.819091796875
91734468,2022,2022-03-28,9370,2022-03-17,2204,022863,,4,3,7,0109,0,1,1,,2,055,"I-580 W/B","SANTA CLARA PEDESTRIAN OVERCROSSING",35.00,W,N,A,-,Y,,,,,,,,,,N,3,0,1,2,C,-,18,,,N,B,C,A,A,H,-,C,D,0,,,,,Y,,-,"- ",0,1,0,0,0,0,0,0,0,"- ","- ",37.484291076660156,-122.15043640136719,ALAMEDA,OAKLAND,-122.25353240966797,37.819091796875
91734993,2022,2022-03-28,9370,2022-03-15,1317,022830,,2,1,6,0103,0,1,1,,2,081,"I-80 W/B","GILMAN ST",1700.00,W,N,A,-,Y,ALA,,80,,,6.274,H,,L,N,3,0,1,2,A,-,03,22350,,N,C,C,A,A,H,-,A,D,0,,,,Y,Y,,F,25,0,1,0,0,0,0,0,0,0,"- ","- ",37.872879028320312,-122.30599975585938,ALAMEDA,BERKELEY,-122.30582427978516,37.872913360595703
91736025,2022,2022-03-29,9370,2022-03-17,2334,022863,,4,3,7,0109,0,1,1,,2,054,"I-580 E/B","SANTA CLARA PEDESTRIAN OVERCROSSING",535.00,E,N,A,-,Y,SM,,84,,R,27.952,H,,R,N,2,0,1,2,C,-,18,,,M,D,C,A,A,H,-,C,D,0,,,,,Y,Y,-,"- ",1,0,0,0,0,0,0,0,0,"- ","- ",37.483730316162109,-122.14550018310547,ALAMEDA,OAKLAND,-122.14556121826172,37.483779907226562
91736211,2022,2022-03-29,9370,2022-03-19,0640,020475,,6,1,7,0109,0,1,1,,2,008,"I-80 W/B","OF THE SFOBB TOLL PLAZA",1150.00,E,N,B,-,Y,,,,,,,,,,N,3,0,1,2,A,-,07,21658,A,N,C,C,A,A,H,-,B,D,0,,,,,Y,,A,01,0,1,0,0,0,0,0,0,0,"- ","- ",37.492950439453125,-122.18350982666016,ALAMEDA,OAKLAND,,
91737015,2022,2022-03-30,9370,2022-03-13,1125,022845,,7,1,7,0109,0,1,1,,2,055,"I-580 W/B TO I-980 W/B","30 TH STREET",530.00,E,N,A,-,Y,ALA,,980,,,1.796,H,,L,N,3,0,1,1,A,-,03,22350,,N,F,A,A,A,H,-,A,D,0,,,Y,,Y,,C,02,0,1,0,0,0,0,0,0,1,"- ","- ",37.820960998535156,-122.26969909667969,ALAMEDA,OAKLAND,-122.26951599121094,37.820934295654297
91737060,2022,2022-03-30,9370,2022-03-14,1635,022826,,1,2,6,0103,0,1,1,,2,081,"I-80 E/B","GILMAN ST",1320.00,W,N,A,-,Y,,,,,,,,,,N,3,0,2,3,A,-,03,22350,,N,C,C,A,A,H,-,A,D,0,,,,,Y,,D,22,0,2,0,0,0,0,0,0,0,"- ","- ",37.824871063232422,-122.26587677001953,ALAMEDA,BERKELEY,-122.30726623535156,37.878631591796875
91737224,2022,2022-03-30,9370,2022-03-18,1415,022859,,5,2,7,0109,0,1,3,,2,025,"SR-24 W/B TO I-580 E/B","W. MACARTHUR BOULEVARD",770.00,W,N,A,-,Y,ALA,,24,,R,2.115,H,,L,N,3,0,1,2,A,-,03,22350,,N,E,C,A,A,H,-,A,D,0,,,,,Y,,A,07,0,1,0,0,0,0,0,0,0,"- ","- ",37.828201293945312,-122.267822265625,ALAMEDA,OAKLAND,-122.26757049560547,37.828166961669922
91737299,2022,2022-03-30,9370,2022-03-18,1435,022859,,5,2,7,0109,0,1,1,,2,053,"I-580 E/B","38TH AVE",230.00,W,N,A,-,Y,ALA,,580,,R,40.441,H,,R,N,2,0,2,4,A,-,07,21658,A,N,B,C,A,A,H,-,A,D,0,,,,,Y,,A,01,1,1,0,0,0,0,0,0,0,"- ","- ",37.789741516113281,-122.20121765136719,ALAMEDA,OAKLAND,-122.20101165771484,37.789875030517578
91737940,2022,2022-05-23,9370,2022-03-13,1600,021281,,7,2,6,0103,0,1,1,,2,081,"I-80 EB","UNIVERSITY AVE",500.00,W,N,A,-,Y,ALA,,80,,,5.765,H,,R,N,3,0,1,2,A,-,03,22350,,N,B,C,A,A,H,-,A,D,0,,,Y,,Y,,C,02,0,1,0,0,0,0,0,0,1,"- ","- ",37.865798950195312,-122.30342864990234,ALAMEDA,BERKELEY,-122.30342102050781,37.865802764892578