CASE_ID,ACCIDENT_YEAR,PROC_DATE,JURIS,COLLISION_DATE,COLLISION_TIME,OFFICER_ID,REPORTING_DISTRICT,DAY_OF_WEEK,CHP_SHIFT,POPULATION,CNTY_CITY_LOC,SPECIAL_COND,BEAT_TYPE,CHP_BEAT_TYPE,CITY_DIVISION_LAPD,CHP_BEAT_CLASS,BEAT_NUMBER,PRIMARY_RD,SECONDARY_RD,DISTANCE,DIRECTION,INTERSECTION,WEATHER_1,WEATHER_2,STATE_HWY_IND,CALTRANS_COUNTY,CALTRANS_DISTRICT,STATE_ROUTE,ROUTE_SUFFIX,POSTMILE_PREFIX,POSTMILE,LOCATION_TYPE,RAMP_INTERSECTION,SIDE_OF_HWY,TOW_AWAY,COLLISION_SEVERITY,NUMBER_KILLED,NUMBER_INJURED,PARTY_COUNT,PRIMARY_COLL_FACTOR,PCF_CODE_OF_VIOL,PCF_VIOL_CATEGORY,PCF_VIOLATION,PCF_VIOL_SUBSECTION,HIT_AND_RUN,TYPE_OF_COLLISION,MVIW,PED_ACTION,ROAD_SURFACE,ROAD_COND_1,ROAD_COND_2,LIGHTING,CONTROL_DEVICE,CHP_ROAD_TYPE,PEDESTRIAN_ACCIDENT,BICYCLE_ACCIDENT,MOTORCYCLE_ACCIDENT,TRUCK_ACCIDENT,NOT_PRIVATE_PROPERTY,ALCOHOL_INVOLVED,STWD_VEHTYPE_AT_FAULT,CHP_VEHTYPE_AT_FAULT,COUNT_SEVERE_INJ,COUNT_VISIBLE_INJ,COUNT_COMPLAINT_PAIN,COUNT_PED_KILLED,COUNT_PED_INJURED,COUNT_BICYCLIST_KILLED,COUNT_BICYCLIST_INJURED,COUNT_MC_KILLED,COUNT_MC_INJURED,PRIMARY_RAMP,SECONDARY_RAMP,LATITUDE,LONGITUDE,COUNTY,CITY,POINT_X,POINT_Y
91737966,2022,2022-03-31,9370,2022-03-19,2035,022859,,6,2,7,0109,0,1,1,,2,177,"I-880 S/B","23RD AVENUE",1620.00,N,N,A,-,Y,ALA,,880,,,29.299,H,,L,N,3,0,2,3,A,-,07,21658,A,F,B,C,A,A,H,-,D,D,0,,,,,Y,,A,01,0,2,0,0,0,0,0,0,0,"- ","- ",37.782161712646484,-122.23919677734375,ALAMEDA,OAKLAND,-122.23920440673828,37.782157897949219
91738160,2022,2022-03-31,9370,2022-03-21,0720,022838,,1,1,6,0103,0,1,1,,2,081,"I-80 W/B","ASHBY AVE WEST O/C",500.00,E,N,A,-,Y,ALA,,80,,,4.485,H,,L,N,3,0,1,2,A,-,03,22350,,N,C,C,A,A,H,-,A,D,0,,,,Y,Y,,G,25,0,1,0,0,0,0,0,0,0,"- ","- ",37.847629547119141,-122.29878997802734,ALAMEDA,BERKELEY,-122.29872131347656,37.847640991210938
91738260,2022,2022-03-31,9370,2022-03-21,2349,022850,,1,3,7,0109,0,1,1,,2,177,"I-880 N/B","23RD AVE",1200.00,N,N,A,-,Y,ALA,,880,,,29.414,H,,R,N,3,0,2,2,A,-,03,22350,,N,C,C,A,A,H,-,C,D,0,,,,,Y,,D,22,0,2,0,0,0,0,0,0,0,"- ","- ",37.783649444580078,-122.24049377441406,ALAMEDA,OAKLAND,-122.24046325683594,37.783668518066406
91738647,2022,2022-04-01,9370,2022-03-07,0815,022838,,1,1,7,0109,0,1,1,,2,176,"I-880 N/B","98TH AVENUE",290.00,S,N,A,-,Y,ALA,,880,,,24.685,H,,R,N,2,0,1,3,A,-,03,22350,,F,C,C,A,A,H,-,A,D,0,,,Y,,Y,Y,-,99,1,0,0,0,0,0,0,0,1,"- ","- ",37.731071472167969,-122.18782043457031,ALAMEDA,OAKLAND,-122.18785858154297,37.731048583984375
91739655,2022,2022-04-04,9370,2022-03-24,1215,022862,,4,1,7,0109,0,1,1,,2,177,"I-880 S/B","5TH AVE",200.00,S,N,A,-,Y,ALA,,880,,,30.496,H,,L,Y,3,0,1,1,A,-,08,22107,,N,E,I,A,A,H,-,A,D,0,,,,,Y,,A,01,0,1,0,0,0,0,0,0,0,"- ","- ",37.790069580078125,-122.25861358642578,ALAMEDA,OAKLAND,-122.25862884521484,37.790023803710938
91740900,2022,2022-04-05,9370,2022-03-26,1505,022830,,6,2,7,0109,0,1,1,,2,052,"I-580 E/B","GOLF LINKS RD",620.00,W,N,A,-,Y,ALA,,580,,R,36.487,H,,R,Y,3,0,1,2,A,-,07,21658,A,N,B,C,A,A,H,-,A,D,0,,,Y,,Y,,C,02,0,1,0,0,0,0,0,0,1,"- ","- ",37.755378723144531,-122.1497802734375,ALAMEDA,OAKLAND,-122.14965057373047,37.755287170410156
91740902,2022,2022-04-05,9370,2022-03-27,2045,022831,,7,2,7,0109,0,1,1,,2,054,"I-580 W/B","LAKE PARK AVE",780.00,E,N,C,-,Y,ALA,,580,,,43.083,H,,L,Y,2,0,1,1,A,-,03,22350,,N,E,I,A,B,H,-,C,D,0,,,,,Y,,A,01,1,0,0,0,0,0,0,0,0,"- ","- ",37.807468414306641,-122.23941040039062,ALAMEDA,OAKLAND,-122.23953247070312,37.807304382324219
91740994,2022,2022-04-05,9370,2022-03-30,1558,022838,,3,2,7,0109,0,1,1,,2,053,"I-580 W/B","BEAUMONT AVE",230.00,E,N,A,-,Y,ALA,,580,,R,42.140,H,,L,N,3,0,2,1,A,-,08,22107,,N,E,I,A,A,H,-,A,D,0,,,,,Y,,A,01,0,2,0,0,0,0,0,0,0,"- ","- ",37.800739288330078,-122.22791290283203,ALAMEDA,OAKLAND,-122.22795867919922,37.800624847412109
91741997,2022,2022-11-08,9370,2022-03-28,0844,019059,,1,1,7,0109,0,1,1,,2,178,"I-880 N/B","7TH ST",2958.00,S,N,B,C,Y,ALA,,880,,R,32.898,H,,R,Y,3,0,1,1,A,-,08,22107,,N,E,I,A,B,H,-,A,D,0,,,,Y,Y,,F,26,0,1,0,0,0,0,0,0,0,"- ","- ",37.802169799804688,-122.29728698730469,ALAMEDA,OAKLAND,-122.29728698730469,37.802169799804688
91742107,2022,2022-04-06,9370,2022-03-31,0501,022821,,4,3,7,0109,0,1,1,,2,052,"I-580 W/B TO FOOTHILL BLVD.","SUPERIOR AVENUE",755.00,E,N,A,-,Y,ALA,,580,,R,35.040,H,,R,Y,3,0,1,1,A,-,01,23152,A,N,E,8,A,A,H,-,B,D,0,,,,,Y,Y,A,01,0,1,0,0,0,0,0,0,0,"- ","- ",37.737480163574219,-122.14035797119141,ALAMEDA,OAKLAND,-122.14060211181641,37.737388610839844
91742916,2022,2022-04-07,9370,2022-03-25,2115,022856,,5,2,7,0109,0,1,1,,2,178,"I-880 S/B","ADELINE ST",760.00,S,N,A,-,Y,ALA,,880,,R,32.255,H,,L,Y,3,0,1,1,A,-,08,22107,,N,E,I,A,A,H,-,C,D,0,,,,,Y,,A,01,0,1,0,0,0,0,0,0,0,"- ","- ",37.802440643310547,-122.28591156005859,ALAMEDA,OAKLAND,-122.28589630126953,37.802490234375
91744762,2022,2022-04-11,9370,2022-03-31,0905,022850,,4,1,7,0109,0,1,1,,2,054,"I-580 W/B","13TH AVE",80.00,E,N,A,-,Y,ALA,,580,,R,42.408,H,,L,Y,3,0,2,1,A,-,08,22107,,N,E,I,A,A,H,-,A,D,0,,,,,Y,,A,01,0,2,0,0,0,0,0,0,0,"- ","- ",37.803058624267578,-122.23168182373047,ALAMEDA,OAKLAND,-122.23188018798828,37.802906036376953
91744895,2022,2022-04-11,9370,2022-03-26,0000,022856,,6,3,7,0109,0,1,1,,2,177,"I-880 N/B","16TH AVE",800.00,N,N,A,-,Y,ALA,,880,,,29.864,H,,R,Y,3,0,2,2,A,-,01,23152,A,N,B,C,A,A,H,-,D,D,0,,,,,Y,Y,A,01,0,2,0,0,0,0,0,0,0,"- ","- ",37.787330627441406,-122.24736022949219,ALAMEDA,OAKLAND,-122.24738311767578,37.787296295166016
91745042,2022,2022-04-11,9370,2022-04-02,2048,022529,,6,2,7,0109,0,1,1,,2,052,"I-580 E/B","106TH AVENUE",2000.00,E,N,A,-,Y,ALA,,580,,R,35.348,H,,R,N,3,0,2,1,A,-,08,22107,,N,E,I,A,A,H,-,D,D,0,,,,,Y,,A,01,0,2,0,0,0,0,0,0,0,"- ","- ",37.740829467773438,-122.14436340332031,ALAMEDA,OAKLAND,-122.14424896240234,37.740879058837891
91745905,2022,2022-04-12,9370,2022-04-04,2325,022826,,1,3,7,0109,0,1,1,,2,052,"I-580 E/B","BUELL ST",500.00,E,N,A,-,Y,ALA,,580,,R,39.671,H,,R,Y,2,0,1,2,A,-,01,23152,A,N,C,C,A,A,H,-,D,D,0,,,,,Y,Y,A,01,1,0,0,0,0,0,0,0,0,"- ","- ",37.784069061279297,-122.18602752685547,ALAMEDA,OAKLAND,-122.18601226806641,37.784236907958984
91745980,2022,2022-04-12,9370,2022-03-19,2156,022821,,6,2,7,0109,0,1,1,,2,177,"I-880 SOUTHBOUND","5TH AVE",200.00,N,N,A,-,Y,ALA,,880,,,30.621,H,,L,Y,3,0,1,1,A,-,08,22107,,N,E,I,A,A,H,-,C,D,0,,,,,Y,,A,01,0,1,0,0,0,0,0,0,0,"- ","- ",37.790798187255859,-122.26052093505859,ALAMEDA,OAKLAND,-122.26054382324219,37.790775299072266
91748722,2022,2022-08-08,9370,2022-04-05,1350,022831,,2,1,6,0103,0,1,1,,2,081,"I-80 E/B","UNIVERSITY AVE",1640.00,W,N,A,-,Y,,,,,,,,,,N,3,0,1,2,A,-,07,21658,A,N,C,C,A,A,H,-,A,D,0,,,,Y,Y,,-,"- ",0,1,0,0,0,0,0,0,0,"- ","- ",37.862339019775391,-122.20234680175781,ALAMEDA,BERKELEY,-122.30495452880859,37.871150970458984
91751438,2022,2022-04-19,9370,2022-04-13,0716,022863,,3,1,7,0109,0,1,1,,2,176,"I-880 N/B","29TH AVENUE OVER CROSSING",1200.00,S,N,A,-,Y,ALA,,880,,,28.499,H,,R,N,3,0,1,2,A,-,07,21658,A,N,B,C,A,A,H,-,A,D,0,,,Y,,Y,,C,02,0,1,0,0,0,0,0,0,1,"- ","- ",37.773971557617188,-122.23008728027344,ALAMEDA,OAKLAND,-122.23007965087891,37.77398681640625
91752469,2022,2022-04-20,9370,2022-04-06,1510,022830,,3,2,7,0109,0,1,1,,2,178,"I-880 S/B","ADELINE ST",2600.00,N,N,A,-,Y,ALA,,880,,R,32.912,H,,L,Y,3,0,1,2,A,-,03,22350,,N,C,C,A,A,H,-,A,D,0,,,Y,,Y,,C,02,0,1,0,0,0,0,0,0,1,"- ","- ",37.801998138427734,-122.29812622070312,ALAMEDA,OAKLAND,-122.29813385009766,37.801979064941406
91755491,2022,2022-04-25,9370,2022-03-28,1808,021364,,1,2,7,0109,0,1,3,,2,025,"SR-24 W/B TO I-580 W/B","MARTIN LUTHER KING JR. WAY",200.00,W,N,A,-,Y,,,,,,,,,,Y,3,0,1,2,A,-,07,21658,A,F,B,C,A,A,H,-,A,D,0,,,,,Y,,-,99,0,1,0,0,0,0,0,0,0,"- ","- ",37.493080139160156,-122.16132354736328,ALAMEDA,OAKLAND,-122.27300262451172,37.814357757568359
91761726,2021,2023-01-04,9370,2021-11-14,1830,022124,,7,2,7,0109,0,1,1,,2,178,"I-880 S/B","7TH ST",1277.00,N,N,A,-,Y,,,880,,,,,,S,Y,1,1,0,2,A,-,11,21954,A,N,G,B,E,A,H,-,D,D,0,Y,,,,Y,,N,60,0,0,0,1,0,0,0,0,0,"- ","- ",37.811210632324219,-122.30422973632812,ALAMEDA,OAKLAND,-122.30430603027344,37.811248779296875
91762976,2022,2022-05-03,9335,2022-04-17,2205,022486,,7,3,7,0109,0,1,1,,1,082,"I-80 W/B","SFOBB TOLL PLAZA METERING LIGHTS",44.00,E,N,A,-,Y,ALA,,80,,,1.802,H,,L,Y,2,0,1,2,A,-,01,23152,A,N,C,C,A,A,H,-,C,D,0,,,,,Y,Y,A,01,1,0,0,0,0,0,0,0,0,"- ","- ",37.82421875,-122.31722259521484,ALAMEDA,OAKLAND,-122.31720733642578,37.824176788330078
91763170,2022,2022-05-03,9370,2022-04-21,0002,022848,,4,3,7,0109,0,1,1,,2,008,"I-80 W/B","POWELL STREET",3010.00,W,N,C,-,Y,ALA,,80,,,3.174,H,,L,Y,2,0,1,2,A,-,03,22350,,N,B,2,A,B,H,-,C,D,0,,,,,Y,,A,01,1,0,0,0,0,0,0,0,0,"- ","- ",37.82904052734375,-122.29438781738281,ALAMEDA,OAKLAND,-122.29437255859375,37.829032897949219
91764364,2021,2022-05-05,9370,2021-07-16,2202,022307,,5,3,7,0109,0,1,1,,2,055,"I-580 E/B TO WEST MACARTHUR BLVD","PERALTA STREET",120.00,W,N,A,-,Y,,,,,,,,,,Y,1,1,2,2,A,-,03,22350,,N,A,C,A,B,H,-,C,D,0,,,,,Y,,A,07,2,0,0,0,0,0,0,0,0,"- ","- ",37.494171142578125,-122.16512298583984,ALAMEDA,OAKLAND,-122.28156280517578,37.827259063720703
9176703,2020,2020-12-18,0109,2020-09-04,1020,9381,2,5,5,7,0109,0,0,0,,0,31Z,"98TH AV","BESSIE COLEMAN",20.00,S,N,A,-,N,,,,,,,,,,Y,3,0,1,2,A,-,03,22350,,N,C,C,A,A,H,-,A,A,0,,,,,Y,,A,07,0,1,0,0,0,0,0,0,0,"- ","- ",,,ALAMEDA,OAKLAND,-122.20060729980469,37.723480224609375
91767161,2022,2022-05-09,9370,2022-04-28,1250,022863,,4,1,7,0109,0,1,1,,2,052,"I-580 E/B","106TH AVENUE",1250.00,E,N,A,-,Y,ALA,,580,,R,35.485,H,,R,N,2,0,3,1,A,-,08,22107,,N,E,I,A,A,H,-,A,D,0,,,,,Y,,A,01,1,0,2,0,0,0,0,0,0,"- ","- ",37.742549896240234,-122.14569091796875,ALAMEDA,OAKLAND,-122.14554595947266,37.742633819580078
91769757,2022,2022-05-11,9335,2022-05-05,1445,021328,,4,2,7,0109,0,1,1,,1,082,"I-80 W/B","SFOBB METERING LIGHTS",55.00,W,N,A,-,Y,ALA,,80,,,1.781,H,,L,Y,3,0,3,2,A,-,07,21658,A,N,D,2,A,A,H,-,A,D,0,,,,,Y,,D,22,0,1,2,0,0,0,0,0,0,"- ","- ",37.823890686035156,-122.31749725341797,ALAMEDA,OAKLAND,-122.31758880615234,37.824100494384766
91771603,2020,2022-05-13,9370,2020-12-21,0032,020173,,1,3,7,0109,0,1,1,,2,053,"I-580 E/B","35TH AVE",621.00,W,N,A,-,Y,,,580,,,,,,E,Y,1,1,2,2,A,-,01,23152,F,F,A,C,A,A,H,-,C,D,0,,,,,Y,,A,07,2,0,0,0,0,0,0,0,0,"- ","- ",37.793750762939453,-122.20535278320312,ALAMEDA,OAKLAND,-122.20531463623047,37.793807983398438
9177165,2020,2020-11-03,0109,2020-05-22,1810,9461,2,5,5,7,0109,0,0,0,,0,30X,"WELD ST","73RD AV",200.00,E,N,A,-,N,,,,,,,,,,N,3,0,1,3,A,-,01,23152,A,N,D,C,A,A,H,-,A,A,0,,,,,Y,Y,A,01,0,1,0,0,0,0,0,0,0,"- ","- ",,,ALAMEDA,OAKLAND,-122.18154907226562,37.762252807617188
9177167,2020,2020-11-03,0109,2020-05-23,0136,9799,2,6,5,7,0109,0,0,0,,0,27X,"FOOTHILL BL","YGNACIO AV",0.00,,Y,A,-,N,,,,,,,,,,N,3,0,1,2,A,-,10,21950,A,F,G,B,E,A,H,-,C,A,0,Y,,,,Y,Y,-,99,0,1,0,0,1,0,0,0,0,"- ","- ",,,ALAMEDA,OAKLAND,,
91771763,2022,2022-05-13,9370,2022-04-08,0002,022858,,5,3,7,0109,0,1,1,,2,177,"I-880 N/B","5TH AVE",2630.00,N,N,A,-,Y,,,,,,,,,,Y,3,0,1,1,A,-,01,23152,A,N,E,I,A,A,H,-,D,D,0,,,,,Y,Y,A,07,0,1,0,0,0,0,0,0,0,"- ","- ",37.471889495849609,-122.15345764160156,ALAMEDA,OAKLAND,-122.26517486572266,37.794582366943359
91772620,2022,2022-05-16,9370,2022-05-09,1955,022821,,1,2,7,0109,0,1,1,,2,054,"I-580 W/B","LAKESHORE AVE",60.00,E,N,A,-,Y,ALA,,580,,,43.481,H,,L,N,2,0,1,2,A,-,11,21954,A,N,G,B,E,A,H,-,A,D,0,Y,,,,Y,,N,60,1,0,0,0,1,0,0,0,0,"- ","- ",37.809791564941406,-122.24609375,ALAMEDA,OAKLAND,-122.24620056152344,37.809555053710938
91773336,2022,2022-05-17,9370,2022-05-04,2300,022813,,3,3,7,0109,0,1,1,,2,052,"I-580 E/B","GOLF LINKS ROAD",1574.00,W,N,A,-,Y,ALA,,580,,R,36.740,H,,R,Y,2,0,1,1,A,-,03,22350,,M,E,I,A,A,H,-,C,D,0,,,,,Y,,A,01,1,0,0,0,0,0,0,0,0,"- ","- ",37.758438110351562,-122.14779663085938,ALAMEDA,OAKLAND,-122.14775848388672,37.758438110351562
9177395,2020,2021-01-05,0109,2020-10-03,2112,9592,2,6,5,7,0109,0,0,0,,0,27X,"INTERNATIONAL BL","54TH AV",8.00,E,N,A,-,N,,,,,,,,,,N,3,0,6,2,D,-,00,,,N,D,C,A,A,H,-,A,A,0,,,,,Y,,-,"- ",0,1,5,0,0,0,0,0,0,"- ","- ",,,ALAMEDA,OAKLAND,-122.20546722412109,37.767910003662109
91774504,2022,2022-05-18,9370,2022-05-06,1525,022863,,5,2,7,0109,0,1,1,,2,055,"I-580 E/B","WEST STREET",680.00,W,N,A,-,Y,ALA,,580,,,45.543,H,,R,Y,3,0,2,2,A,-,03,22350,,N,C,C,A,A,H,-,A,D,0,,,,,Y,,A,01,0,2,0,0,0,0,0,0,0,"- ","- ",37.825790405273438,-122.27471923828125,ALAMEDA,OAKLAND,-122.27468872070312,37.825885772705078
91774966,2022,2022-05-18,9370,2022-04-23,1140,022648,,6,1,7,0109,0,1,3,,2,025,"SR-24 W/B","42ND STREET",140.00,W,N,A,-,Y,ALA,,24,,R,2.473,H,,L,N,3,0,1,3,A,-,03,22350,,N,C,C,A,A,H,-,A,D,0,,,,,Y,,A,07,0,1,0,0,0,0,0,0,0,"- ","- ",37.833278656005859,-122.2666015625,ALAMEDA,OAKLAND,-122.26651763916016,37.833271026611328
91775163,2022,2022-05-18,9370,2022-05-10,1540,022077,,2,2,7,0109,0,1,1,,2,054,"I-580 E/B","GRAND AVENUE",1310.00,W,N,A,-,Y,ALA,,580,,,43.883,H,,R,N,3,0,2,2,A,-,03,22350,,N,C,C,A,A,H,-,A,D,0,,,,,Y,,A,01,0,2,0,0,0,0,0,0,0,"- ","- ",37.813579559326172,-122.25084686279297,ALAMEDA,OAKLAND,-122.25069427490234,37.813606262207031
91775182,2022,2022-05-18,9370,2022-05-10,1820,022863,,2,2,7,0109,0,1,1,,2,008,"I-80 E/B","SFOBB TOLL PLAZA",2050.00,E,N,A,-,Y,ALA,,80,,,2.401,H,,R,N,3,0,1,2,A,-,03,22350,,N,C,C,A,A,H,-,A,D,0,,,,,Y,,A,01,0,1,0,0,0,0,0,0,0,"- ","- ",37.824748992919922,-122.30655670166016,ALAMEDA,OAKLAND,-122.30657958984375,37.824840545654297
91775815,2022,2022-05-19,9335,2022-05-09,2223,022823,,1,3,7,0109,0,1,1,,1,082,"I-80 WB","SFOBB TOLL BOOTH",3.00,E,N,A,-,Y,ALA,,80,,,1.997,H,,L,Y,3,0,1,1,A,-,01,23152,A,N,E,I,A,A,H,-,C,D,0,,,,,Y,Y,A,01,0,1,0,0,0,0,0,0,0,"- ","- ",37.824710845947266,-122.31369018554688,ALAMEDA,OAKLAND,-122.31374359130859,37.824867248535156
91776000,2022,2022-05-19,9370,2022-04-25,0445,022841,,1,3,7,0109,0,1,1,,2,178,"I-880 S/B","MARITIME ST",400.00,N,N,A,-,Y,ALA,,880,S,,0.718,H,,L,N,2,0,1,1,A,-,01,23152,F,N,E,I,A,A,H,-,D,D,0,,,,,Y,,A,01,1,0,0,0,0,0,0,0,0,"- ","- ",37.823249816894531,-122.30181884765625,ALAMEDA,OAKLAND,-122.30181884765625,37.823249816894531
91776562,2022,2022-05-20,9370,2022-05-06,1350,022854,,5,1,7,0109,0,1,1,,2,176,"I-880 S/B","ZHONE WAY",2180.00,N,N,A,-,Y,ALA,,880,,,27.024,H,,L,Y,3,0,1,3,A,-,03,22350,,N,C,C,A,A,H,-,A,D,0,,,,,Y,,A,01,0,1,0,0,0,0,0,0,0,"- ","- ",37.758899688720703,-122.21251678466797,ALAMEDA,OAKLAND,-122.21257781982422,37.758869171142578
91777788,2021,2022-05-23,9370,2021-09-06,0110,022529,,1,3,7,0109,0,1,1,,2,008,"I-80 E/B TO I-580 E/B","BEACH ST",1202.00,W,N,A,-,Y,,,80,,,,R,,E,Y,1,1,1,2,A,-,01,23152,A,F,A,C,A,A,H,-,D,D,0,,,,,Y,Y,A,01,1,0,0,0,0,0,0,0,0,"- ","- ",37.827320098876953,-122.29518127441406,ALAMEDA,OAKLAND,-122.29518127441406,37.827320098876953
91778054,2022,2022-05-23,9370,2022-04-28,1615,022831,,4,2,7,0109,0,1,1,,2,054,"I-580 W/B","GRAND AVE",155.00,E,N,A,-,Y,ALA,,580,,,43.584,H,,L,N,3,0,1,2,A,-,03,22350,,N,C,C,A,A,H,-,A,D,0,,,,,Y,,A,08,0,1,0,0,0,0,0,0,0,"- ","- ",37.810310363769531,-122.24788665771484,ALAMEDA,OAKLAND,-122.24800109863281,37.810089111328125
91778062,2022,2022-05-23,9370,2022-05-14,1350,022077,,6,1,7,0109,0,1,1,,2,176,"I-880 S/B","42ND AVE",1730.00,N,N,A,-,Y,ALA,,880,,,28.240,H,,L,N,3,0,1,3,A,-,03,22350,,N,C,C,A,A,H,-,A,D,0,,,,,Y,,A,07,0,1,0,0,0,0,0,0,0,"- ","- ",37.772529602050781,-122.22599029541016,ALAMEDA,OAKLAND,-122.22601318359375,37.772476196289062
91778073,2022,2022-05-23,9370,2022-05-14,1746,019059,,6,2,7,0109,0,1,3,,2,024,"SR-24 W/B TO SR-13 S/B",SR-13,418.00,W,N,A,-,Y,,,,,,,,,,N,3,0,1,2,A,-,03,22350,,N,C,C,A,A,H,-,A,D,0,,,,,Y,,A,08,0,1,0,0,0,0,0,0,0,"- ","- ",37.849449157714844,-122.23190307617188,ALAMEDA,OAKLAND,-122.23190307617188,37.849449157714844
91779196,2022,2022-05-24,9370,2022-05-15,1655,022077,,7,2,7,0109,0,1,1,,2,052,"I-580 E/B","HIGH STREET",1455.00,W,N,A,-,Y,ALA,,580,,R,40.374,H,,L,N,3,0,3,4,A,-,08,22107,,F,C,E,A,A,H,-,A,D,0,,,,,Y,,-,99,0,3,0,0,0,0,0,0,0,"- ","- ",37.788990020751953,-122.20041656494141,ALAMEDA,OAKLAND,-122.20034790039062,37.789051055908203
91780178,2022,2022-05-25,9335,2022-05-17,0800,018053,,2,1,7,0109,0,1,1,,1,082,"I-80 W/B","THE SAN FRANCISCO COUNTY LINE",2640.00,E,N,A,-,Y,ALA,,80,,R,0.491,H,,L,N,3,0,1,2,A,-,07,21658,A,F,B,C,A,A,H,-,A,D,0,,,Y,,Y,,-,99,0,1,0,0,0,0,0,0,1,"- ","- ",37.820449829101562,-122.3408203125,ALAMEDA,OAKLAND,-122.34083557128906,37.820537567138672
91780489,2022,2022-05-25,9370,2022-04-26,0220,022858,,2,3,7,0109,0,1,1,,2,052,"I-580 E/B","EDWARDS AVE",2130.00,W,N,A,-,Y,ALA,,580,,R,38.637,H,,R,Y,3,0,1,2,A,-,03,22350,,N,C,C,A,A,H,-,D,D,0,,,,,Y,,A,01,0,1,0,0,0,0,0,0,0,"- ","- ",37.778568267822266,-122.16921997070312,ALAMEDA,OAKLAND,-122.16909027099609,37.778732299804688
91781197,2022,2022-05-26,9335,2022-05-18,1410,018688,,3,2,7,0109,0,1,1,,1,082,"I-80 W/B","TOLL BOOTH #11 (WEST EDGE)",24.00,E,N,A,-,Y,ALA,,80,,,1.994,H,,L,Y,3,0,1,1,A,-,08,22107,,N,E,I,A,A,H,-,A,D,0,,,,,Y,,A,01,0,1,0,0,0,0,0,0,0,"- ","- ",37.824859619140625,-122.31378936767578,ALAMEDA,OAKLAND,-122.31378936767578,37.824855804443359
9178218,2020,2020-11-20,0109,2020-08-27,2129,9488,1,4,5,7,0109,0,0,0,,0,03X,"5TH ST","OAK ST",0.00,,Y,A,-,N,,,,,,,,,,N,3,0,1,2,A,-,11,21950,B,N,G,B,B,A,H,-,C,A,0,Y,,,,Y,,N,60,0,1,0,0,1,0,0,0,0,"- ","- ",,,ALAMEDA,OAKLAND,-122.26674652099609,37.794849395751953
9178323,2020,2021-01-21,0109,2020-10-16,1918,9325,2,5,5,7,0109,0,0,0,,0,26X,"INTERNATIONAL BL","69TH AV",0.00,,Y,A,-,N,,,,,,,,,,N,3,0,1,2,A,-,12,21453,A,N,D,C,A,A,H,-,C,A,0,,,Y,,Y,,A,01,0,1,0,0,0,0,0,0,1,"- ","- ",,,ALAMEDA,OAKLAND,-122.19029998779297,37.760730743408203
9178327,2020,2021-01-21,0109,2020-10-13,1424,9533,1,2,5,7,0109,0,0,0,,0,03X,"JACKSON ST","6TH ST",15.00,N,N,A,-,N,,,,,,,,,,N,3,0,1,2,A,-,05,21650,1,N,A,G,A,A,H,-,A,D,0,,Y,,,Y,,L,04,0,1,0,0,0,0,1,0,0,"- ","- ",,,ALAMEDA,OAKLAND,-122.26869964599609,37.796459197998047
9178331,2020,2021-01-21,0109,2020-10-04,2202,99812,1,7,5,7,0109,0,0,0,,0,03X,"7TH ST","HARRISON ST",0.00,,Y,A,-,N,,,,,,,,,,N,3,0,1,2,D,-,00,,,M,H,G,A,A,H,-,C,A,0,,Y,,,Y,,-,"- ",0,1,0,0,0,0,1,0,0,"- ","- ",,,ALAMEDA,OAKLAND,-122.2706298828125,37.798091888427734
9178333,2020,2021-01-21,0109,2020-10-15,0000,8051,1,4,5,7,0109,0,0,0,,0,04X,"W GRAND AV","SAN PABLO",0.00,,Y,A,-,N,,,,,,,,,,N,3,0,1,2,A,-,12,21453,A,F,D,G,A,A,H,-,B,A,0,,Y,,,Y,Y,A,01,0,1,0,0,0,0,1,0,0,"- ","- ",,,ALAMEDA,OAKLAND,-122.2740478515625,37.812820434570312
9178336,2020,2021-01-21,0109,2020-10-11,1747,9533,1,7,5,7,0109,0,0,0,,0,03X,"12TH ST","LAKE MERRITT BL",0.00,,Y,A,-,Y,,,,,,,,,,Y,3,0,1,2,A,-,12,21453,A,N,D,C,A,A,H,-,A,A,0,,,,,Y,,A,01,0,1,0,0,0,0,0,0,0,"- ","- ",,,ALAMEDA,OAKLAND,-122.26190948486328,37.799068450927734
9178360,2020,2021-01-09,0109,2020-10-05,0958,9394,1,1,5,7,0109,0,0,0,,0,03X,"JACKSON ST","12TH ST",0.00,,Y,A,-,N,,,,,,,,,,N,3,0,1,2,A,-,10,21950,A,N,G,B,B,A,H,-,A,A,0,Y,,,,Y,,A,01,0,1,0,0,1,0,0,0,0,"- ","- ",,,ALAMEDA,OAKLAND,-122.26609039306641,37.80059814453125