CASE_ID,ACCIDENT_YEAR,PROC_DATE,JURIS,COLLISION_DATE,COLLISION_TIME,OFFICER_ID,REPORTING_DISTRICT,DAY_OF_WEEK,CHP_SHIFT,POPULATION,CNTY_CITY_LOC,SPECIAL_COND,BEAT_TYPE,CHP_BEAT_TYPE,CITY_DIVISION_LAPD,CHP_BEAT_CLASS,BEAT_NUMBER,PRIMARY_RD,SECONDARY_RD,DISTANCE,DIRECTION,INTERSECTION,WEATHER_1,WEATHER_2,STATE_HWY_IND,CALTRANS_COUNTY,CALTRANS_DISTRICT,STATE_ROUTE,ROUTE_SUFFIX,POSTMILE_PREFIX,POSTMILE,LOCATION_TYPE,RAMP_INTERSECTION,SIDE_OF_HWY,TOW_AWAY,COLLISION_SEVERITY,NUMBER_KILLED,NUMBER_INJURED,PARTY_COUNT,PRIMARY_COLL_FACTOR,PCF_CODE_OF_VIOL,PCF_VIOL_CATEGORY,PCF_VIOLATION,PCF_VIOL_SUBSECTION,HIT_AND_RUN,TYPE_OF_COLLISION,MVIW,PED_ACTION,ROAD_SURFACE,ROAD_COND_1,ROAD_COND_2,LIGHTING,CONTROL_DEVICE,CHP_ROAD_TYPE,PEDESTRIAN_ACCIDENT,BICYCLE_ACCIDENT,MOTORCYCLE_ACCIDENT,TRUCK_ACCIDENT,NOT_PRIVATE_PROPERTY,ALCOHOL_INVOLVED,STWD_VEHTYPE_AT_FAULT,CHP_VEHTYPE_AT_FAULT,COUNT_SEVERE_INJ,COUNT_VISIBLE_INJ,COUNT_COMPLAINT_PAIN,COUNT_PED_KILLED,COUNT_PED_INJURED,COUNT_BICYCLIST_KILLED,COUNT_BICYCLIST_INJURED,COUNT_MC_KILLED,COUNT_MC_INJURED,PRIMARY_RAMP,SECONDARY_RAMP,LATITUDE,LONGITUDE,COUNTY,CITY,POINT_X,POINT_Y
91783958,2022,2022-05-30,9370,2022-05-04,1528,021093,,3,2,7,0109,0,1,1,,2,176,"I-880 N/B","HIGH ST",2500.00,S,N,B,-,Y,ALA,,880,,,27.331,H,,R,Y,3,0,2,3,A,-,03,22350,,N,C,C,A,A,H,-,A,D,0,,,,,Y,,D,22,0,1,1,0,0,0,0,0,0,"- ","- ",37.762489318847656,-122.21552276611328,ALAMEDA,OAKLAND,-122.21542358398438,37.762542724609375
9178415,2020,2021-01-07,0109,2020-10-01,2301,9836,2,4,5,7,0109,0,0,0,,0,27X,"BROOKDALE AV","RENWICK ST",15.00,W,N,A,-,N,,,,,,,,,,N,3,0,1,2,A,-,08,22107,,N,B,E,A,A,H,-,C,D,0,,,,,Y,,A,01,0,1,0,0,0,0,0,0,0,"- ","- ",,,ALAMEDA,OAKLAND,-122.20053100585938,37.779331207275391
91784532,2022,2022-05-31,9370,2022-05-06,2005,022854,,5,2,7,0109,0,1,1,,2,178,"I-880 N/B TO I-80 E/B","I-80 E/B",920.00,S,N,A,-,Y,ALA,,880,S,,0.813,H,,R,Y,3,0,1,2,A,-,07,21658,A,F,B,C,A,A,H,-,D,D,0,,,,,Y,,A,01,0,1,0,0,0,0,0,0,0,"- ","- ",37.823719024658203,-122.30239868164062,ALAMEDA,OAKLAND,-122.30241394042969,37.823703765869141
91784698,2022,2022-05-31,9370,2022-05-14,0252,022648,,6,3,7,0109,0,1,1,,2,055,"I-580 W/B","MANDELA PAKWAY",1160.00,W,N,A,-,Y,ALA,,580,,,46.569,H,,R,Y,2,0,1,1,A,-,03,22350,,N,E,I,A,A,H,-,D,D,0,,,Y,,Y,,C,02,1,0,0,0,0,0,0,0,1,"- ","- ",37.828109741210938,-122.29351806640625,ALAMEDA,OAKLAND,-122.29351806640625,37.828086853027344
91785593,2022,2022-06-01,9335,2022-05-22,2135,022468,,7,2,6,0103,0,1,1,,1,083,"I-80 E/B","TOLL PLAZA",5280.00,W,N,A,-,Y,ALA,,80,,R,0.921,H,,R,Y,3,0,1,1,C,-,18,,,N,H,A,A,A,H,-,C,A,0,,,,,Y,,-,"- ",0,1,0,0,0,0,0,0,0,"- ","- ",37.821300506591797,-122.33300018310547,ALAMEDA,BERKELEY,-122.33299255371094,37.821262359619141
91787632,2022,2022-06-03,9370,2022-05-10,1130,022838,,2,1,7,0109,0,1,3,,2,024,"SR-24 W/B","40TH ST",890.00,W,N,A,-,Y,ALA,,24,,R,2.039,H,,L,N,3,0,1,1,A,-,08,22107,,N,E,I,A,A,H,-,A,A,0,,,,,Y,,A,01,0,1,0,0,0,0,0,0,0,"- ","- ",37.827129364013672,-122.26799011230469,ALAMEDA,OAKLAND,-122.267822265625,37.827102661132812
91787750,2022,2022-06-03,9370,2022-05-12,2215,022859,,4,3,7,0109,0,1,1,,2,053,"I-580 E/B","BEAUMONT AVE",235.00,E,N,A,-,Y,ALA,,580,,R,42.166,H,,R,N,2,0,1,1,A,-,08,22107,,N,E,I,A,A,H,-,D,D,0,,,,,Y,,A,07,1,0,0,0,0,0,0,0,0,"- ","- ",37.800788879394531,-122.22834777832031,ALAMEDA,OAKLAND,-122.22827911376953,37.800914764404297
91788042,2022,2022-06-03,9370,2022-05-22,1315,022831,,7,1,7,0109,0,1,1,,2,008,"I-80 W/B","SFOBB TOLL PLAZA",330.00,E,N,A,-,Y,,,,,,,,,,Y,2,0,1,2,A,-,05,21651,A,N,B,C,A,A,H,-,A,D,0,,,Y,,Y,,C,02,1,0,0,0,0,0,0,0,1,"- ","- ",37.825908660888672,-122.31272888183594,ALAMEDA,OAKLAND,,
91789152,2022,2022-06-06,9370,2022-05-03,1300,022838,,2,1,7,0109,0,1,3,,2,024,"SR-24 E/B","SR-13 S/B",2100.00,W,N,A,-,Y,ALA,,24,,R,4.740,H,,R,N,3,0,1,4,A,-,07,21658,A,N,B,C,A,A,H,-,A,D,0,,,,,Y,,A,01,0,1,0,0,0,0,0,0,0,"- ","- ",37.848690032958984,-122.23502349853516,ALAMEDA,OAKLAND,-122.23503112792969,37.848636627197266
91792604,2022,2022-06-10,9370,2022-04-27,0010,022858,,3,3,7,0109,0,1,1,,2,176,"I-880 N/B","98TH AVENUE",1240.00,S,N,A,-,Y,ALA,,880,,,24.499,H,,R,Y,2,0,1,2,A,-,03,22350,,F,C,C,A,A,H,-,C,D,0,,,Y,,Y,,-,99,1,0,0,0,0,0,0,0,1,"- ","- ",37.728889465332031,-122.18595886230469,ALAMEDA,OAKLAND,-122.18595123291016,37.728893280029297
91792703,2022,2022-06-10,9370,2022-05-13,1730,021093,,5,2,7,0109,0,1,3,,2,024,"SR-24 W/B","KAY AVENUE",540.00,W,N,A,-,Y,ALA,,24,,R,5.351,H,,L,Y,2,0,1,1,A,-,08,22107,,N,F,I,A,A,H,-,A,D,0,,,Y,,Y,,C,02,1,0,0,0,0,0,0,0,1,"- ","- ",37.849380493164062,-122.22428131103516,ALAMEDA,OAKLAND,-122.22434234619141,37.849430084228516
91793513,2022,2022-06-13,9370,2022-06-01,1525,022549,,3,2,7,0109,0,1,1,,2,053,"I-580 E/B",SR-13,300.00,W,N,A,-,Y,ALA,,580,,R,39.364,H,,R,Y,3,0,1,2,A,-,03,22350,,N,C,C,A,A,H,-,A,D,0,,,,,Y,,A,01,0,1,0,0,0,0,0,0,0,"- ","- ",37.783931732177734,-122.18061065673828,ALAMEDA,OAKLAND,-122.18060302734375,37.784076690673828
91795188,2022,2022-06-15,9335,2022-06-10,0720,019631,,5,1,7,0109,0,1,1,,2,084,"I-80 E/B","BAY BRIDGE SERVICE ROAD",1300.00,E,N,A,-,Y,ALA,,80,,R,1.349,H,,R,N,3,0,1,2,A,-,07,21658,A,N,C,C,A,A,H,-,A,D,0,,,,,Y,,A,01,0,1,0,0,0,0,0,0,0,"- ","- ",37.82196044921875,-122.32518005371094,ALAMEDA,OAKLAND,-122.3251953125,37.822067260742188
91796445,2022,2022-06-16,9370,2022-05-09,1055,022838,,1,1,7,0109,0,1,3,,2,024,"SR-24 W/B","SR-13 S/B",2000.00,W,N,A,-,Y,ALA,,24,,R,4.698,H,,L,N,2,0,1,1,A,-,08,22107,,N,F,A,A,A,H,-,A,D,0,,,Y,,Y,,C,02,1,0,0,0,0,0,0,0,1,"- ","- ",37.84906005859375,-122.23590850830078,ALAMEDA,OAKLAND,-122.23589324951172,37.849094390869141
91796726,2022,2022-06-16,9370,2022-06-05,1030,022830,,7,1,7,0109,0,1,1,,2,177,"I-880 NB TO MARKET STREET","MARKET STREET",350.00,S,N,C,-,Y,ALA,,880,,R,32.022,H,,R,Y,3,0,1,1,A,-,03,22350,,N,E,I,A,B,F,-,A,D,0,,,,,Y,,A,07,0,1,0,0,0,0,0,0,0,"- ","- ",37.801429748535156,-122.28170013427734,ALAMEDA,OAKLAND,-122.28178405761719,37.801292419433594
91797533,2022,2022-06-17,9345,2022-06-01,1250,020911,,3,1,7,0109,0,1,S,,2,904,"I-880 S/B","MADISON STREET",326.00,N,N,A,-,Y,ALA,,880,,,31.188,H,,L,N,3,0,1,1,A,-,07,21658,A,N,F,A,A,A,H,-,A,D,0,,,Y,,Y,,C,02,0,1,0,0,0,0,0,0,1,"- ","- ",37.795829772949219,-122.26822662353516,ALAMEDA,OAKLAND,-122.26824951171875,37.795803070068359
91798323,2022,2022-06-20,9370,2022-04-27,1442,022838,,3,2,7,0109,0,1,1,,2,052,"I-580 E/B","106TH AVENUE",550.00,W,N,A,-,Y,ALA,,580,,R,35.832,H,,R,N,3,0,1,3,A,-,03,22350,,F,C,C,A,A,H,-,A,D,0,,,,,Y,,-,99,0,1,0,0,0,0,0,0,0,"- ","- ",37.746471405029297,-122.14981842041016,ALAMEDA,OAKLAND,-122.14957427978516,37.746547698974609
91798327,2022,2022-06-20,9370,2022-05-19,2300,022859,,4,3,7,0109,0,1,1,,2,176,"I-880 N/B","HIGH STREET",2390.00,S,N,A,-,Y,ALA,,880,,,27.350,H,,R,Y,2,0,2,4,A,-,03,22350,,N,C,C,A,A,H,-,D,D,0,,,,,Y,,A,01,1,1,0,0,0,0,0,0,0,"- ","- ",37.762741088867188,-122.21568298339844,ALAMEDA,OAKLAND,-122.21562194824219,37.762771606445312
91798544,2022,2022-06-20,9370,2022-05-19,2133,022637,,4,2,6,0103,0,1,1,,2,081,"I-80 W/B","ASHBY AVE",2460.00,E,N,A,-,Y,ALA,,80,,,5.338,H,,L,N,3,0,1,2,A,-,11,21954,A,N,G,B,D,A,C,-,D,D,0,Y,,,Y,Y,,N,60,0,1,0,0,1,0,0,0,0,"- ","- ",37.8597412109375,-122.30194091796875,ALAMEDA,BERKELEY,-122.30191040039062,37.859745025634766
91799902,2022,2022-06-21,9370,2022-06-03,2215,022611,,5,3,7,0109,0,1,1,,2,178,"I-880 N/B","7TH ST",2660.00,N,N,B,-,Y,ALA,,880,,R,34.040,H,,R,N,3,0,2,3,A,-,03,22350,,N,C,C,A,A,H,-,D,D,0,,,,,Y,,A,01,0,2,0,0,0,0,0,0,0,"- ","- ",37.814289093017578,-122.30071258544922,ALAMEDA,OAKLAND,-122.30064392089844,37.814231872558594
91801984,2022,2022-06-23,9370,2022-06-11,1250,022077,,6,1,7,0109,0,1,1,,2,052,"I-580 E/B","HIGH STREET",1520.00,E,N,A,-,Y,ALA,,580,,R,40.387,H,,R,N,3,0,1,2,A,-,07,21658,A,N,B,C,A,A,H,-,A,D,0,,,,,Y,,A,01,0,1,0,0,0,0,0,0,0,"- ","- ",37.789188385009766,-122.20046234130859,ALAMEDA,OAKLAND,-122.20032501220703,37.789299011230469
91802046,2022,2022-06-23,9370,2022-06-12,0330,022856,,7,3,7,0109,0,1,1,,2,008,"I-80 E/B","POWELL ST",3200.00,W,N,A,-,Y,ALA,,80,,,3.208,H,,R,N,3,0,1,1,A,-,08,22107,,N,E,I,A,A,H,-,C,D,0,,,,,Y,,A,01,0,1,0,0,0,0,0,0,0,"- ","- ",37.829360961914062,-122.29373168945312,ALAMEDA,OAKLAND,-122.29366302490234,37.829345703125
91802098,2022,2022-06-23,9370,2022-06-13,2220,022499,,1,3,7,0109,0,1,1,,2,176,"I-880 S/B","HIGH ST",2493.00,S,N,A,-,Y,ALA,,880,,,27.315,H,,L,Y,2,0,1,1,A,-,01,23152,A,N,E,I,A,A,H,-,C,D,0,,,,,Y,Y,A,01,1,0,0,0,0,0,0,0,0,"- ","- ",37.762371063232422,-122.21556854248047,ALAMEDA,OAKLAND,-122.21560668945312,37.762351989746094
91804398,2022,2022-06-27,9370,2022-05-28,0314,022862,,6,3,7,0109,0,1,3,,2,024,"SR-24 E/B","CALDECOTT TUNNEL",2000.00,W,N,A,-,Y,ALA,,24,,R,5.422,H,,R,Y,2,0,2,1,A,-,08,22107,,N,E,8,A,A,H,-,D,D,0,,,,,Y,Y,A,01,1,1,0,0,0,0,0,0,0,"- ","- ",37.850078582763672,-122.22331237792969,ALAMEDA,OAKLAND,-122.22329711914062,37.850074768066406
9180569,2020,2020-11-06,0103,2020-02-21,1210,S9,,5,5,6,0103,0,0,0,,0,014,6TH,"ADDISON ST",117.00,N,N,A,-,N,,,,,,,,,,N,3,0,2,2,A,-,08,22107,,N,B,C,A,A,H,-,A,D,0,,,Y,,Y,,A,01,0,1,1,0,0,0,0,0,2,"- ","- ",37.866710662841797,-122.29724884033203,ALAMEDA,BERKELEY,-122.29737854003906,37.867019653320312
91805729,2022,2022-06-29,9370,2022-06-06,0053,022637,,1,3,6,0103,0,1,1,,2,081,"I-80 E/B","GILMAN ST",195.00,E,N,A,-,Y,ALA,,80,,,6.692,H,,R,N,3,0,2,1,A,-,08,22107,,N,E,I,A,A,H,-,C,D,0,,,,,Y,,A,01,0,2,0,0,0,0,0,0,0,"- ","- ",37.878791809082031,-122.30741882324219,ALAMEDA,BERKELEY,-122.30740356445312,37.878791809082031
9180574,2020,2020-11-06,0103,2020-01-25,1409,,,6,5,6,0103,0,0,0,,0,006,FULTON,BANCROFT,0.00,,Y,A,-,N,,,,,,,,,,N,3,0,1,2,A,-,10,21950,A,F,G,B,B,B,H,-,A,A,0,Y,,,,Y,,A,01,0,1,0,0,1,0,0,0,0,"- ","- ",37.867828369140625,-122.26595306396484,ALAMEDA,BERKELEY,-122.26593017578125,37.867839813232422
91805779,2022,2022-06-29,9370,2022-06-18,0825,020986,,6,1,7,0109,0,1,1,,2,176,"I-880 N/B","66TH AVE",1645.00,N,N,A,-,Y,ALA,,880,,,26.930,H,,R,Y,3,0,1,2,A,-,07,21658,A,N,C,C,A,A,H,-,A,D,0,,,Y,,Y,,C,02,0,1,0,0,0,0,0,0,1,"- ","- ",37.757789611816406,-122.21118927001953,ALAMEDA,OAKLAND,-122.21127319335938,37.757743835449219
91808968,2022,2022-07-01,9370,2022-06-07,1858,019059,,2,2,7,0109,0,1,1,,2,176,"I-880 S/B","98TH AVENUE",2312.00,S,N,A,-,Y,ALA,,880,,,24.443,H,,L,N,2,0,1,1,A,-,03,22350,,N,E,J,A,A,H,-,A,D,0,,,Y,,Y,,C,02,1,0,0,0,0,0,0,0,1,"- ","- ",37.728168487548828,-122.18572998046875,ALAMEDA,OAKLAND,-122.18563079833984,37.728225708007812
91809717,2022,2022-07-04,9370,2022-06-09,1100,022854,,4,1,7,0109,0,1,1,,2,176,"I-880 S/B","HIGH ST",2138.00,N,N,A,-,Y,ALA,,880,,,28.227,H,,L,N,3,0,1,2,A,-,07,21658,A,N,C,C,A,A,H,-,A,D,0,,,,Y,Y,,-,"- ",0,1,0,0,0,0,0,0,0,"- ","- ",37.772350311279297,-122.22580718994141,ALAMEDA,OAKLAND,-122.22578430175781,37.772403717041016
91809723,2022,2022-07-04,9370,2022-06-10,1230,022858,,5,1,7,0109,0,1,1,,2,176,"I-880 N/B","HEGENBERGER RD",1180.00,S,N,A,-,Y,ALA,,880,,,25.254,H,,R,Y,3,0,1,2,A,-,03,22350,,N,C,C,A,A,H,-,A,D,0,,,,,Y,,A,01,0,1,0,0,0,0,0,0,0,"- ","- ",37.737751007080078,-122.19381713867188,ALAMEDA,OAKLAND,-122.19373321533203,37.737796783447266
91810583,2022,2022-07-05,9370,2022-06-22,0525,022845,,3,3,7,0109,0,1,1,,2,052,"I-580 E/B TO MACARTHUR BLVD","MACARTHUR BLVD",1738.00,W,N,A,-,Y,ALA,,580,,R,39.955,H,,L,Y,3,0,1,1,A,-,08,22107,,N,E,I,A,A,H,-,A,D,0,,,,,Y,,A,07,0,1,0,0,0,0,0,0,0,"- ","- ",37.785598754882812,-122.1939697265625,ALAMEDA,OAKLAND,-122.19390106201172,37.785697937011719
91811578,2022,2022-07-06,9370,2022-06-10,1000,022813,,5,1,6,0103,0,1,1,,2,081,"I-80 E/B","UNIVERSITY AVE",415.00,W,N,A,-,Y,ALA,,80,,,5.705,H,,R,Y,3,0,1,2,A,-,03,22350,,N,C,C,A,A,H,-,A,D,0,,,Y,,Y,,C,02,0,1,0,0,0,0,0,0,1,"- ","- ",37.864959716796875,-122.30307006835938,ALAMEDA,BERKELEY,-122.30316162109375,37.864940643310547
91811947,2022,2022-07-07,9370,2022-06-04,1351,022821,,6,1,7,0109,0,1,1,,2,054,"I-580 W/B","GRAND AVE",200.00,E,N,A,-,Y,ALA,,580,,,43.573,H,,L,Y,3,0,2,5,A,-,07,21658,A,N,C,C,A,A,H,-,A,D,0,,,,,Y,,A,07,0,1,1,0,0,0,0,0,0,"- ","- ",37.810199737548828,-122.24772644042969,ALAMEDA,OAKLAND,-122.24781036376953,37.810031890869141
91812669,2021,2022-07-08,9370,2021-09-12,0141,021997,,7,3,6,0103,0,1,1,,2,081,"I-80 E/B","ASHBY AVENUE OVERCROSSING",3637.00,E,N,A,-,Y,,,80,,,,,,E,Y,1,2,2,7,C,-,18,,,N,G,B,E,A,H,-,D,D,0,Y,,,,Y,,-,"- ",0,1,1,2,1,0,0,0,0,"- ","- ",37.858848571777344,-122.30149078369141,ALAMEDA,BERKELEY,-122.30142211914062,37.858867645263672
91812688,2022,2022-07-08,9370,2022-05-20,0223,022859,,5,3,7,0109,0,1,1,,2,055,"I-580 E/B TO WEST MACARTHUR BOULEVARD","PERALTA STREET",615.00,W,N,A,-,Y,ALA,,580,,,45.954,H,,R,N,2,0,1,2,A,-,11,21954,A,N,G,B,E,A,H,-,D,D,0,Y,,,,Y,,N,60,1,0,0,0,1,0,0,0,0,"- ","- ",37.827770233154297,-122.2825927734375,ALAMEDA,OAKLAND,-122.28260040283203,37.827598571777344
91812944,2022,2022-07-08,9370,2022-06-11,0310,022850,,6,3,7,0109,0,1,1,,2,176,"I-880 N/B","HEGENBERGER RD",1410.00,S,N,A,-,Y,ALA,,880,,,25.736,H,,R,Y,3,0,1,1,A,-,08,22107,,N,E,J,A,A,H,-,C,A,0,,,,,Y,,A,01,0,1,0,0,0,0,0,0,0,"- ","- ",37.743560791015625,-122.19883728027344,ALAMEDA,OAKLAND,-122.19884490966797,37.743556976318359
91813027,2022,2022-07-08,9370,2022-05-25,2323,022859,,3,3,6,0103,0,1,1,,2,081,"I-80 E/B","ASHBY AVE",1085.00,E,N,A,-,Y,ALA,,80,,,4.812,H,,R,Y,3,0,2,5,A,-,07,21658,A,N,B,C,A,A,H,-,C,D,0,,,,,Y,Y,A,01,0,1,1,0,0,0,0,0,0,"- ","- ",37.852268218994141,-122.2996826171875,ALAMEDA,BERKELEY,-122.29963684082031,37.852275848388672
91813347,2022,2022-07-08,9370,2022-05-01,2005,022358,,7,2,7,0109,0,1,3,,2,013,"SR-13 S/B","PARK BLVD.",1515.00,S,N,A,-,Y,ALA,,13,,,7.103,H,,L,Y,1,1,0,1,A,-,08,22107,,N,E,I,A,A,H,-,B,D,0,,,,,Y,,A,01,0,0,0,0,0,0,0,0,0,"- ","- ",37.817970275878906,-122.20451354980469,ALAMEDA,OAKLAND,-122.20443725585938,37.818008422851562
91813551,2022,2022-07-11,9370,2022-07-01,1549,022964,,5,2,7,0109,0,1,1,,2,176,"I-880 N/B","HIGH ST UNDERCROSSING",2200.00,S,N,A,-,Y,ALA,,880,,,27.385,H,,R,N,3,0,1,2,A,-,03,22350,,N,C,C,A,A,H,-,A,D,0,,,,,Y,,A,01,0,1,0,0,0,0,0,0,0,"- ","- ",37.763198852539062,-122.21598052978516,ALAMEDA,OAKLAND,-122.21600341796875,37.763187408447266
91813559,2022,2022-07-11,9370,2022-06-15,1115,022854,,3,1,7,0109,0,1,1,,2,052,"I-580 EB","38TH AVE OVERCROSSING",95.00,E,N,A,-,Y,ALA,,580,,R,40.373,H,,R,N,3,0,2,1,A,-,08,22107,,N,F,A,A,A,H,-,A,A,0,,,,,Y,,A,01,0,1,1,0,0,0,0,0,0,"- ","- ",37.789051055908203,-122.20027160644531,ALAMEDA,OAKLAND,-122.20014190673828,37.789154052734375
91813880,2022,2022-07-11,9370,2022-07-10,1605,022529,,7,2,7,0109,0,1,3,,2,025,"SR-24 W/B FROM 52ND STREET","52ND ST",1330.00,W,N,A,-,Y,ALA,,24,,R,2.519,H,,L,Y,3,0,2,2,A,-,03,22350,,N,C,C,A,A,H,-,A,D,0,,,,,Y,,A,01,0,1,1,0,0,0,0,0,0,"- ","- ",37.833961486816406,-122.26657867431641,ALAMEDA,OAKLAND,-122.26638031005859,37.833934783935547
91814021,2022,2022-07-11,9370,2022-06-17,0924,022845,,5,1,7,0109,0,1,1,,2,054,"I-580 E/B","PARK BLVD",4200.00,W,N,A,-,Y,ALA,,580,,,43.509,H,,R,Y,3,0,1,3,A,-,06,21750,,M,B,C,A,A,H,-,A,D,0,,,,,Y,,-,99,0,1,0,0,0,0,0,0,0,"- ","- ",37.809768676757812,-122.24664306640625,ALAMEDA,OAKLAND,-122.24659729003906,37.809871673583984
91814914,2022,2022-07-12,9370,2022-03-15,1305,021281,,2,1,7,0109,0,1,1,,2,053,"I-580 E/B","14TH AVENUE",3.00,W,N,A,-,Y,,,,,,,,,,Y,1,1,0,2,A,-,03,22350,,N,C,E,A,A,H,-,A,D,0,,,Y,,Y,,C,02,0,0,0,0,0,0,0,1,0,"- ","- ",37.482341766357422,-122.13363647460938,ALAMEDA,OAKLAND,-122.22721099853516,37.800449371337891
9181519,2020,2020-12-07,0103,2020-10-29,1530,30,OAKLA,4,5,6,0103,0,0,0,,0,003,"PROSPECT CT","BANCROFT WY",176.00,N,N,A,-,N,,,,,,,,,,N,3,0,1,2,A,-,00,21954,,N,G,B,E,A,H,-,A,D,0,Y,,,,Y,,N,60,0,1,0,0,1,0,0,0,0,"- ","- ",,,ALAMEDA,BERKELEY,-122.25037384033203,37.869815826416016
91815519,2022,2022-07-12,9370,2022-02-14,2152,022358,,1,2,7,0109,0,1,1,,2,053,"I-580 W/B","PARK BLVD",246.00,E,N,A,-,Y,ALA,,580,,,42.624,H,,L,Y,1,1,0,4,A,-,11,21954,A,N,G,B,E,A,H,-,D,D,0,Y,,,,Y,,N,60,0,0,0,1,0,0,0,0,0,"- ","- ",37.803749084472656,-122.23265838623047,ALAMEDA,OAKLAND,-122.23279571533203,37.803646087646484
91815530,2022,2022-07-12,9370,2022-03-12,0220,022722,,6,3,7,0109,0,1,1,,2,008,"I-80 WB TO I-580 EB / I-880 SB","POWELL ST",3140.00,W,N,A,-,Y,ALA,,80,,,3.297,H,,L,Y,1,1,4,3,A,-,01,23152,A,N,C,C,A,A,G,-,C,D,0,,,,,Y,Y,A,07,1,0,3,0,0,0,0,0,0,"- ","- ",37.830780029296875,-122.2938232421875,ALAMEDA,OAKLAND,-122.29411315917969,37.830768585205078
9181622,2020,2021-02-02,0109,2020-11-03,1525,9394,1,2,5,7,0109,0,0,0,,0,02X,"14TH ST","MARKET ST",0.00,,Y,A,-,N,,,,,,,,,,N,3,0,1,2,A,-,10,21950,A,N,G,B,B,A,H,-,A,A,0,Y,,,,Y,,D,22,0,1,0,0,1,0,0,0,0,"- ","- ",,,ALAMEDA,OAKLAND,-122.28096008300781,37.808181762695312
91820466,2022,2022-07-19,9370,2022-07-07,1950,022856,,4,2,7,0109,0,1,1,,2,055,"I-580 W/B","WEBSTER ST",275.00,E,N,A,-,Y,ALA,,580,,,44.769,H,,L,N,3,0,1,3,A,-,11,21954,A,N,G,B,E,A,H,-,B,D,0,Y,,,,Y,,N,60,0,1,0,0,1,0,0,0,0,"- ","- ",37.822719573974609,-122.26107025146484,ALAMEDA,OAKLAND,-122.26113128662109,37.822586059570312
91821037,2022,2022-07-20,9370,2022-07-08,1920,022989,,5,2,7,0109,0,1,1,,2,054,"I-580 W/B","GRAND AVENUE",1500.00,W,N,A,-,Y,ALA,,580,,,43.948,H,,L,Y,3,0,1,2,A,-,03,22350,,N,C,C,A,A,H,-,A,D,0,,,,,Y,,A,01,0,1,0,0,0,0,0,0,0,"- ","- ",37.814571380615234,-122.25093078613281,ALAMEDA,OAKLAND,-122.25119018554688,37.814525604248047
91821235,2022,2023-06-15,9370,2022-05-24,0045,022700,,2,3,6,0103,0,1,1,,2,081,"I-80 E/B","UNIVERSITY AVE",2215.00,W,N,A,-,Y,ALA,,80,,,5.405,H,,R,Y,2,0,2,4,A,-,01,23152,A,F,B,4,E,A,H,-,C,D,0,Y,,,,Y,Y,E,22,1,0,1,0,1,0,0,0,0,"- ","- ",37.860710144042969,-122.30191040039062,ALAMEDA,BERKELEY,-122.30192565917969,37.860706329345703
9182259,2020,2020-12-29,0109,2020-10-14,0044,9913,2,3,5,7,0109,0,0,0,,0,23X,"INTERNATIONAL BL","34TH AV",60.00,E,N,A,-,N,,,,,,,,,,N,2,0,1,2,A,-,"- ",,,F,G,B,F,A,H,-,C,A,0,Y,,,,Y,,A,01,1,0,0,0,1,0,0,0,0,"- ","- ",,,ALAMEDA,OAKLAND,-122.22365570068359,37.776565551757812
91822657,2022,2022-07-22,9335,2022-07-10,1515,021222,,7,2,7,0109,0,1,1,,2,084,"I-80 EASTBOUND","PHYSICAL GOREPOINT OF I-80 EASTBOUND TO SFOBB TOLL",1400.00,W,N,A,-,Y,ALA,,80,,R,1.489,H,,R,Y,2,0,1,3,A,-,08,22107,,N,B,C,A,A,H,-,A,D,0,,,Y,,Y,,C,02,1,0,0,0,0,0,0,0,1,"- ","- ",37.822319030761719,-122.32264709472656,ALAMEDA,OAKLAND,-122.32263946533203,37.822288513183594
91822917,2022,2022-07-22,9370,2022-06-05,1220,022858,,7,1,7,0109,0,1,1,,2,008,"I-80 E/B","POWELL ST",3645.00,W,N,B,-,Y,ALA,,80,,,3.085,H,,R,Y,3,0,2,1,A,-,03,22350,,N,E,I,A,B,H,-,A,D,0,,,,,Y,,A,07,0,2,0,0,0,0,0,0,0,"- ","- ",37.827869415283203,-122.29470825195312,ALAMEDA,OAKLAND,-122.29465484619141,37.827831268310547