CASE_ID,ACCIDENT_YEAR,PROC_DATE,JURIS,COLLISION_DATE,COLLISION_TIME,OFFICER_ID,REPORTING_DISTRICT,DAY_OF_WEEK,CHP_SHIFT,POPULATION,CNTY_CITY_LOC,SPECIAL_COND,BEAT_TYPE,CHP_BEAT_TYPE,CITY_DIVISION_LAPD,CHP_BEAT_CLASS,BEAT_NUMBER,PRIMARY_RD,SECONDARY_RD,DISTANCE,DIRECTION,INTERSECTION,WEATHER_1,WEATHER_2,STATE_HWY_IND,CALTRANS_COUNTY,CALTRANS_DISTRICT,STATE_ROUTE,ROUTE_SUFFIX,POSTMILE_PREFIX,POSTMILE,LOCATION_TYPE,RAMP_INTERSECTION,SIDE_OF_HWY,TOW_AWAY,COLLISION_SEVERITY,NUMBER_KILLED,NUMBER_INJURED,PARTY_COUNT,PRIMARY_COLL_FACTOR,PCF_CODE_OF_VIOL,PCF_VIOL_CATEGORY,PCF_VIOLATION,PCF_VIOL_SUBSECTION,HIT_AND_RUN,TYPE_OF_COLLISION,MVIW,PED_ACTION,ROAD_SURFACE,ROAD_COND_1,ROAD_COND_2,LIGHTING,CONTROL_DEVICE,CHP_ROAD_TYPE,PEDESTRIAN_ACCIDENT,BICYCLE_ACCIDENT,MOTORCYCLE_ACCIDENT,TRUCK_ACCIDENT,NOT_PRIVATE_PROPERTY,ALCOHOL_INVOLVED,STWD_VEHTYPE_AT_FAULT,CHP_VEHTYPE_AT_FAULT,COUNT_SEVERE_INJ,COUNT_VISIBLE_INJ,COUNT_COMPLAINT_PAIN,COUNT_PED_KILLED,COUNT_PED_INJURED,COUNT_BICYCLIST_KILLED,COUNT_BICYCLIST_INJURED,COUNT_MC_KILLED,COUNT_MC_INJURED,PRIMARY_RAMP,SECONDARY_RAMP,LATITUDE,LONGITUDE,COUNTY,CITY,POINT_X,POINT_Y
9182294,2020,2020-11-20,0109,2020-09-11,1700,9559,2,5,5,7,0109,0,0,0,,0,30X,"73RD AV","WELD ST",0.00,,Y,A,-,N,,,,,,,,,,N,3,0,2,5,A,-,09,21801,A,N,D,C,A,A,H,-,A,A,0,,,,,Y,,A,01,0,1,1,0,0,0,0,0,0,"- ","- ",,,ALAMEDA,OAKLAND,-122.1820068359375,37.762660980224609
9182295,2020,2020-12-09,0109,2020-09-18,1359,9339,2,5,5,7,0109,0,0,0,,0,31X,"EDES AV","RT 880",100.00,W,N,A,-,Y,,,,,,,,,,N,3,0,2,1,A,-,08,22107,,N,B,I,A,A,H,-,A,A,0,,,,,Y,,A,01,0,1,1,0,0,0,0,0,0,"- ",SF,,,ALAMEDA,OAKLAND,,
91823070,2022,2022-07-22,9370,2022-06-21,1410,022798,,2,2,7,0109,0,1,1,,2,054,"I-580 E/B","CHETWOOD STREET",1215.00,E,N,A,-,Y,ALA,,580,,,43.846,H,,L,Y,3,0,1,1,A,-,08,22107,,N,F,I,A,A,H,-,A,D,0,,,,,Y,,A,01,0,1,0,0,0,0,0,0,0,"- ","- ",37.812999725341797,-122.25093078613281,ALAMEDA,OAKLAND,-122.25078582763672,37.813022613525391
9182354,2020,2020-12-24,0109,2020-10-25,0000,9644,1,7,5,7,0109,0,0,0,,0,05X,"MARKET ST","18TH ST",0.00,,Y,A,-,N,,,,,,,,,,N,3,0,1,2,A,-,09,21801,,F,A,C,A,A,H,-,C,A,0,,,Y,,Y,,A,01,0,1,0,0,0,0,0,0,1,"- ","- ",,,ALAMEDA,OAKLAND,-122.27989196777344,37.811138153076172
91823692,2022,2022-07-25,9370,2022-07-14,1344,022980,,4,1,7,0109,0,1,1,,2,176,"I-880 SOUTHBOUND","HIGH STREET",650.00,S,N,A,-,Y,ALA,,880,,,27.656,H,,L,N,3,0,1,3,A,-,07,21658,A,N,B,2,A,A,H,-,A,D,0,,,,Y,Y,,A,01,0,1,0,0,0,0,0,0,0,"- ","- ",37.766471862792969,-122.21904754638672,ALAMEDA,OAKLAND,-122.21912384033203,37.766433715820312
9182454,2020,2020-11-18,0109,2020-08-13,2254,9851,2,4,5,7,0109,0,0,0,,0,23X,"FOOTHILL BL","38TH AV",25.00,E,N,A,-,N,,,,,,,,,,N,2,0,3,1,A,-,08,22107,,N,E,I,A,A,H,-,C,A,0,,,,,Y,,A,01,1,1,1,0,0,0,0,0,0,"- ","- ",,,ALAMEDA,OAKLAND,-122.21664428710938,37.778968811035156
91824643,2022,2022-07-26,9370,2022-06-23,0204,022862,,4,3,7,0109,0,1,1,,2,052,"I-580 E/B TO KELLER AVE","KELLER AVE",816.00,W,N,A,-,Y,,,,,,,,,,Y,3,0,1,1,A,-,08,22107,,N,E,I,A,A,H,-,D,D,0,,,,,Y,,A,01,0,1,0,0,0,0,0,0,0,"- ","- ",37.771598815917969,-122.15692138671875,ALAMEDA,OAKLAND,-122.15692138671875,37.771598815917969
9182548,2020,2020-12-07,0109,2020-10-29,0852,9597,2,4,5,7,0109,0,0,0,,0,03X,"7TH ST","OAK ST",0.00,,Y,A,-,N,,,,,,,,,,N,3,0,1,2,A,-,12,21453,A,N,D,C,A,A,H,-,A,A,0,,,,,Y,,A,01,0,1,0,0,0,0,0,0,0,"- ","- ",,,ALAMEDA,OAKLAND,-122.26589202880859,37.796241760253906
9182549,2020,2020-12-07,0109,2020-10-22,1205,8089,1,4,5,7,0109,0,0,0,,0,01X,"WASHINGTON ST","EMBARCADERO WEST",27.00,S,N,A,-,N,,,,,,,,,,N,3,0,1,2,A,-,11,21950,B,N,G,B,D,A,H,-,A,A,0,Y,,,,Y,,N,60,0,1,0,0,1,0,0,0,0,"- ","- ",,,ALAMEDA,OAKLAND,-122.27802276611328,37.795833587646484
9182550,2020,2020-12-07,0109,2020-10-23,2005,8483,2,5,5,7,0109,0,0,0,,0,26X,"INTERNATIONAL BL","78TH AV",0.00,,Y,A,-,N,,,,,,,,,,Y,3,0,1,2,A,-,07,21658,A,N,D,C,A,A,H,-,C,A,0,,,Y,,Y,,C,02,0,1,0,0,0,0,0,0,1,"- ","- ",,,ALAMEDA,OAKLAND,-122.18357086181641,37.757518768310547
9182551,2020,2020-12-14,0109,2020-10-30,0942,8258,2,5,5,7,0109,0,0,0,,0,27X,"INTERNATIONAL BL","46TH AV",50.00,W,N,A,-,N,,,,,,,,,,N,3,0,1,2,-,-,"- ",,,N,D,C,A,A,H,-,A,A,0,,,Y,,Y,,-,"- ",0,1,0,0,0,0,0,0,1,"- ","- ",,,ALAMEDA,OAKLAND,-122.2117919921875,37.770919799804688
9182628,2020,2020-11-25,0109,2020-07-25,2132,9828,2,6,5,7,0109,0,0,0,,0,34X,"HOLLY ST","82ND AV",20.00,E,N,A,-,N,,,,,,,,,,Y,2,0,1,2,C,-,18,,,M,C,E,A,A,H,-,C,A,0,,,,,Y,,-,"- ",1,0,0,0,0,0,0,0,0,"- ","- ",,,ALAMEDA,OAKLAND,-122.17740631103516,37.756610870361328
91828786,2022,2022-07-29,9370,2022-07-20,1804,022980,,3,2,6,0103,0,1,1,,2,081,"I-80 EASTBOUND","UNIVERSITY AVENUE",900.00,W,N,A,-,Y,ALA,,80,,,5.169,H,,R,Y,3,0,1,2,A,-,03,22350,,N,C,C,A,A,H,-,A,D,0,,,,,Y,,-,99,0,1,0,0,0,0,0,0,0,"- ","- ",37.85736083984375,-122.30095672607422,ALAMEDA,BERKELEY,-122.30099487304688,37.857353210449219
91829264,2022,2022-08-01,9370,2022-02-02,1517,020279,,3,2,7,0109,0,1,3,,2,013,"SR-13 S/B","CALAVERAS AVENUE",1537.00,N,N,A,-,Y,ALA,,13,,,4.620,H,,L,Y,1,1,0,1,A,-,08,22107,,N,E,8,A,A,H,-,A,D,0,,,,,Y,,A,01,0,0,0,0,0,0,0,0,0,"- ","- ",37.788188934326172,-122.18138885498047,ALAMEDA,OAKLAND,-122.18129730224609,37.788211822509766
9183031,2020,2020-11-30,0109,2020-07-24,0842,9759,1,5,5,7,0109,0,0,0,,0,01X,"MARTIN LUTHER KING JR WY","5TH ST",0.00,,Y,A,-,N,,,,,,,,,,Y,3,0,2,2,A,-,12,21453,A,N,D,C,A,A,H,-,A,A,0,,,,,Y,,A,01,0,1,1,0,0,0,0,0,0,"- ","- ",,,ALAMEDA,OAKLAND,-122.27980804443359,37.800018310546875
9183114,2019,2021-02-09,0109,2019-01-02,1220,8137,2,3,5,7,0109,0,0,0,,0,23X,"35TH AV","E 12TH ST",297.00,S,N,A,-,N,,,,,,,,,,N,2,0,1,2,A,-,09,21804,A,F,H,G,A,A,H,-,A,D,0,,Y,,,Y,,L,04,1,0,0,0,0,0,1,0,0,"- ","- ",,,ALAMEDA,OAKLAND,-122.22360992431641,37.774890899658203
91832888,2022,2022-08-18,9370,2022-08-03,1118,022980,,3,1,7,0109,0,1,1,,2,055,"I-580 WESTBOUND","MARKET STREET",80.00,W,N,A,-,Y,ALA,,580,,,45.571,H,,L,N,3,0,1,2,A,-,03,22350,,N,C,C,A,A,H,-,A,D,0,,,,,Y,,A,01,0,1,0,0,0,0,0,0,0,"- ","- ",37.826068878173828,-122.27523803710938,ALAMEDA,OAKLAND,-122.27532196044922,37.825859069824219
91835194,2022,2022-08-08,9370,2022-07-16,1430,022831,,6,2,7,0109,0,1,1,,2,081,"I-80 E/B","GILMAN STREET",1130.00,E,N,A,-,Y,ALA,,80,,,6.889,H,,R,N,3,0,1,3,A,-,03,22350,,N,C,C,A,A,H,-,A,D,0,,,,,Y,,A,01,0,1,0,0,0,0,0,0,0,"- ","- ",37.881580352783203,-122.30786895751953,ALAMEDA,OAKLAND,-122.30799102783203,37.881561279296875
91835536,2022,2022-08-08,9370,2022-06-24,1600,022859,,5,2,7,0109,0,1,1,,2,176,"I-880 S/B","FRUITVALE AVENUE",1000.00,N,N,A,-,Y,ALA,,880,,,28.558,H,,L,Y,2,0,1,2,A,-,03,22350,,N,C,A,A,A,H,-,A,D,0,,,,,Y,,A,01,1,0,0,0,0,0,0,0,0,"- ","- ",37.774280548095703,-122.23133087158203,ALAMEDA,OAKLAND,-122.23135375976562,37.774234771728516
91836357,2022,2022-08-09,9370,2022-07-27,2255,022991,,3,3,7,0109,0,1,1,,2,052,"I-580 W/B",SR-13,174.00,W,N,A,-,Y,ALA,,580,,R,39.426,H,,R,N,3,0,1,2,C,-,18,,,M,H,J,A,A,H,-,C,D,0,,,,,Y,,-,"- ",0,1,0,0,0,0,0,0,0,"- ","- ",37.784198760986328,-122.18168640136719,ALAMEDA,OAKLAND,-122.18169403076172,37.784107208251953
91839061,2022,2022-08-12,9370,2022-07-10,0330,022813,,7,3,7,0109,0,1,1,,2,176,"I-880 SOUTHBOUND TO FRUITVALE AVENUE","DERBY AVENUE",204.00,N,N,A,-,Y,ALA,,880,,,28.533,H,,L,Y,2,0,2,2,A,-,08,22107,,F,B,C,A,A,H,-,C,D,0,,,,,Y,,-,99,1,0,1,0,0,0,0,0,0,"- ","- ",37.773899078369141,-122.23104858398438,ALAMEDA,OAKLAND,-122.23094177246094,37.774093627929688
91839370,2022,2022-08-12,9370,2022-08-04,2100,022941,,4,2,7,0109,0,1,1,,2,176,"I-880 N/B","66TH AVE",1131.00,S,N,A,-,Y,,,,,,,,,,N,3,0,2,2,A,-,07,21658,A,N,B,C,A,A,H,-,D,D,0,,,,,Y,,A,01,0,2,0,0,0,0,0,0,0,"- ","- ",37.450489044189453,-122.12204742431641,ALAMEDA,OAKLAND,-122.20789337158203,37.753829956054688
9183964,2020,2021-01-19,0109,2020-11-12,0721,8089,1,4,5,7,0109,0,0,0,,0,03X,"7TH ST","FRANKLIN ST",3.00,W,N,A,-,N,,,,,,,,,,N,3,0,1,2,A,-,12,21453,A,N,G,B,B,A,H,-,A,A,0,Y,,,,Y,,D,22,0,1,0,0,1,0,0,0,0,"- ","- ",,,ALAMEDA,OAKLAND,-122.27298736572266,37.799022674560547
91839865,2022,2022-08-15,9370,2022-07-22,1255,022816,,5,1,7,0109,0,1,3,,2,025,"SR-24 W/B","52ND ST",250.00,W,N,A,-,Y,ALA,,24,,R,2.729,H,,L,N,3,0,1,2,A,-,03,22350,,N,C,C,A,A,H,-,A,D,0,,,,,Y,,A,07,0,1,0,0,0,0,0,0,0,"- ","- ",37.836921691894531,-122.26586151123047,ALAMEDA,OAKLAND,-122.26579284667969,37.836910247802734
91840027,2022,2022-08-15,9370,2022-07-17,2044,022858,,7,2,7,0109,0,1,1,,2,176,"I-880 N/B","66TH AVE",2543.00,N,N,A,-,Y,ALA,,880,,,27.104,H,,R,Y,3,0,1,1,A,-,01,23152,F,N,F,A,A,A,H,-,D,D,0,,,,,Y,,A,07,0,1,0,0,0,0,0,0,0,"- ","- ",37.759838104248047,-122.21304321289062,ALAMEDA,OAKLAND,-122.21305847167969,37.759830474853516
91840818,2022,2022-08-15,9370,2022-07-23,0245,022991,,6,3,7,0109,0,1,3,,2,025,"SR-24 E/B","CLAREMONT AVE",700.00,W,N,A,-,Y,ALA,,24,,R,3.199,H,,R,N,3,0,1,2,A,-,01,23152,A,M,B,C,A,A,H,-,C,D,0,,,,,Y,Y,A,01,0,1,0,0,0,0,0,0,0,"- ","- ",37.841640472412109,-122.26023101806641,ALAMEDA,OAKLAND,-122.26019287109375,37.841564178466797
91843136,2022,2022-09-12,9370,2022-08-10,0530,022980,,3,3,7,0109,0,1,1,,2,008,"I-80 WESTBOUND","SFOBB TOLL PLAZA",245.00,E,N,A,-,Y,ALA,,80,,,2.042,H,,L,Y,2,0,2,3,A,-,07,21658,A,N,D,2,A,A,H,-,C,D,0,,,,,Y,,A,01,1,1,0,0,0,0,0,0,0,"- ","- ",37.8248291015625,-122.31289672851562,ALAMEDA,OAKLAND,-122.31291961669922,37.824977874755859
91843507,2022,2022-08-18,9370,2022-08-16,0900,022980,,2,1,7,0109,0,1,1,,2,008,"I-80 WESTBOUND","SFOBB TOLL PLAZA",3800.00,E,N,A,-,Y,ALA,,80,,,2.723,H,,L,Y,3,0,2,2,A,-,03,22350,,N,C,C,A,A,H,-,A,D,0,,,,,Y,,A,01,0,2,0,0,0,0,0,0,0,"- ","- ",37.826278686523438,-122.30068969726562,ALAMEDA,OAKLAND,-122.30073547363281,37.826393127441406
91843611,2022,2022-08-18,9370,2022-07-26,0016,022919,,2,3,7,0109,0,1,1,,2,054,"I-580 W/B","LAKESHORE AVE",665.00,E,N,A,-,Y,ALA,,580,,,43.364,H,,L,Y,3,0,2,3,A,-,01,23152,A,N,E,J,A,A,H,-,D,D,0,,,,,Y,Y,A,01,0,1,1,0,0,0,0,0,0,"- ","- ",37.809219360351562,-122.24404907226562,ALAMEDA,OAKLAND,-122.24415588378906,37.808975219726562
91843804,2022,2022-08-18,9370,2022-08-07,0358,022798,,7,3,7,0109,0,1,1,,2,008,"I-80 W/B","I-580 W/B TO I-80 W/B",85.00,W,N,A,-,Y,ALA,,880,,R,35.181,H,,L,Y,3,0,3,2,A,-,07,21658,A,N,B,C,A,A,H,-,C,D,0,,,,,Y,,A,07,0,1,2,0,0,0,0,0,0,"- ","- ",37.827850341796875,-122.29324340820312,ALAMEDA,OAKLAND,-122.29323577880859,37.827850341796875
91844305,2022,2022-08-19,9370,2022-08-09,0325,022964,,2,3,7,0109,0,1,1,,2,052,"I-580 W/B","EDWARDS AVENUE",1450.00,W,N,A,-,Y,ALA,,580,,R,38.611,H,,L,Y,3,0,1,1,C,-,18,,,N,E,9,A,A,H,-,C,D,0,,,,,Y,,-,"- ",0,1,0,0,0,0,0,0,0,"- ","- ",37.778621673583984,-122.16860961914062,ALAMEDA,OAKLAND,-122.16878509521484,37.778396606445312
91844882,2022,2022-08-22,9370,2022-07-24,1330,022858,,7,1,6,0103,0,1,1,,2,081,"I-80 E/B","BUCHANAN ST",1788.00,W,N,A,-,Y,ALA,,80,,R,6.944,H,,R,N,3,0,1,6,A,-,03,22350,,N,C,C,A,A,H,-,A,D,0,,,,,Y,,D,22,0,1,0,0,0,0,0,0,0,"- ","- ",37.882358551025391,-122.30809783935547,ALAMEDA,BERKELEY,-122.30815887451172,37.882350921630859
91845996,2022,2022-08-22,9370,2022-07-03,0555,022637,,7,3,7,0109,0,1,1,,2,176,"I-880 S/B","66TH AVENUE",3415.00,N,N,A,-,Y,ALA,,880,,,27.259,H,,L,N,2,0,1,1,A,-,08,22107,,M,E,I,A,A,H,-,A,D,0,,,,,Y,,A,07,1,0,0,0,0,0,0,0,0,"- ","- ",37.761650085449219,-122.21505737304688,ALAMEDA,OAKLAND,-122.21501159667969,37.761676788330078
91846544,2022,2022-08-23,9335,2022-08-18,0945,022032,,4,1,7,0109,0,1,1,,1,082,"I-80 W/B","SFOBB METERING LIGHTS",4970.00,W,N,A,-,Y,ALA,,80,,R,0.852,H,,L,Y,3,0,1,2,A,-,07,21658,A,N,B,2,A,A,H,-,A,D,0,,,Y,,Y,,A,01,0,1,0,0,0,0,0,0,1,"- ","- ",37.821399688720703,-122.33428955078125,ALAMEDA,OAKLAND,-122.33430480957031,37.821491241455078
91846922,2022,2022-08-23,9370,2022-08-12,1003,022983,,5,1,7,0109,0,1,1,,2,008,"I-80 W/B TO I-580/I-880","POWELL ST",3009.00,W,N,A,-,Y,ALA,,80,,,3.249,H,,L,N,3,0,2,2,A,-,07,21658,A,N,B,C,A,A,H,-,A,D,0,,,,,Y,,A,01,0,1,1,0,0,0,0,0,0,"- ","- ",37.830051422119141,-122.29380035400391,ALAMEDA,OAKLAND,-122.29409027099609,37.830051422119141
91849040,2022,2022-08-25,9370,2022-08-16,0840,022922,,2,1,7,0109,0,1,1,,2,008,"I-80 W/B","W. GRAND AVENUE",300.00,E,N,A,-,Y,ALA,,80,,,2.268,H,,L,N,3,0,1,2,A,-,03,22350,,N,B,2,A,A,H,-,A,D,0,,,Y,,Y,,C,02,0,1,0,0,0,0,0,0,1,"- ","- ",37.825168609619141,-122.30873107910156,ALAMEDA,OAKLAND,-122.3087158203125,37.825046539306641
91849115,2022,2022-08-25,9370,2022-08-23,0741,022980,,2,1,7,0109,0,1,1,,2,053,"I-580 WESTBOUND","14TH AVENUE",475.00,E,N,B,-,Y,ALA,,580,,R,41.972,H,,L,N,3,0,1,2,A,-,03,22350,,N,C,C,A,A,H,-,A,D,0,,,,,Y,,A,01,0,1,0,0,0,0,0,0,0,"- ","- ",37.800140380859375,-122.22498321533203,ALAMEDA,OAKLAND,-122.22502899169922,37.799999237060547
91849137,2022,2022-08-25,9370,2022-08-23,0835,022980,,2,1,7,0109,0,1,1,,2,055,"I-580 WESTBOUND TO I-80 WESTBOUND","MANDELA PARKWAY",2900.00,W,N,A,-,Y,ALA,,580,,,46.914,H,,R,Y,3,0,1,3,A,-,03,22350,,N,C,C,A,A,H,-,A,D,0,,,,,Y,,A,01,0,1,0,0,0,0,0,0,0,"- ","- ",37.826438903808594,-122.29988861083984,ALAMEDA,OAKLAND,-122.29991149902344,37.826507568359375
9184993,2020,2021-01-04,0109,2020-10-07,1930,9501,1,3,5,7,0109,0,0,0,,0,21X,"23RD AV","E 27TH ST",75.00,S,N,A,-,N,,,,,,,,,,Y,3,0,3,4,A,-,03,22350,,M,C,C,A,A,H,-,C,A,0,,,,,Y,,A,01,0,1,2,0,0,0,0,0,0,"- ","- ",,,ALAMEDA,OAKLAND,-122.22683715820312,37.793373107910156
91850991,2022,2022-08-29,9370,2022-08-09,1440,022863,,2,2,7,0109,0,1,1,,2,177,"I-880 N/B","FRUITVALE AVENUE",1200.00,S,N,A,-,Y,ALA,,880,,,28.144,H,,R,N,3,0,1,3,A,-,07,21658,A,M,B,C,A,A,H,-,A,D,0,,,Y,,Y,Y,-,99,0,1,0,0,0,0,0,0,1,"- ","- ",37.772018432617188,-122.22403717041016,ALAMEDA,OAKLAND,-122.22406768798828,37.771961212158203
91852381,2022,2022-08-29,9370,2022-08-17,2140,022863,,3,2,7,0109,0,1,1,,2,177,"I-880 S/B","OAK ST",500.00,S,N,A,-,Y,ALA,,880,,,30.983,H,,L,Y,2,0,1,2,A,-,03,22350,,N,C,C,A,A,H,-,C,D,0,,,,Y,Y,,A,01,1,0,0,0,0,0,0,0,0,"- ","- ",37.794200897216797,-122.26513671875,ALAMEDA,OAKLAND,-122.26503753662109,37.794303894042969
91853430,2022,2022-08-30,9335,2022-08-24,1605,023063,,3,2,7,0109,0,1,1,,1,082,"I-80 W/B","TOLL PLAZA",138.00,W,N,A,-,Y,,,,,,,,,,N,3,0,1,1,A,-,08,22107,,M,E,8,A,A,H,-,A,D,0,,,,,Y,,A,01,0,1,0,0,0,0,0,0,0,"- ","- ",37.824539184570312,-122.31382751464844,ALAMEDA,OAKLAND,-122.31388854980469,37.824836730957031
91853638,2022,2022-08-30,9370,2022-08-26,1310,022529,,5,1,6,0103,0,1,1,,2,081,"I-80 W/B","UNIVERSITY AVE",94.00,E,N,A,-,Y,ALA,,80,,,5.858,H,,L,Y,2,0,2,2,A,-,01,23152,A,M,C,C,A,A,H,-,A,D,0,,,,,Y,Y,A,01,1,1,0,0,0,0,0,0,0,"- ","- ",37.867069244384766,-122.30406951904297,ALAMEDA,BERKELEY,-122.30400085449219,37.867084503173828
9185368,2020,2020-12-04,0109,2020-09-20,2037,8769,1,7,5,7,0109,0,0,0,,0,10X,"63RD ST","SAN PABLO",20.00,E,N,A,-,N,,,,,,,,,,Y,3,0,2,2,A,-,01,23152,,N,A,C,A,A,H,-,C,A,0,,,,,Y,Y,A,01,0,1,1,0,0,0,0,0,0,"- ","- ",,,ALAMEDA,OAKLAND,-122.28469848632812,37.846050262451172
9185429,2020,2020-12-11,0109,2020-09-26,0835,9732,1,6,5,7,0109,0,0,0,,0,01X,"WATER ST","CLAY ST",0.00,,Y,A,-,N,,,,,,,,,,N,3,0,1,2,A,-,08,22107,,M,G,B,E,A,H,-,A,D,0,Y,,,,Y,,-,99,0,1,0,0,1,0,0,0,0,"- ","- ",,,ALAMEDA,OAKLAND,-122.27951049804688,37.795688629150391
9185430,2020,2020-12-11,0109,2020-09-17,1423,9461,2,4,5,7,0109,0,0,0,,0,30X,"MACARTHUR BL","RITCHIE ST",0.00,,Y,A,-,N,,,,,,,,,,Y,3,0,4,2,A,-,09,21801,A,M,D,C,A,A,H,-,A,A,0,,,,,Y,,A,01,0,2,2,0,0,0,0,0,0,"- ","- ",,,ALAMEDA,OAKLAND,-122.16658782958984,37.7646484375
9185431,2020,2020-12-11,0109,2020-09-29,1133,9601,1,2,5,7,0109,0,0,0,,0,22X,"PARK BL","ESTATES DR",0.00,,Y,A,-,N,,,,,,,,,,Y,3,0,1,2,A,-,09,21801,,N,D,C,A,A,H,-,A,A,0,,,Y,,Y,,A,01,0,1,0,0,0,0,0,0,1,"- ","- ",,,ALAMEDA,OAKLAND,-122.21369934082031,37.813861846923828
91854655,2022,2022-08-31,9370,2022-08-20,2115,022988,,6,2,6,0103,0,1,1,,2,081,"I-80 W/B","POWELL ST",400.00,W,N,A,-,Y,ALA,,80,,,3.738,H,,L,N,3,0,1,2,A,-,03,22350,,N,C,C,A,A,H,-,C,D,0,,,,,Y,,A,01,0,1,0,0,0,0,0,0,0,"- ","- ",37.837158203125,-122.29635620117188,ALAMEDA,BERKELEY,-122.29645538330078,37.837135314941406
91856799,2022,2022-09-05,9335,2022-08-30,0700,018804,,2,1,7,0109,0,1,1,,1,081,"I-80 W/B","SFOBB METERING LIGHTS",1.04,W,N,A,-,Y,ALA,,80,,R,0.757,H,,L,N,3,0,1,2,A,-,07,21658,A,N,B,C,A,A,H,-,A,D,0,,,Y,,Y,,A,01,0,1,0,0,0,0,0,0,1,"- ","- ",37.821159362792969,-122.33599853515625,ALAMEDA,OAKLAND,-122.33602142333984,37.821239471435547
91856932,2021,2022-09-05,9370,2021-10-30,0152,021803,,6,3,7,0109,0,1,1,,2,052,"I-580 W/B","OAK KNOLL BLVD",432.00,W,N,B,-,Y,,,580,,,,,,W,Y,1,1,0,1,A,-,01,23152,A,N,E,I,A,A,H,-,C,D,0,,,,,Y,Y,A,01,0,0,0,0,0,0,0,0,0,"- ","- ",37.759391784667969,-122.14772796630859,ALAMEDA,OAKLAND,-122.14781188964844,37.759376525878906
91856982,2022,2022-09-05,9370,2022-08-24,1430,022199,,3,2,7,0109,0,1,S,,2,904,"I-580 W/B",SR-13,80.00,W,N,A,-,Y,ALA,,580,,R,39.264,H,,R,Y,2,0,1,1,A,-,08,22107,,N,E,I,A,A,H,-,A,D,0,,,,,Y,,A,01,1,0,0,0,0,0,0,0,0,"- ","- ",37.784011840820312,-122.1788330078125,ALAMEDA,OAKLAND,-122.17885589599609,37.783916473388672
91856992,2022,2022-09-05,9370,2022-08-24,0605,019841,,3,1,7,0109,0,1,1,,2,177,"I-880 N/B","23RD AVE",1000.00,N,N,A,-,Y,ALA,,880,,,29.388,H,,R,N,3,0,1,3,A,-,03,22350,,N,C,C,A,A,H,-,A,D,0,,,,,Y,,A,07,0,1,0,0,0,0,0,0,0,"- ","- ",37.783378601074219,-122.24015808105469,ALAMEDA,OAKLAND,-122.24012756347656,37.783405303955078
91857010,2022,2022-09-05,9370,2022-08-02,1025,021364,,2,1,7,0109,0,1,1,,2,055,"I-580 W/B",BROADWAY,65.00,W,N,A,-,Y,,,,,,,,,,N,3,0,1,2,A,-,11,21954,A,F,G,B,E,A,H,-,A,D,0,Y,,,,Y,,N,60,0,1,0,0,1,0,0,0,0,"- ","- ",37.492118835449219,-122.1536865234375,ALAMEDA,OAKLAND,-122.26012420654297,37.822460174560547
91857012,2022,2022-09-05,9335,2022-08-26,2105,023065,,5,2,7,0109,0,1,1,,1,082,"I-80 W/B","SFOBB METERING LIGHTS",253.00,W,N,A,-,Y,ALA,,80,,,1.745,H,,L,N,3,0,2,2,A,-,03,22350,,N,C,C,A,A,H,-,C,A,0,,,,,Y,,A,01,0,1,1,0,0,0,0,0,0,"- ","- ",37.823951721191406,-122.31822204589844,ALAMEDA,OAKLAND,-122.31821441650391,37.823940277099609
91861582,2021,2022-09-12,9370,2021-10-30,0200,021803,,6,3,7,0109,0,1,1,,2,052,"I-580 W/B","OAK KNOLL BLVD",480.00,W,N,B,-,Y,,,580,,,,,,W,Y,3,0,2,2,C,-,18,,,N,B,C,A,A,C,-,C,D,0,,,,,Y,,-,"- ",0,2,0,0,0,0,0,0,0,"- ","- ",37.760040283203125,-122.14804840087891,ALAMEDA,OAKLAND,-122.14797973632812,37.760063171386719
91861613,2022,2022-09-12,9370,2022-07-31,1345,022845,,7,1,6,0103,0,1,1,,2,081,"I-80 W/B","ASHBY AVENUE",1850.00,E,N,B,-,Y,ALA,,80,,,4.922,H,,L,Y,3,0,1,2,A,-,07,21658,A,N,B,C,A,A,H,-,A,D,0,,,Y,,Y,,A,01,0,1,0,0,0,0,0,0,1,"- ","- ",37.853870391845703,-122.30023193359375,ALAMEDA,BERKELEY,-122.30025482177734,37.853866577148438
91864755,2022,2022-09-14,9370,2022-08-23,1515,022988,,2,2,7,0109,0,1,1,,2,055,"I-580 W/B","MANDELA PKWY",770.00,E,N,A,-,Y,ALA,,580,,,46.200,H,,L,N,3,0,1,4,A,-,03,22350,,M,C,C,A,A,H,-,A,D,0,,,,,Y,,A,01,0,1,0,0,0,0,0,0,0,"- ","- ",37.826808929443359,-122.28636932373047,ALAMEDA,OAKLAND,-122.28632354736328,37.826652526855469