CASE_ID,ACCIDENT_YEAR,PROC_DATE,JURIS,COLLISION_DATE,COLLISION_TIME,OFFICER_ID,REPORTING_DISTRICT,DAY_OF_WEEK,CHP_SHIFT,POPULATION,CNTY_CITY_LOC,SPECIAL_COND,BEAT_TYPE,CHP_BEAT_TYPE,CITY_DIVISION_LAPD,CHP_BEAT_CLASS,BEAT_NUMBER,PRIMARY_RD,SECONDARY_RD,DISTANCE,DIRECTION,INTERSECTION,WEATHER_1,WEATHER_2,STATE_HWY_IND,CALTRANS_COUNTY,CALTRANS_DISTRICT,STATE_ROUTE,ROUTE_SUFFIX,POSTMILE_PREFIX,POSTMILE,LOCATION_TYPE,RAMP_INTERSECTION,SIDE_OF_HWY,TOW_AWAY,COLLISION_SEVERITY,NUMBER_KILLED,NUMBER_INJURED,PARTY_COUNT,PRIMARY_COLL_FACTOR,PCF_CODE_OF_VIOL,PCF_VIOL_CATEGORY,PCF_VIOLATION,PCF_VIOL_SUBSECTION,HIT_AND_RUN,TYPE_OF_COLLISION,MVIW,PED_ACTION,ROAD_SURFACE,ROAD_COND_1,ROAD_COND_2,LIGHTING,CONTROL_DEVICE,CHP_ROAD_TYPE,PEDESTRIAN_ACCIDENT,BICYCLE_ACCIDENT,MOTORCYCLE_ACCIDENT,TRUCK_ACCIDENT,NOT_PRIVATE_PROPERTY,ALCOHOL_INVOLVED,STWD_VEHTYPE_AT_FAULT,CHP_VEHTYPE_AT_FAULT,COUNT_SEVERE_INJ,COUNT_VISIBLE_INJ,COUNT_COMPLAINT_PAIN,COUNT_PED_KILLED,COUNT_PED_INJURED,COUNT_BICYCLIST_KILLED,COUNT_BICYCLIST_INJURED,COUNT_MC_KILLED,COUNT_MC_INJURED,PRIMARY_RAMP,SECONDARY_RAMP,LATITUDE,LONGITUDE,COUNTY,CITY,POINT_X,POINT_Y
91865068,2022,2022-09-15,9370,2022-09-05,1020,022980,,1,1,7,0109,0,1,1,,2,176,"I-880 NORTHBOUND","98TH AVENUE",2825.00,S,N,A,-,Y,ALA,,880,,,24.189,H,,R,Y,3,0,1,2,A,-,07,21658,A,N,C,C,A,A,H,-,A,D,0,,,,,Y,,A,01,0,1,0,0,0,0,0,0,0,"- ","- ",37.725299835205078,-122.18276214599609,ALAMEDA,OAKLAND,-122.18280792236328,37.725269317626953
91865894,2022,2022-09-16,9370,2022-08-11,2240,022979,,4,3,7,0109,0,1,3,,2,013,"SR-13 S/B","CALAVERAS AVE",1550.00,N,N,A,-,Y,ALA,,13,,,4.618,H,,L,Y,2,0,1,1,A,-,01,23152,A,N,E,8,A,A,H,-,D,D,0,,,,,Y,Y,A,01,1,0,0,0,0,0,0,0,0,"- ","- ",37.788158416748047,-122.18138885498047,ALAMEDA,OAKLAND,-122.18128967285156,37.788185119628906
91868289,2022,2022-09-19,9370,2022-09-07,1410,022941,,3,2,7,0109,0,1,3,,2,024,"SR-24 E/B","KAY STREET",94.00,E,N,A,-,Y,,,,,,,,,,N,3,0,1,2,A,-,07,21658,A,N,B,C,A,A,H,-,A,D,0,,,Y,,Y,,A,01,0,1,0,0,0,0,0,0,1,"- ","- ",37.513050079345703,-122.13221740722656,ALAMEDA,OAKLAND,,
91868329,2022,2022-09-19,9370,2022-08-29,0720,022980,,1,1,7,0109,0,1,1,,2,178,"I-880 SOUTHBOUND","MANDELA PARKWAY",1950.00,N,N,B,-,Y,ALA,,880,,R,33.070,H,,L,Y,2,0,1,4,A,-,08,22107,,F,B,2,A,A,H,-,A,D,0,,,,,Y,,-,99,1,0,0,0,0,0,0,0,0,"- ","- ",37.802799224853516,-122.30078125,ALAMEDA,OAKLAND,-122.30076599121094,37.802818298339844
9186932,2020,2020-12-01,0109,2020-05-14,1006,9822,1,4,5,7,0109,0,0,0,,0,19X,"12TH AV","INTERMATIONAL BL",0.00,,Y,B,-,N,,,,,,,,,,N,3,0,2,2,A,-,09,21802,A,N,D,C,A,A,H,-,A,A,0,,,,,Y,,A,01,0,1,1,0,0,0,0,0,0,"- ","- ",,,ALAMEDA,OAKLAND,-122.24801635742188,37.790599822998047
9186944,2020,2020-12-01,0109,2020-05-30,2143,9851,2,6,5,7,0109,0,0,0,,0,24X,"FOOTHILL BL","41ST AV",10.00,W,N,A,-,N,,,,,,,,,,N,3,0,2,2,A,-,08,22107,,N,H,C,A,A,H,-,C,A,0,,,,,Y,,A,01,0,1,1,0,0,0,0,0,0,"- ","- ",,,ALAMEDA,OAKLAND,-122.21388244628906,37.776512145996094
9186988,2020,2020-12-26,0103,2020-10-21,1302,149,,3,5,6,0103,0,0,0,,0,014,"ADDISON ST","10TH ST",140.00,W,N,A,-,N,,,,,,,,,,N,3,0,1,3,A,-,06,21750,,F,B,G,A,-,H,-,A,D,0,,Y,,,Y,Y,D,22,0,1,0,0,0,0,1,0,0,"- ","- ",37.867740631103516,-122.29312896728516,ALAMEDA,BERKELEY,-122.29336547851562,37.86749267578125
9187000,2020,2021-01-05,0103,2020-10-26,1126,104,13,1,5,6,0103,0,0,0,,0,001,MONTEREY,COLUSA,0.00,,Y,A,-,N,,,,,,,,,,N,3,0,1,2,D,-,00,,,N,D,G,A,A,H,-,A,A,0,,Y,,,Y,,-,"- ",0,1,0,0,0,0,1,0,0,"- ","- ",37.887039184570312,-122.27881622314453,ALAMEDA,BERKELEY,-122.27912139892578,37.886878967285156
91871858,2022,2022-09-23,9370,2022-09-05,0705,023068,,1,1,7,0109,0,1,3,,2,025,"SR-24 W/B TO I-580","42ND STREET",370.00,E,N,A,-,Y,ALA,,24,,R,2.410,H,,L,N,3,0,1,2,A,-,07,21658,A,N,C,C,A,A,H,-,A,D,0,,,,,Y,,D,22,0,1,0,0,0,0,0,0,0,"- ","- ",37.832378387451172,-122.26679229736328,ALAMEDA,OAKLAND,-122.26670837402344,37.832370758056641
91872842,2022,2022-09-26,9370,2022-08-23,0230,022964,,2,3,7,0109,0,1,1,,2,177,"I-880 N/B","MADISON STREET",25.00,S,N,A,-,Y,ALA,,880,,,31.155,H,,R,N,3,0,1,2,A,-,07,21658,A,M,B,C,A,A,H,-,C,D,0,,,,,Y,,-,99,0,1,0,0,0,0,0,0,0,"- ","- ",37.795730590820312,-122.26746368408203,ALAMEDA,OAKLAND,-122.26749420166016,37.795677185058594
91872848,2022,2022-09-26,9370,2022-08-31,0840,023068,,3,1,7,0109,0,1,1,,2,052,"I-580 W/B","HIGH ST",1400.00,W,N,B,-,Y,ALA,,580,,R,40.090,H,,R,N,3,0,1,3,A,-,17,22517,,N,B,C,A,A,H,-,A,D,0,,,Y,,Y,,A,01,0,1,0,0,0,0,0,0,1,"- ","- ",37.786960601806641,-122.1956787109375,ALAMEDA,OAKLAND,-122.19577789306641,37.786830902099609
91872871,2022,2022-09-26,9370,2022-08-30,1155,023068,,2,1,7,0109,0,1,1,,2,054,"I-580 E/B","PARK BLVD WAY",950.00,W,N,A,-,Y,ALA,,580,,,42.866,H,,L,N,2,0,2,3,A,-,05,21651,B,F,A,C,A,A,H,-,A,D,0,,,,,Y,,A,07,2,0,0,0,0,0,0,0,0,"- ","- ",37.805698394775391,-122.23623657226562,ALAMEDA,OAKLAND,-122.23619079589844,37.805759429931641
91872872,2022,2022-09-26,9370,2022-08-28,1122,023068,,7,1,7,0109,0,1,3,,2,025,"SR-24 W/B TO I-580 W/B","40TH ST",360.00,W,N,A,-,Y,ALA,,24,,R,2.141,H,,L,N,3,0,1,2,A,-,03,22350,,N,C,C,A,A,H,-,A,D,0,,,,,Y,,A,01,0,1,0,0,0,0,0,0,0,"- ","- ",37.828578948974609,-122.26780700683594,ALAMEDA,OAKLAND,-122.26748657226562,37.828536987304688
91873032,2022,2022-09-26,9370,2022-08-06,1920,022841,,6,2,7,0109,0,1,1,,2,176,"I-880 N/B","ZHONE WAY",2540.00,N,N,A,-,Y,ALA,,880,,,27.102,H,,R,N,3,0,2,6,A,-,01,23152,G,N,C,2,A,A,H,-,A,D,0,,,,,Y,,A,01,0,1,1,0,0,0,0,0,0,"- ","- ",37.759788513183594,-122.21305847167969,ALAMEDA,OAKLAND,-122.21303558349609,37.759803771972656
91874299,2022,2022-09-27,9370,2022-08-26,1225,022845,,5,1,7,0109,0,1,1,,2,054,"I-580 W/B","PARK BLVD",1774.00,W,N,A,-,Y,ALA,,580,,,43.022,H,,L,Y,3,0,1,3,A,-,08,22107,,N,C,C,A,A,H,-,A,D,0,,,,,Y,,A,07,0,1,0,0,0,0,0,0,0,"- ","- ",37.807079315185547,-122.23844146728516,ALAMEDA,OAKLAND,-122.23858642578125,37.806869506835938
91874324,2022,2022-09-27,9370,2022-08-29,1325,022974,,1,1,7,0109,0,1,3,,2,024,"SR-24 E/B","GOLDEN GATE AVE",315.00,W,N,A,-,Y,,,,,,,,,,Y,3,0,1,2,A,-,07,21658,A,N,B,C,A,A,H,-,A,D,0,,,,,Y,,A,01,0,1,0,0,0,0,0,0,0,"- ","- ",37.824848175048828,-122.26596832275391,ALAMEDA,OAKLAND,-122.24089813232422,37.849601745605469
91874486,2022,2022-09-27,9370,2022-09-02,0030,022964,,5,3,7,0109,0,1,3,,2,025,"SR-24 W/B TO I-580","WEST MACARTHUR BOULEVARD",110.00,W,N,A,-,Y,ALA,,24,,R,2.004,H,,L,Y,3,0,1,1,A,-,08,22107,,N,E,I,A,A,H,-,C,D,0,,,,,Y,Y,A,07,0,1,0,0,0,0,0,0,0,"- ","- ",37.82666015625,-122.26827239990234,ALAMEDA,OAKLAND,-122.26795959472656,37.826606750488281
91876927,2022,2022-09-29,9370,2022-09-17,1641,022990,,6,2,6,0103,0,1,1,,2,081,"I-80 E/B","UNIVERSITY AVE",260.00,W,N,A,-,Y,ALA,,80,,,5.793,H,,R,Y,3,0,1,1,A,-,01,23152,A,N,E,I,A,A,H,-,A,D,0,,,,,Y,Y,A,07,0,1,0,0,0,0,0,0,0,"- ","- ",37.866230010986328,-122.30335235595703,ALAMEDA,BERKELEY,-122.30354309082031,37.866191864013672
91881014,2022,2022-10-03,9370,2022-09-01,1805,022941,,4,2,7,0109,0,1,1,,2,053,"I-580 E/B","13TH AVE",75.00,E,N,A,-,Y,ALA,,580,,R,42.350,H,,R,Y,3,0,1,2,A,-,03,22350,,N,C,C,A,A,H,-,A,D,0,,,,,Y,,A,07,0,1,0,0,0,0,0,0,0,"- ","- ",37.802299499511719,-122.23119354248047,ALAMEDA,OAKLAND,-122.23098754882812,37.802459716796875
9188121,2020,2021-01-13,0103,2020-10-31,1301,2,,6,5,6,0103,0,0,0,,0,002,"HEARST DR","SPRUCE ST",20.00,W,N,A,-,N,,,,,,,,,,Y,3,0,1,2,-,-,"- ",,,N,C,C,A,A,H,-,A,A,0,,,,,Y,,A,01,0,1,0,0,0,0,0,0,0,"- ","- ",37.874271392822266,-122.265380859375,ALAMEDA,BERKELEY,-122.26539611816406,37.874240875244141
9188122,2020,2021-01-07,0103,2020-10-31,0015,73,,6,5,6,0103,0,0,0,,0,006,"CHANNING WY","FULTON ST",0.00,,Y,A,-,N,,,,,,,,,,N,3,0,1,2,A,-,10,21950,A,F,G,B,B,A,H,-,C,D,0,Y,,,,Y,,A,01,0,1,0,0,1,0,0,0,0,"- ","- ",,,ALAMEDA,BERKELEY,-122.26561737060547,37.866031646728516
9188123,2020,2021-01-13,0103,2020-10-28,0903,112,,3,5,6,0103,0,0,0,,0,014,"HEARST AV","4TH ST",25.00,E,N,A,-,N,,,,,,,,,,Y,3,0,1,1,A,-,05,21460,A,N,E,I,A,A,H,-,A,A,0,,,,,Y,,A,01,0,1,0,0,0,0,0,0,0,"- ","- ",37.868881225585938,-122.30027770996094,ALAMEDA,BERKELEY,-122.30019378662109,37.868877410888672
9188126,2020,2021-01-07,0103,2020-10-23,1350,26,,5,5,6,0103,0,0,0,,0,004,"ALLSTON WY","OXFORD ST",0.00,,Y,A,-,N,,,,,,,,,,Y,3,0,2,2,A,-,08,22107,,N,D,C,A,A,H,-,A,A,0,,,,,Y,,A,01,0,2,0,0,0,0,0,0,0,"- ","- ",37.869678497314453,-122.26579284667969,ALAMEDA,BERKELEY,-122.26589202880859,37.869678497314453
9188128,2020,2021-01-07,0103,2020-10-17,1852,159,,6,5,6,0103,0,0,0,,0,011,"HARMON ST","SACRAMENTO AV",0.00,,Y,A,-,N,,,,,,,,,,Y,3,0,2,2,A,-,05,21650,1,N,D,G,A,-,H,-,C,D,0,,Y,Y,,Y,,L,04,0,2,0,0,0,0,1,0,1,"- ","- ",34.848819732666016,-122.27796173095703,ALAMEDA,BERKELEY,-122.27803802490234,37.848819732666016
9188129,2020,2021-01-07,0103,2020-10-17,1543,153,,6,5,6,0103,0,0,0,,0,015,"EASTSHORE HWY","GILMAN ST",0.00,,Y,A,-,N,,,,,,,,,,Y,3,0,3,3,A,-,09,21802,A,N,D,C,A,A,A,H,A,A,0,,,,,Y,,A,01,0,3,0,0,0,0,0,0,0,"- ","- ",37.878299713134766,-122.30657196044922,ALAMEDA,BERKELEY,-122.30648040771484,37.878330230712891
9188130,2020,2021-01-07,0103,2020-10-15,1538,40,29,4,5,6,0103,0,0,0,,0,004,"KITTREDGE ST","SHUTTUCK AV",0.00,,Y,A,-,N,,,,,,,,,,N,3,0,1,2,A,-,10,21950,A,N,G,B,B,A,H,-,A,A,0,Y,,,,Y,,A,01,0,1,0,0,1,0,0,0,0,"- ","- ",37.868488311767578,-122.26786804199219,ALAMEDA,BERKELEY,-122.26793670654297,37.868480682373047
9188131,2020,2021-01-07,0103,2020-10-13,1910,63,40,2,5,6,0103,0,0,0,,0,009,"SACRAMENTO ST","FAIRVIEW ST",138.00,S,N,A,-,N,,,,,,,,,,N,2,0,1,2,A,-,11,21954,A,F,G,B,E,A,H,-,C,D,0,Y,,,,Y,,N,60,1,0,0,0,1,0,0,0,0,"- ","- ",,,ALAMEDA,BERKELEY,-122.27815246582031,37.849296569824219
9188132,2020,2021-01-07,0103,2020-10-13,1251,76,,2,5,6,0103,0,0,0,,0,005,"SACRAMENTO ST","PARKER ST",0.00,,Y,A,-,N,,,,,,,,,,N,3,0,1,2,A,-,09,21802,A,N,D,A,A,A,H,-,A,A,0,,,Y,,Y,,A,01,0,1,0,0,0,0,0,0,1,"- ","- ",,,ALAMEDA,BERKELEY,-122.28058624267578,37.860469818115234
9188133,2020,2021-01-07,0103,2020-10-09,0745,2,14,5,5,6,0103,0,0,0,,0,001,"SHATTUCK AV","EUNICE ST",0.00,,Y,C,-,N,,,,,,,,,,N,3,0,1,1,A,-,03,22350,,N,A,J,A,B,H,-,A,A,0,,Y,,,Y,,L,04,0,1,0,0,0,0,1,0,0,"- ","- ",37.885650634765625,-122.26997375488281,ALAMEDA,BERKELEY,-122.26995849609375,37.885650634765625
9188134,2020,2021-01-07,0103,2020-10-03,1819,87,17,6,5,6,0103,0,0,0,,0,001,"ROSE AV",HENRY,0.00,,Y,A,-,N,,,,,,,,,,N,3,0,1,1,A,-,03,22350,,N,H,J,A,-,H,-,A,A,0,,Y,,,Y,,L,04,0,1,0,0,0,0,1,0,0,"- ","- ",37.882171630859375,-122.27104187011719,ALAMEDA,BERKELEY,-122.27069854736328,37.881900787353516
9188664,2020,2020-12-05,0109,2020-10-18,2140,9197,1,7,5,7,0109,0,0,0,,0,11X,"TELEGRAPH AV","65TH ST",50.00,S,N,A,-,N,,,,,,,,,,N,3,0,1,1,A,-,03,22350,,N,H,A,A,A,H,-,C,D,0,,,Y,,Y,,C,02,0,1,0,0,0,0,0,0,1,"- ","- ",,,ALAMEDA,OAKLAND,-122.26045989990234,37.850894927978516
9188680,2020,2020-12-05,0109,2020-10-28,1037,8881,1,3,5,7,0109,0,0,0,,0,13Z,"MOUNTAIN BL","COLTON BL",0.00,,Y,A,-,N,,,,,,,,,,N,3,0,1,2,A,-,09,21802,A,N,D,G,A,A,H,-,A,A,0,,Y,,,Y,,A,01,0,1,0,0,0,0,1,0,0,"- ","- ",,,ALAMEDA,OAKLAND,-122.21095275878906,37.829448699951172
91887824,2022,2022-10-11,9370,2022-08-20,0215,022821,,6,3,7,0109,0,1,1,,2,178,"I-880 S/B","7TH ST",470.00,S,N,A,-,Y,ALA,,880,,R,33.414,H,,L,Y,3,0,1,1,A,-,01,23152,A,N,F,A,A,A,H,-,C,D,0,,,,,Y,Y,A,07,0,1,0,0,0,0,0,0,0,"- ","- ",37.806510925292969,-122.30478668212891,ALAMEDA,OAKLAND,-122.30455017089844,37.806575775146484
91889658,2022,2022-10-13,9370,2022-08-06,2357,022988,,6,3,6,0103,0,1,1,,2,081,"I-80 W/B","UNIVERSITY AVE",200.00,E,N,A,-,Y,ALA,,80,,,5.791,H,,L,N,3,0,1,4,A,-,03,22350,,F,C,C,A,A,H,-,C,D,0,,,,,Y,,A,07,0,1,0,0,0,0,0,0,0,"- ","- ",37.866161346435547,-122.30362701416016,ALAMEDA,BERKELEY,-122.30370330810547,37.866146087646484
91889908,2021,2022-10-13,9370,2021-09-14,2100,022307,,2,2,7,0109,0,1,1,,2,052,"I-580 W/B","FOOTHILL BLVD",1640.00,W,N,A,-,Y,,,580,,,,,,W,Y,1,1,0,2,A,-,08,22107,,N,C,C,A,A,H,-,D,D,0,,,,,Y,,A,01,0,0,0,0,0,0,0,0,0,"- ","- ",37.741199493408203,-122.14450836181641,ALAMEDA,OAKLAND,-122.14448547363281,37.741214752197266
91892095,2022,2022-10-17,9370,2022-10-03,2130,023074,,1,2,7,0109,0,1,1,,2,176,"I-880 N/B","98TH AVENUE",440.00,N,N,B,-,Y,ALA,,880,,,24.840,H,,R,Y,3,0,1,1,A,-,08,22107,,N,F,A,A,A,H,-,D,D,0,,,,,Y,Y,A,01,0,1,0,0,0,0,0,0,0,"- ","- ",37.732929229736328,-122.18936157226562,ALAMEDA,OAKLAND,-122.18946838378906,37.732872009277344
9189409,2020,2020-12-15,0109,2020-09-16,1301,9891,2,3,5,7,0109,0,0,0,,0,27Y,"INTERNATIONAL BL","47TH AV",95.00,W,N,A,-,N,,,,,,,,,,N,3,0,1,2,A,-,17,22517,,N,H,G,A,A,H,-,A,D,0,,Y,,,Y,,A,01,0,1,0,0,0,0,1,0,0,"- ","- ",,,ALAMEDA,OAKLAND,-122.2113037109375,37.77069091796875
91894640,2022,2022-10-19,9370,2022-09-07,1800,022941,,3,2,7,0109,0,1,3,,2,025,"SR-24 W/B FROM 51ST STREET","SHATTUCK AVE",229.00,W,N,A,-,Y,ALA,,24,,R,2.806,H,,R,N,2,0,1,2,A,-,11,21954,A,N,G,B,A,A,H,-,A,D,0,,Y,,,Y,,L,04,1,0,0,0,0,0,1,0,0,"- ","- ",37.837921142578125,-122.26502227783203,ALAMEDA,OAKLAND,-122.26515960693359,37.83795166015625
91894671,2022,2022-10-19,9370,2022-05-21,0158,022648,,6,3,7,0109,0,1,3,,2,025,"SR-24 E/B","SHATTUCK AVENUE",250.00,W,N,A,-,Y,ALA,,24,,R,2.861,H,,R,Y,1,1,5,2,A,-,01,23152,G,F,A,C,A,A,H,-,D,D,0,,,,,Y,Y,A,01,5,0,0,0,0,0,0,0,0,"- ","- ",37.838611602783203,-122.26479339599609,ALAMEDA,OAKLAND,-122.26483917236328,37.838626861572266
91894693,2022,2022-10-20,9370,2022-08-24,0329,021573,,3,3,7,0109,0,1,3,,2,013,"SR-13 S/B","REDWOOD ROAD",1740.00,N,N,B,-,Y,ALA,,13,,,5.738,H,,L,Y,1,2,0,1,A,-,03,22350,,N,E,8,A,A,H,-,D,D,0,,,,,Y,,A,01,0,0,0,0,0,0,0,0,0,"- ","- ",37.802268981933594,-122.18963623046875,ALAMEDA,OAKLAND,-122.18960571289062,37.802299499511719
91895624,2022,2022-10-20,9370,2022-08-02,2311,022648,,2,3,7,0109,0,1,1,,2,176,"I-880 S/B","HEGENBERGER ROAD",180.00,S,N,A,-,Y,ALA,,880,,,25.489,H,,L,Y,1,1,1,2,A,-,11,21954,A,N,G,B,E,A,H,-,C,D,0,Y,,,,Y,,N,60,0,1,0,1,0,0,0,0,0,"- ","- ",37.74053955078125,-122.19609832763672,ALAMEDA,OAKLAND,-122.19634246826172,37.740402221679688
91896415,2022,2022-10-21,9370,2022-05-18,2019,022358,,3,2,7,0109,0,1,1,,2,052,"I-580 E/B","DAVENPORT AVENUE",544.00,W,N,B,-,Y,ALA,,580,,R,39.484,H,,L,Y,1,2,2,1,C,-,18,,,N,E,8,A,A,H,-,B,D,0,,,,,Y,,-,"- ",2,0,0,0,0,0,0,0,0,"- ","- ",37.783851623535156,-122.18267059326172,ALAMEDA,OAKLAND,-122.18266296386719,37.783946990966797
91899004,2022,2022-10-25,9370,2022-09-11,0430,022854,,7,3,7,0109,0,1,1,,2,055,"I-580 W/B TO I-80 W/B","MANDELA PARKWAY",1356.00,W,N,A,-,Y,ALA,,580,,,46.603,H,,R,Y,2,0,2,2,A,-,01,23152,A,N,A,C,A,A,H,-,D,D,0,,,,,Y,Y,A,07,2,0,0,0,0,0,0,0,0,"- ","- ",37.828098297119141,-122.29421997070312,ALAMEDA,OAKLAND,-122.29420471191406,37.828044891357422
91899126,2022,2022-10-25,9335,2022-10-07,1900,022795,,5,2,7,0109,0,1,1,,1,082,"I-80 WESTBOUND","SAN FRANCISCO OAKLAND BAY BRIDGE TOLL PLAZA METERI",600.00,E,N,A,-,Y,,,,,,,,,,Y,3,0,2,2,A,-,07,21658,A,N,B,C,A,A,H,-,B,D,0,,,,,Y,,A,01,0,1,1,0,0,0,0,0,0,"- ","- ",37.824249267578125,-122.31522369384766,ALAMEDA,OAKLAND,-122.31527709960938,37.824558258056641
91905256,2022,2022-10-31,9370,2022-09-17,0155,022863,,6,3,7,0109,0,1,1,,2,008,"I-80 E/B TO I-580 E/B","MANDELA PARKWAY",500.00,W,N,A,-,Y,ALA,,580,,,46.549,H,,L,Y,3,0,1,2,A,-,01,23152,A,M,C,C,A,A,H,-,C,D,0,,,,,Y,Y,A,01,0,1,0,0,0,0,0,0,0,"- ","- ",37.827358245849609,-122.29251098632812,ALAMEDA,OAKLAND,-122.29251098632812,37.827354431152344
91905659,2022,2022-10-31,9370,2022-09-30,1940,023068,,5,2,7,0109,0,1,1,,2,055,"I-580 W/B","TELEGRAPH AVE",625.00,E,N,A,-,Y,ALA,,580,,,44.916,H,,R,N,2,0,1,2,A,-,08,22107,,F,C,C,A,A,H,-,C,D,0,,,Y,,Y,,-,99,1,0,0,0,0,0,0,0,1,"- ","- ",37.823440551757812,-122.263671875,ALAMEDA,OAKLAND,-122.26371002197266,37.823326110839844
91905729,2022,2022-10-31,9335,2022-10-22,0940,023067,,6,1,7,0109,0,1,1,,1,082,"I-80 WESTBOUND","METERING LIGHTS",320.00,W,N,A,-,Y,ALA,,80,,,1.732,H,,L,N,3,0,1,2,A,-,07,21658,A,N,F,C,A,A,H,-,A,D,0,,,Y,,Y,,A,01,0,1,0,0,0,0,0,0,1,"- ","- ",37.823760986328125,-122.31839752197266,ALAMEDA,OAKLAND,-122.31845092773438,37.823879241943359
91905888,2022,2022-10-31,9370,2022-09-27,0340,023068,,2,3,7,0109,0,1,1,,2,179,"I-880 N/B TO I-80 E/B","POWELL ST",2850.00,N,N,A,-,Y,ALA,,880,,R,35.402,H,,R,N,3,0,2,2,A,-,03,22350,,N,C,C,A,A,H,-,A,D,0,,,,,Y,,A,01,0,1,1,0,0,0,0,0,0,"- ","- ",37.830589294433594,-122.29335784912109,ALAMEDA,OAKLAND,-122.29341888427734,37.830585479736328
91907981,2022,2022-11-02,9370,2022-09-22,0317,022988,,4,3,7,0109,0,1,1,,2,008,"I-580 W/B TO I-80 W/B","BEACH ST",1580.00,W,N,A,-,Y,ALA,,580,,,46.732,H,,R,Y,2,0,1,1,A,-,01,23152,A,F,E,I,A,A,H,-,C,D,0,,,,,Y,Y,A,01,1,0,0,0,0,0,0,0,0,"- ","- ",37.827201843261719,-122.29647827148438,ALAMEDA,OAKLAND,-122.29651641845703,37.827278137207031
91909875,2022,2022-11-04,9370,2022-09-05,0021,022841,,1,3,7,0109,0,1,1,,2,053,"I-580 W/B","13TH AVE",220.00,E,N,A,-,Y,ALA,,580,,R,42.322,H,,L,Y,2,0,4,3,C,-,18,,,N,C,C,E,A,H,-,D,D,0,Y,,,,Y,,-,"- ",2,2,0,0,1,0,0,0,0,"- ","- ",37.802131652832031,-122.23061370849609,ALAMEDA,OAKLAND,-122.23075103759766,37.802017211914062
9190992,2020,2021-01-11,0109,2020-10-16,0117,9552,2,5,5,7,0109,0,0,0,,0,34X,"85TH AV","HOLLY ST",0.00,,Y,A,-,N,,,,,,,,,,N,3,0,1,2,A,-,12,22450,A,M,D,C,A,A,H,-,C,A,0,,,Y,,Y,,D,22,0,1,0,0,0,0,0,0,1,"- ","- ",,,ALAMEDA,OAKLAND,-122.17575073242188,37.754390716552734
9191000,2020,2021-01-23,0109,2020-05-08,0700,9735,1,5,5,7,0109,0,0,0,,0,02Y,"7TH ST","FRONTAGE RD",0.00,,Y,A,-,N,,,,,,,,,,N,3,0,1,2,A,-,12,21453,A,N,H,C,A,A,H,-,A,A,0,,,,Y,Y,,A,01,0,1,0,0,0,0,0,0,0,"- ","- ",,,ALAMEDA,OAKLAND,-122.30404663085938,37.807819366455078
9191003,2020,2021-01-11,0109,2020-10-18,1924,9812,1,7,5,7,0109,0,0,0,,0,03X,"FRANKLIN ST","12TH ST",0.00,,Y,A,-,N,,,,,,,,,,N,2,0,4,2,A,-,12,21453,A,N,D,C,A,A,H,-,C,A,0,,,,,Y,,A,01,2,0,2,0,0,0,0,0,0,"- ","- ",,,ALAMEDA,OAKLAND,-122.27082061767578,37.802471160888672
9191011,2020,2021-02-04,0109,2020-11-03,1054,9917,1,2,5,7,0109,0,0,0,,0,01X,"5TH ST","WASHINGTON ST",160.00,E,N,A,-,N,,,,,,,,,,N,3,0,1,2,A,-,03,22350,,N,C,C,A,A,H,-,A,A,0,,,,,Y,,A,08,0,1,0,0,0,0,0,0,0,"- ","- ",,,ALAMEDA,OAKLAND,-122.27576446533203,37.798419952392578
91910748,2022,2022-11-07,9370,2022-10-13,0730,022991,,4,1,7,0109,0,1,1,,2,052,"I-580 W/B","DUTTON AVENUE",60.00,E,N,A,-,Y,ALA,,580,,R,34.810,H,,L,N,3,0,1,2,A,-,03,22350,,N,C,C,A,A,H,-,A,D,0,,,,,Y,,A,01,0,1,0,0,0,0,0,0,0,"- ","- ",37.734279632568359,-122.13967895507812,ALAMEDA,OAKLAND,-122.13984680175781,37.734256744384766
91910977,2022,2023-02-01,9370,2022-09-24,0945,022487,,6,1,7,0109,0,1,1,,2,177,"I-880 N/B","5TH AVE",760.00,S,N,A,-,Y,ALA,,880,,,30.428,H,,R,N,3,0,2,2,D,-,00,,,N,C,C,A,A,H,-,A,D,0,,,,,Y,,-,"- ",0,2,0,0,0,0,0,0,0,"- ","- ",37.789951324462891,-122.25729370117188,ALAMEDA,OAKLAND,-122.25730895996094,37.789871215820312