CASE_ID,ACCIDENT_YEAR,PROC_DATE,JURIS,COLLISION_DATE,COLLISION_TIME,OFFICER_ID,REPORTING_DISTRICT,DAY_OF_WEEK,CHP_SHIFT,POPULATION,CNTY_CITY_LOC,SPECIAL_COND,BEAT_TYPE,CHP_BEAT_TYPE,CITY_DIVISION_LAPD,CHP_BEAT_CLASS,BEAT_NUMBER,PRIMARY_RD,SECONDARY_RD,DISTANCE,DIRECTION,INTERSECTION,WEATHER_1,WEATHER_2,STATE_HWY_IND,CALTRANS_COUNTY,CALTRANS_DISTRICT,STATE_ROUTE,ROUTE_SUFFIX,POSTMILE_PREFIX,POSTMILE,LOCATION_TYPE,RAMP_INTERSECTION,SIDE_OF_HWY,TOW_AWAY,COLLISION_SEVERITY,NUMBER_KILLED,NUMBER_INJURED,PARTY_COUNT,PRIMARY_COLL_FACTOR,PCF_CODE_OF_VIOL,PCF_VIOL_CATEGORY,PCF_VIOLATION,PCF_VIOL_SUBSECTION,HIT_AND_RUN,TYPE_OF_COLLISION,MVIW,PED_ACTION,ROAD_SURFACE,ROAD_COND_1,ROAD_COND_2,LIGHTING,CONTROL_DEVICE,CHP_ROAD_TYPE,PEDESTRIAN_ACCIDENT,BICYCLE_ACCIDENT,MOTORCYCLE_ACCIDENT,TRUCK_ACCIDENT,NOT_PRIVATE_PROPERTY,ALCOHOL_INVOLVED,STWD_VEHTYPE_AT_FAULT,CHP_VEHTYPE_AT_FAULT,COUNT_SEVERE_INJ,COUNT_VISIBLE_INJ,COUNT_COMPLAINT_PAIN,COUNT_PED_KILLED,COUNT_PED_INJURED,COUNT_BICYCLIST_KILLED,COUNT_BICYCLIST_INJURED,COUNT_MC_KILLED,COUNT_MC_INJURED,PRIMARY_RAMP,SECONDARY_RAMP,LATITUDE,LONGITUDE,COUNTY,CITY,POINT_X,POINT_Y
91911522,2022,2022-11-07,9370,2022-09-29,1650,022858,,4,2,6,0103,0,1,1,,2,081,"I-80 W/B","ASHBY AVE",1782.00,E,N,A,-,Y,ALA,,80,,,4.232,H,,L,Y,3,0,1,4,A,-,03,22350,,N,C,C,A,A,H,-,A,D,0,,,,,Y,,A,01,0,1,0,0,0,0,0,0,0,"- ","- ",37.844100952148438,-122.29785919189453,ALAMEDA,BERKELEY,-122.29791259765625,37.844093322753906
91911864,2022,2022-11-08,9370,2022-10-03,1527,022958,,1,2,7,0109,0,1,1,,2,177,"I-880 N/B","5TH AVENUE",455.00,S,N,A,-,Y,ALA,,880,,,30.484,H,,R,Y,2,0,1,1,A,-,01,23152,A,N,E,I,A,A,H,-,A,D,0,,,,,Y,Y,D,22,1,0,0,0,0,0,0,0,0,"- ","- ",37.790180206298828,-122.2581787109375,ALAMEDA,OAKLAND,-122.25822448730469,37.790046691894531
91911866,2022,2022-11-08,9370,2022-08-04,0715,022392,,4,1,7,0109,0,1,1,,2,053,"I-580 W/B","35TH AVE",945.00,W,N,A,-,Y,ALA,,580,,R,40.824,H,,L,N,3,0,1,2,A,-,07,21658,A,F,B,C,A,A,H,-,A,D,0,,,,,Y,,A,01,0,1,0,0,0,0,0,0,0,"- ","- ",37.794239044189453,-122.20539093017578,ALAMEDA,OAKLAND,-122.20558929443359,37.794033050537109
91912383,2022,2022-11-08,9370,2022-04-07,2055,022700,,4,2,7,0109,0,1,1,,2,053,"I-580 W/B","38TH STREET OVERSROSSING",36.00,E,N,A,-,Y,ALA,,580,,R,40.379,H,,L,N,1,1,0,2,D,-,00,,,F,G,B,E,A,H,-,D,D,0,Y,,,,Y,,-,"- ",0,0,0,1,0,0,0,0,0,"- ","- ",37.789268493652344,-122.20020294189453,ALAMEDA,OAKLAND,-122.20040893554688,37.789100646972656
91913169,2022,2022-11-08,9370,2022-10-06,1825,022863,,4,2,7,0109,0,1,1,,2,052,"I-580 W/B","TWIN OAKS WAY",420.00,W,N,A,-,Y,ALA,,580,,R,36.682,H,,L,Y,3,0,1,2,A,-,07,21658,A,M,C,C,A,A,H,-,A,D,0,,,,,Y,,-,99,0,1,0,0,0,0,0,0,0,"- ","- ",37.757568359375,-122.14784240722656,ALAMEDA,OAKLAND,-122.14810180664062,37.757625579833984
9191499,2020,2021-01-30,0109,2020-11-16,0801,9567,1,1,5,7,0109,0,0,0,,0,02X,"7TH ST","FILBERT ST",60.00,W,N,A,-,N,,,,,,,,,,N,3,0,1,2,A,-,05,21202,A,N,D,G,A,A,H,-,A,D,0,,Y,,,Y,,L,04,0,1,0,0,0,0,1,0,0,"- ","- ",,,ALAMEDA,OAKLAND,-122.28521728515625,37.803146362304688
9191501,2020,2021-01-30,0109,2020-11-09,0735,9917,1,1,5,7,0109,0,0,0,,0,21X,"DAVIS ST","FRUITVALE AV",0.00,,Y,A,-,N,,,,,,,,,,N,3,0,1,2,A,-,10,21950,A,N,G,B,B,A,H,-,A,A,0,Y,,,,Y,,A,01,0,1,0,0,1,0,0,0,0,"- ","- ",,,ALAMEDA,OAKLAND,-122.22030639648438,37.789878845214844
9191503,2020,2021-01-30,0109,2020-11-20,1703,8660,1,5,5,7,0109,0,0,0,,0,08X,"WEST MACARTHUR BL","LATIMER PL",0.00,,Y,A,-,N,,,,,,,,,,N,3,0,1,2,A,-,03,22350,,N,C,C,A,A,H,-,A,A,0,,,Y,,Y,,C,02,0,1,0,0,0,0,0,0,1,"- ","- ",,,ALAMEDA,OAKLAND,-122.26360321044922,37.825641632080078
9191504,2020,2021-01-30,0109,2020-11-08,2106,9582,2,7,5,7,0109,0,0,0,,0,26X,"INTERNATIONAL BL","46TH AV",0.00,,Y,A,-,N,,,,,,,,,,N,2,0,1,2,A,-,11,21954,A,F,G,B,D,A,H,-,C,A,0,Y,,,,Y,,N,60,1,0,0,0,1,0,0,0,0,"- ","- ",,,ALAMEDA,OAKLAND,-122.21163940429688,37.770851135253906
9191539,2020,2021-01-30,0109,2020-11-13,1920,9094,1,5,5,7,0109,0,0,0,,0,13X,"SHEPHERD CANYON RD","ESCHER DR",500.00,S,N,C,-,N,,,,,,,,,,Y,3,0,1,1,A,-,03,22350,,N,A,J,A,B,H,-,D,D,0,,,,,Y,,A,01,0,1,0,0,0,0,0,0,0,"- ","- ",,,ALAMEDA,OAKLAND,-122.20046234130859,37.829494476318359
91915627,2022,2022-11-11,9370,2022-04-26,0220,021803,,2,3,7,0109,0,1,1,,2,052,"I-580 E/B","KUHLNE AVENUE",20.00,E,N,A,-,Y,ALA,,580,,R,38.991,H,,R,N,2,0,1,2,A,-,03,22350,,N,C,C,A,A,H,-,C,D,0,,,,,Y,,A,01,1,0,0,0,0,0,0,0,0,"- ","- ",37.781528472900391,-122.1746826171875,ALAMEDA,OAKLAND,-122.17453002929688,37.78167724609375
91915687,2022,2022-11-11,9370,2022-10-05,0410,022375,,3,3,7,0109,0,1,1,,2,008,"I-80 E/B","WEST GRAND AVENUE O/C",230.00,S,N,A,-,Y,ALA,,80,,,2.270,H,,R,Y,3,0,1,1,C,-,18,,,N,E,I,A,A,H,-,D,D,0,,,,,Y,,-,"- ",0,1,0,0,0,0,0,0,0,"- ","- ",37.824611663818359,-122.30885314941406,ALAMEDA,OAKLAND,-122.30885314941406,37.824630737304688
91916404,2022,2022-11-14,9370,2022-10-11,0630,022991,,2,1,7,0109,0,1,3,,2,024,"SR-24 W/B","GOLDEN GATE AVE",400.00,E,N,A,-,Y,ALA,,24,,R,4.491,H,,L,Y,3,0,1,3,A,-,03,22350,,N,C,C,A,A,H,-,B,D,0,,,,,Y,,D,22,0,1,0,0,0,0,0,0,0,"- ","- ",37.850078582763672,-122.23931884765625,ALAMEDA,OAKLAND,-122.23931884765625,37.850131988525391
91917889,2022,2022-11-15,9370,2022-10-01,0228,022848,,6,3,7,0109,0,1,3,,2,013,"SR-13 S/B","PARK BLVD",2085.00,S,N,A,-,Y,ALA,,13,,,6.995,H,,L,Y,2,0,1,1,A,-,01,23152,A,N,E,I,A,A,H,-,C,D,0,,,,,Y,Y,D,22,1,0,0,0,0,0,0,0,0,"- ","- ",37.816650390625,-122.20345306396484,ALAMEDA,OAKLAND,-122.20335388183594,37.816699981689453
91917960,2022,2022-11-15,9370,2022-09-09,1320,022858,,5,1,7,0109,0,1,1,,2,054,"I-580 E/B","LAKE PARK AVENUE",200.00,W,N,A,-,Y,ALA,,580,,,43.265,H,,R,N,3,0,1,2,A,-,07,21658,A,M,B,C,A,A,H,-,A,D,0,,,,,Y,,A,07,0,1,0,0,0,0,0,0,0,"- ","- ",37.808540344238281,-122.24259185791016,ALAMEDA,OAKLAND,-122.24250793457031,37.8087158203125
91918395,2022,2022-11-15,9370,2022-11-03,1640,022991,,4,2,7,0109,0,1,1,,2,053,"I-580 E/B","DAVENPORT AVE",500.00,W,N,A,-,Y,ALA,,580,,R,39.657,H,,R,N,3,0,2,2,A,-,03,22350,,N,C,C,A,A,H,-,A,D,0,,,,,Y,,A,01,0,2,0,0,0,0,0,0,0,"- ","- ",37.784061431884766,-122.18578338623047,ALAMEDA,OAKLAND,-122.18577575683594,37.784225463867188
91918415,2022,2022-11-15,9370,2022-11-03,1445,022077,,4,2,7,0109,0,1,1,,2,176,"I-880 S/B","66TH AVENUE",1350.00,S,N,A,-,Y,ALA,,880,,,26.334,H,,L,N,3,0,1,2,A,-,03,22350,,N,C,C,A,A,H,-,A,D,0,,,,Y,Y,,G,25,0,1,0,0,0,0,0,0,0,"- ","- ",37.750629425048828,-122.20535278320312,ALAMEDA,OAKLAND,-122.20533752441406,37.750637054443359
91920010,2022,2022-11-17,9370,2022-09-21,2140,022838,,3,2,7,0109,0,1,1,,2,053,"I-580 E/B","35TH AVE",105.00,W,N,A,-,Y,ALA,,580,,R,40.675,H,,L,N,2,0,1,1,A,-,01,23152,A,N,E,I,A,A,H,-,E,D,0,,,,,Y,Y,A,07,1,0,0,0,0,0,0,0,0,"- ","- ",37.79241943359375,-122.203857421875,ALAMEDA,OAKLAND,-122.20379638671875,37.792461395263672
91920174,2022,2022-11-17,9370,2022-10-06,1730,022699,,4,2,7,0109,0,1,3,,2,013,"SR-13 N/B","REDWOOD AVE",1300.00,S,N,A,-,Y,ALA,,13,,,7.142,H,,R,Y,3,0,1,1,A,-,08,22107,,N,E,I,A,A,H,-,A,D,0,,,,,Y,,A,07,0,1,0,0,0,0,0,0,0,"- ","- ",37.818618774414062,-122.20465850830078,ALAMEDA,OAKLAND,-122.20467376708984,37.818614959716797
91920208,2022,2022-11-17,9335,2022-06-26,2100,022667,,7,2,7,0109,0,1,1,,2,084,"I-80 E/B","CALTRANS WEST PARKING LOT PHYSICAL GORE POINT",2320.00,W,N,A,-,Y,ALA,,80,,R,1.311,H,,R,Y,1,1,2,2,A,-,01,23152,A,N,B,2,A,A,H,-,B,D,0,,,,,Y,Y,D,22,0,0,2,0,0,0,0,0,0,"- ","- ",37.821891784667969,-122.32588195800781,ALAMEDA,OAKLAND,-122.32589721679688,37.822013854980469
91920373,2022,2022-11-17,9370,2022-11-08,1130,022980,,2,1,7,0109,0,1,3,,2,024,"SR-24 W/B","45TH STREET",395.00,E,N,B,C,Y,ALA,,24,,R,2.565,H,,L,N,3,0,1,2,A,-,03,22350,,N,C,C,A,B,H,-,A,D,0,,,,,Y,,A,01,0,1,0,0,0,0,0,0,0,"- ","- ",37.834598541259766,-122.26631164550781,ALAMEDA,OAKLAND,-122.26624298095703,37.834590911865234
9192125,2020,2021-01-06,0109,2020-10-30,1950,8023,1,5,5,7,0109,0,0,0,,0,17Y,"BEAUMONT AV","MACARTHUR BL",0.00,,Y,A,-,Y,ALA,4,580,-,R,42.031,R,4,E,Y,3,0,3,2,A,-,09,21801,A,N,D,C,A,A,H,-,C,A,0,,,,,Y,,A,01,0,1,2,0,0,0,0,0,0,"- ","- ",,,ALAMEDA,OAKLAND,-122.22608184814453,37.80023193359375
91922532,2022,2022-11-21,9370,2022-11-17,0740,022980,,4,1,7,0109,0,1,1,,2,053,"I-580 WESTBOUND","ARDLEY AVENUE",425.00,E,N,A,-,Y,ALA,,580,,R,41.845,H,,L,Y,3,0,1,2,A,-,03,22350,,N,C,C,A,A,H,-,A,D,0,,,,,Y,,A,01,0,1,0,0,0,0,0,0,0,"- ","- ",37.799659729003906,-122.22268676757812,ALAMEDA,OAKLAND,-122.22274017333984,37.799507141113281
91922541,2022,2022-11-21,9370,2022-10-16,0345,022841,,7,3,7,0109,0,1,3,,2,024,"SR-24 W/B","COLLEGE AVE",3190.00,E,N,A,-,Y,ALA,,24,,R,4.314,H,,L,Y,2,0,1,1,A,-,08,22107,,N,E,8,A,A,H,-,D,D,0,,,,,Y,,A,01,1,0,0,0,0,0,0,0,0,"- ","- ",37.849220275878906,-122.24221801757812,ALAMEDA,OAKLAND,-122.24227905273438,37.849292755126953
91922562,2022,2022-11-21,9370,2022-10-18,1900,022856,,2,2,6,0103,0,1,1,,2,081,"I-80 E/B","UNIVERSITY AVENUE",530.00,E,N,A,-,Y,ALA,,80,,,5.954,H,,R,N,3,0,1,2,A,-,07,21658,A,N,B,C,A,A,H,-,C,D,0,,,,,Y,,A,07,0,1,0,0,0,0,0,0,0,"- ","- ",37.868461608886719,-122.30422973632812,ALAMEDA,BERKELEY,-122.30420684814453,37.868465423583984
91924637,2022,2022-11-22,9370,2022-07-04,0058,022800,,1,3,7,0109,0,1,1,,2,054,"I-580 E/B","LAKESHORE AVE",968.00,E,N,B,-,Y,ALA,,580,,,43.309,H,,R,Y,1,1,0,2,C,-,18,,,N,C,C,A,A,H,-,C,D,0,,,Y,,Y,,-,"- ",0,0,0,0,0,0,0,1,0,"- ","- ",37.808799743652344,-122.24329376220703,ALAMEDA,OAKLAND,-122.24323272705078,37.808925628662109
91925121,2022,2022-11-23,9370,2022-11-10,0855,023068,,4,1,7,0109,0,1,3,,2,024,"SR-24 W/B","TUNNEL RD",445.00,E,N,A,-,Y,ALA,,24,,R,5.204,H,,L,N,3,0,2,3,A,-,07,21658,A,N,B,C,A,A,H,-,A,D,0,,,,Y,Y,,F,26,0,2,0,0,0,0,0,0,0,"- ","- ",37.848751068115234,-122.22682189941406,ALAMEDA,OAKLAND,-122.22682189941406,37.848728179931641
91925415,2022,2022-11-23,9370,2022-10-25,1716,022862,,2,2,7,0109,0,1,1,,2,052,"I-580 W/B","SR-13 N/B",900.00,E,N,A,-,Y,,,,,,,,,,Y,3,0,1,3,A,-,07,21658,A,M,B,C,A,A,H,-,A,D,0,,,Y,,Y,,-,99,0,1,0,0,0,0,0,0,1,"- ","- ",37.8248291015625,-122.2659912109375,ALAMEDA,OAKLAND,,
91927068,2022,2022-11-28,9370,2022-09-17,1913,022858,,6,2,7,0109,0,1,1,,2,008,"I-580 E/B","MARITIME STREET",517.00,E,N,A,-,Y,,,,,,,,,,N,3,0,1,1,A,-,08,22107,,N,E,I,A,A,H,-,D,D,0,,,,,Y,,A,01,0,1,0,0,0,0,0,0,0,"- ","- ",37.825088500976562,-122.30325317382812,ALAMEDA,OAKLAND,-122.30330657958984,37.825420379638672
91927070,2022,2022-11-28,9370,2022-10-18,0240,022990,,2,3,6,0103,0,1,1,,2,081,"I-80 E/B","BUCHANAN STREET",1160.00,W,N,A,-,Y,ALA,,80,,R,7.066,H,,R,Y,2,0,1,1,A,-,08,22107,,N,B,J,A,A,H,-,C,D,0,,,,,Y,,A,01,1,0,0,0,0,0,0,0,0,"- ","- ",37.884059906005859,-122.30860137939453,ALAMEDA,BERKELEY,-122.30850982666016,37.884071350097656
91927100,2022,2022-11-28,9370,2022-11-17,0832,022980,,4,1,7,0109,0,1,1,,2,052,"I-580 WESTBOUND","KUHNLE AVENUE",1120.00,E,N,B,-,Y,ALA,,580,,R,38.717,H,,L,Y,3,0,1,3,A,-,03,22350,,N,C,C,A,A,H,-,A,D,0,,,,,Y,,A,01,0,1,0,0,0,0,0,0,0,"- ","- ",37.779338836669922,-122.17031097412109,ALAMEDA,OAKLAND,-122.17040252685547,37.779232025146484
91927167,2022,2022-11-28,9370,2022-11-19,2113,022983,,6,2,7,0109,0,1,1,,2,055,"I-580 W/B","HARRISON STREET",160.00,W,N,A,-,Y,ALA,,580,,,44.398,H,,L,Y,3,0,1,1,A,-,01,23152,A,N,E,I,A,A,H,-,C,D,0,,,,,Y,Y,A,01,0,1,0,0,0,0,0,0,0,"- ","- ",37.819908142089844,-122.255126953125,ALAMEDA,OAKLAND,-122.25521087646484,37.819831848144531
9192862,2020,2020-12-22,0103,2020-10-12,1715,36,20,1,5,6,0103,0,0,0,,0,013,ASHBY,9TH,0.00,,Y,A,-,Y,ALA,4,13,-,-,13.330,I,5,S,Y,2,0,3,3,A,-,08,22107,,N,A,C,A,A,H,-,A,A,0,,,,,Y,,A,01,1,1,1,0,0,0,0,0,0,"- ","- ",,,ALAMEDA,BERKELEY,-122.28938293457031,37.851600646972656
9192866,2020,2020-12-22,0103,2020-10-31,1610,51,,6,5,6,0103,0,0,0,,0,015,"RT 80","GILMAN AV",0.00,,Y,A,-,Y,ALA,4,80,-,-,6.822,R,4,W,N,3,0,1,2,A,-,04,21703,,N,C,C,A,A,H,-,C,A,0,,,,,Y,,A,01,0,1,0,0,0,0,0,0,0,"- ","- ",37.877178192138672,-122.31096649169922,ALAMEDA,BERKELEY,-122.30802154541016,37.880683898925781
9192870,2020,2020-12-22,0103,2020-10-02,0811,112,,5,5,6,0103,0,0,0,,0,011,"ASHBY AV",CALIFORNIA,0.00,,Y,A,-,Y,ALA,4,13,-,-,12.640,I,5,S,N,3,0,1,2,A,-,09,21802,A,N,D,G,A,A,H,-,A,A,0,,Y,,,Y,,A,01,0,1,0,0,0,0,1,0,0,"- ","- ",37.853549957275391,-122.27693176269531,ALAMEDA,BERKELEY,-122.27694702148438,37.853565216064453
91928706,2022,2022-11-29,9370,2022-10-14,0530,022830,,5,3,7,0109,0,1,1,,2,052,"I-580 WB","FOOTHILL BLVD",900.00,E,N,A,-,Y,ALA,,580,,R,34.873,H,,L,Y,2,0,1,2,A,-,03,22350,,F,C,C,A,A,H,-,D,D,0,,,,,Y,Y,-,99,1,0,0,0,0,0,0,0,0,"- ","- ",37.735221862792969,-122.13976287841797,ALAMEDA,OAKLAND,-122.14005279541016,37.735179901123047
91929083,2022,2022-11-29,9370,2022-10-20,0050,022831,,4,3,6,0103,0,1,1,,2,080,"I-80 W/B","GILMAN ST",2363.00,W,N,A,-,Y,ALA,,80,,,6.194,H,,L,N,3,0,1,2,A,-,01,23152,A,N,C,C,A,A,H,-,C,D,0,,,,,Y,Y,A,01,0,1,0,0,0,0,0,0,0,"- ","- ",37.871768951416016,-122.30554962158203,ALAMEDA,BERKELEY,-122.30547332763672,37.871784210205078
91929084,2022,2022-11-29,9370,2022-11-08,0235,023081,,2,3,7,0109,0,1,1,,2,179,"I-880 N/B TO I-80 E/B","POWELL ST",2640.00,S,N,C,-,Y,ALA,,880,,R,35.417,H,,R,Y,2,0,1,1,A,-,03,22350,,N,E,9,A,B,H,-,D,D,0,,,,Y,Y,,F,25,1,0,0,0,0,0,0,0,0,"- ","- ",37.830810546875,-122.29347991943359,ALAMEDA,OAKLAND,-122.29345703125,37.830810546875
91930285,2022,2022-11-30,9370,2022-11-08,1212,022280,,2,1,7,0109,0,1,1,,2,008,"I-80 E/B","I-580 W/B TO I-80 W/B",1.00,W,N,B,C,Y,ALA,,80,,,3.100,H,,R,N,3,0,1,1,A,-,03,22350,,N,E,I,A,B,H,-,A,D,0,,,,,Y,,A,01,0,1,0,0,0,0,0,0,0,"- ","- ",37.827960968017578,-122.29441070556641,ALAMEDA,OAKLAND,-122.29447174072266,37.827999114990234
9193079,2020,2021-01-05,0109,2020-08-19,1330,8862,1,3,5,7,0109,0,0,0,,0,03X,"7TH ST","MARTIN LUTHER KING JR WY",0.00,,Y,A,-,N,,,,,,,,,,N,3,0,2,4,A,-,01,23152,A,N,D,C,A,A,H,-,A,A,0,,,,,Y,Y,A,01,0,1,1,0,0,0,0,0,0,"- ","- ",,,ALAMEDA,OAKLAND,-122.27899169921875,37.801349639892578
9193096,2020,2021-01-04,0109,2020-10-14,1454,8914,1,3,5,7,0109,0,0,0,,0,02Y,"7TH ST","WILLOW ST",0.00,,Y,A,-,N,,,,,,,,,,Y,3,0,1,2,A,-,"- ",,,N,C,C,A,A,H,-,A,A,0,,,,,Y,,J,48,0,1,0,0,0,0,0,0,0,"- ","- ",,,ALAMEDA,OAKLAND,-122.30088043212891,37.806560516357422
91931882,2022,2022-12-01,9370,2022-11-13,2150,022831,,7,2,6,0103,0,1,1,,2,081,"I-80 E/B","UNIVERSITY AVE",1820.00,W,N,A,-,Y,ALA,,80,,,5.483,H,,R,N,3,0,1,3,A,-,01,23152,A,N,C,C,A,A,H,-,C,D,0,,,,,Y,Y,A,01,0,1,0,0,0,0,0,0,0,"- ","- ",37.861801147460938,-122.30227661132812,ALAMEDA,BERKELEY,-122.30223083496094,37.861808776855469
91932290,2022,2022-12-02,9370,2022-11-18,1229,022980,,5,1,6,0103,0,1,1,,2,081,"I-80 EASTBOUND","ASHBY AVENUE",1030.00,E,N,A,-,Y,ALA,,80,,,4.779,H,,R,N,3,0,1,2,A,-,03,22350,,N,C,C,A,A,H,-,A,D,0,,,,Y,Y,,F,25,0,1,0,0,0,0,0,0,0,"- ","- ",37.851829528808594,-122.29940032958984,ALAMEDA,BERKELEY,-122.29951477050781,37.851810455322266
91932760,2022,2022-12-02,9370,2022-11-18,0020,022980,,5,3,6,0103,0,1,1,,2,081,"I-80 WESTBOUND TO CLEVELAND AVENUE","CLEVELAND AVENUE",20.00,E,N,A,-,Y,,,,,,,,,,Y,3,0,1,1,A,-,03,22350,,N,E,8,A,A,H,-,B,D,0,,,,,Y,,A,07,0,1,0,0,0,0,0,0,0,"- ","- ",37.891941070556641,-122.30800628662109,ALAMEDA,BERKELEY,-122.307861328125,37.891071319580078
91933676,2022,2022-12-05,9370,2022-11-09,0853,022845,,3,1,7,0109,0,1,1,,2,176,"I-880 N/B","HIGH STREET",2208.00,S,N,A,-,Y,ALA,,880,,,27.387,H,,R,N,3,0,1,2,A,-,03,22350,,N,C,C,A,A,H,-,A,D,0,,,,,Y,,A,01,0,1,0,0,0,0,0,0,0,"- ","- ",37.763141632080078,-122.21614074707031,ALAMEDA,OAKLAND,-122.21601867675781,37.763206481933594
91934018,2022,2022-12-05,9370,2022-10-29,0105,022841,,6,3,7,0109,0,1,1,,2,177,"I-880 S/B FROM BROADWAY","JACKSON ST",830.00,N,N,A,-,Y,ALA,,880,,,31.394,H,,L,N,3,0,1,1,A,-,08,22107,,N,E,8,A,A,H,-,D,D,0,,,Y,,Y,Y,C,02,0,1,0,0,0,0,0,0,1,"- ","- ",37.796958923339844,-122.27172088623047,ALAMEDA,OAKLAND,-122.27162170410156,37.797119140625
91935081,2022,2022-12-06,9370,2022-11-10,0845,022922,,4,1,6,0103,1,4,S,,2,901,"CHANNING WAY","DANA ST",415.00,W,N,A,-,N,,,,,,,,,,N,3,0,1,2,A,-,08,22107,,N,B,G,A,A,H,-,A,D,0,,Y,,,Y,,L,04,0,1,0,0,0,0,1,0,0,"- ","- ",37.866420745849609,-122.2625732421875,ALAMEDA,BERKELEY,-122.26248931884766,37.866428375244141
91937026,2022,2022-12-08,9370,2022-11-22,1330,022813,,2,1,7,0109,0,1,3,,2,024,"SR-24 E/B","CALDECOTT TUNL",299.00,W,N,A,-,Y,ALA,,24,,R,5.876,H,,R,N,3,0,1,2,A,-,03,22350,,N,C,C,A,A,H,-,A,D,0,,,,,Y,,D,22,0,1,0,0,0,0,0,0,0,"- ","- ",37.854549407958984,-122.21836853027344,ALAMEDA,OAKLAND,-122.21834564208984,37.854450225830078
91937028,2022,2022-12-08,9370,2022-11-21,0620,022280,,1,1,7,0109,0,1,3,,2,025,"SR-24 W/B","MARKET STREET",150.00,E,N,A,-,Y,ALA,,580,,,45.532,H,,R,N,3,0,1,3,A,-,03,22350,,N,C,C,A,A,H,-,A,D,0,,,,,Y,,A,01,0,1,0,0,0,0,0,0,0,"- ","- ",37.825969696044922,-122.27443695068359,ALAMEDA,OAKLAND,-122.27448272705078,37.825839996337891
91937450,2022,2022-12-08,9370,2022-02-20,0030,022699,,7,3,7,0109,0,1,1,,2,178,"I-880 N/B","ADELINE ST",400.00,S,N,A,-,Y,ALA,,880,,R,32.368,H,,R,Y,1,1,0,2,A,-,01,23152,G,N,C,2,A,A,H,-,D,D,0,,,Y,,Y,Y,A,01,0,0,0,0,0,0,0,1,0,"- ","- ",37.802989959716797,-122.28765106201172,ALAMEDA,OAKLAND,-122.28765106201172,37.803016662597656
91937815,2022,2022-12-08,9370,2022-11-09,1633,019059,,3,2,7,0109,0,1,3,,2,025,"SR-24 W/B TO TELEGRAPH AVENUE","TELEGRAPH AVENUE",387.00,E,N,A,-,Y,,,,,,,,,,N,3,0,1,2,A,-,03,22350,,N,G,B,E,A,H,-,A,D,0,Y,,,,Y,,A,01,0,1,0,0,1,0,0,0,0,"- ","- ",37.842571258544922,-122.25917053222656,ALAMEDA,OAKLAND,-122.25917053222656,37.842571258544922
91942103,2022,2022-12-14,9370,2022-12-05,0920,018499,,1,1,7,0109,0,1,1,,2,009,"I-80 W/B","I-80 W/B TO I-880 S/B TRANSITION",735.00,W,N,B,-,Y,ALA,,80,,,3.022,H,,L,Y,3,0,1,1,A,-,03,22350,,N,F,I,A,B,H,-,A,D,0,,,Y,,Y,,C,02,0,1,0,0,0,0,0,0,1,"- ","- ",37.827739715576172,-122.29609680175781,ALAMEDA,OAKLAND,-122.29603576660156,37.827655792236328
91942189,2022,2022-12-14,9370,2022-12-03,1448,022980,,6,2,6,0103,0,1,1,,2,081,"I-80 EASTBOUND","BUCHANAN STREET",2215.00,W,N,B,C,Y,ALA,,80,,,6.879,H,,R,N,3,0,1,2,D,-,00,,,N,C,C,A,B,H,-,A,D,0,,,,,Y,,-,"- ",0,1,0,0,0,0,0,0,0,"- ","- ",37.881439208984375,-122.30792236328125,ALAMEDA,BERKELEY,-122.30796813964844,37.881435394287109
91944296,2022,2022-12-16,9370,2022-12-03,1303,022941,,6,1,7,0109,0,1,1,,2,052,"I-580 W/B","EDWARDS AVE",1440.00,W,N,B,C,Y,ALA,,580,,R,38.595,H,,L,Y,3,0,1,2,A,-,03,22350,,N,C,C,A,B,H,-,A,D,0,,,Y,,Y,,C,02,0,1,0,0,0,0,0,0,1,"- ","- ",37.778461456298828,-122.16838836669922,ALAMEDA,OAKLAND,-122.16853332519531,37.778278350830078
91945280,2022,2022-12-19,9370,2022-12-06,0708,022941,,2,1,7,0109,0,1,1,,2,055,"I-580 W/B TO I-80 E/B","34TH ST",1918.00,W,N,B,-,Y,ALA,,880,,R,35.311,H,,R,N,3,0,1,1,A,-,03,22350,,N,E,I,A,B,H,-,A,D,0,,,,,Y,,D,22,0,1,0,0,0,0,0,0,0,"- ","- ",37.829391479492188,-122.29340362548828,ALAMEDA,OAKLAND,-122.29316711425781,37.829441070556641
91945302,2022,2022-12-19,9370,2022-12-09,1740,022980,,5,2,7,0109,0,1,1,,2,177,"I-880 SOUTHBOUND","16TH AVENUE",3650.00,N,N,B,-,Y,ALA,,880,,,30.362,H,,L,Y,3,0,1,2,A,-,03,22350,,N,C,C,A,A,H,-,B,D,0,,,,,Y,,A,01,0,1,0,0,0,0,0,0,0,"- ","- ",37.789470672607422,-122.25641632080078,ALAMEDA,OAKLAND,-122.25638580322266,37.789592742919922