CASE_ID,ACCIDENT_YEAR,PROC_DATE,JURIS,COLLISION_DATE,COLLISION_TIME,OFFICER_ID,REPORTING_DISTRICT,DAY_OF_WEEK,CHP_SHIFT,POPULATION,CNTY_CITY_LOC,SPECIAL_COND,BEAT_TYPE,CHP_BEAT_TYPE,CITY_DIVISION_LAPD,CHP_BEAT_CLASS,BEAT_NUMBER,PRIMARY_RD,SECONDARY_RD,DISTANCE,DIRECTION,INTERSECTION,WEATHER_1,WEATHER_2,STATE_HWY_IND,CALTRANS_COUNTY,CALTRANS_DISTRICT,STATE_ROUTE,ROUTE_SUFFIX,POSTMILE_PREFIX,POSTMILE,LOCATION_TYPE,RAMP_INTERSECTION,SIDE_OF_HWY,TOW_AWAY,COLLISION_SEVERITY,NUMBER_KILLED,NUMBER_INJURED,PARTY_COUNT,PRIMARY_COLL_FACTOR,PCF_CODE_OF_VIOL,PCF_VIOL_CATEGORY,PCF_VIOLATION,PCF_VIOL_SUBSECTION,HIT_AND_RUN,TYPE_OF_COLLISION,MVIW,PED_ACTION,ROAD_SURFACE,ROAD_COND_1,ROAD_COND_2,LIGHTING,CONTROL_DEVICE,CHP_ROAD_TYPE,PEDESTRIAN_ACCIDENT,BICYCLE_ACCIDENT,MOTORCYCLE_ACCIDENT,TRUCK_ACCIDENT,NOT_PRIVATE_PROPERTY,ALCOHOL_INVOLVED,STWD_VEHTYPE_AT_FAULT,CHP_VEHTYPE_AT_FAULT,COUNT_SEVERE_INJ,COUNT_VISIBLE_INJ,COUNT_COMPLAINT_PAIN,COUNT_PED_KILLED,COUNT_PED_INJURED,COUNT_BICYCLIST_KILLED,COUNT_BICYCLIST_INJURED,COUNT_MC_KILLED,COUNT_MC_INJURED,PRIMARY_RAMP,SECONDARY_RAMP,LATITUDE,LONGITUDE,COUNTY,CITY,POINT_X,POINT_Y
91945312,2022,2022-12-19,9370,2022-11-13,1709,022990,,7,2,7,0109,0,1,1,,2,054,"I-580 E/B","GRAND AVE",475.00,W,N,A,-,Y,ALA,,580,,,43.728,H,,R,N,2,0,1,1,C,-,18,,,N,F,A,A,A,H,-,A,D,0,,,Y,,Y,,-,"- ",1,0,0,0,0,0,0,0,1,"- ","- ",37.811328887939453,-122.25007629394531,ALAMEDA,OAKLAND,-122.24983215332031,37.811454772949219
91946656,2022,2022-12-20,9370,2022-11-19,0002,022848,,6,3,7,0109,0,1,1,,2,176,"I-880 N/B","HEGENBERGER RD",1250.00,S,N,A,-,Y,ALA,,880,,,25.254,H,,R,Y,3,0,1,3,A,-,03,22350,,N,C,C,A,A,H,-,C,D,0,,,,,Y,,A,01,0,1,0,0,0,0,0,0,0,"- ","- ",37.737770080566406,-122.19378662109375,ALAMEDA,OAKLAND,-122.19373321533203,37.737800598144531
91946665,2022,2022-12-20,9370,2022-11-24,1645,022922,,4,2,7,0109,0,1,1,,2,008,"I-80 E/B","W. GRAND AVE",1400.00,E,N,A,-,Y,ALA,,80,,,2.502,H,,R,Y,2,0,1,3,A,-,07,21658,A,M,B,C,A,A,H,-,B,D,0,,,Y,,Y,,-,99,1,0,0,0,0,0,0,0,1,"- ","- ",37.825160980224609,-122.30473327636719,ALAMEDA,OAKLAND,-122.30474090576172,37.825180053710938
91947090,2022,2022-12-20,9370,2022-12-13,1930,023068,,2,2,6,0103,0,1,1,,2,081,"I-80 E/B","BUCHANAN ST",485.00,W,N,A,-,Y,ALA,,80,,R,7.228,H,,R,N,3,0,1,3,A,-,03,22350,,N,C,C,A,A,H,-,C,D,0,,,,,Y,,A,01,0,1,0,0,0,0,0,0,0,"- ","- ",37.886371612548828,-122.30902862548828,ALAMEDA,BERKELEY,-122.3089599609375,37.886375427246094
91947322,2022,2022-12-20,9370,2022-12-06,2154,022821,,2,2,7,0109,0,1,1,,2,008,"I-80 W/B","SAN FRANSICO OAKLAND BAY BRIDGE TOLL PLAZA",388.00,E,N,A,-,Y,,,,,,,,,,Y,3,0,1,2,A,-,07,21658,A,N,D,C,A,A,H,-,C,B,0,,,,,Y,,A,07,0,1,0,0,0,0,0,0,0,"- ","- ",37.824691772460938,-122.31246948242188,ALAMEDA,OAKLAND,-122.31248474121094,37.825008392333984
91947401,2022,2022-12-20,9370,2022-12-08,1210,022845,,4,1,7,0109,0,1,1,,2,178,"I-880 S/B","WEST GRAND AVE",2444.00,S,N,B,-,Y,ALA,,880,,R,34.064,H,,L,Y,3,0,1,2,A,-,05,21651,B,N,D,C,A,A,H,-,A,D,0,,,,,Y,,A,07,0,1,0,0,0,0,0,0,0,"- ","- ",37.814788818359375,-122.30068969726562,ALAMEDA,OAKLAND,-122.30072784423828,37.814823150634766
91948289,2022,2022-12-21,9370,2022-12-08,1725,022858,,4,2,7,0109,0,1,1,,2,055,"I-580 W/B TO I-80 WB","MANDELA PARKWAY",1941.00,W,N,B,C,Y,ALA,,580,,,46.726,H,,R,Y,3,0,1,1,A,-,08,22107,,N,E,I,A,B,H,-,D,D,0,,,,,Y,,A,01,0,1,0,0,0,0,0,0,0,"- ","- ",37.827278137207031,-122.29640197753906,ALAMEDA,OAKLAND,-122.29641723632812,37.827312469482422
91948374,2022,2022-12-21,9370,2022-12-03,0105,022529,,6,3,7,0109,0,1,1,,2,177,"I-880 S/B TO 23RD AVENUE","23RD AVENUE",965.00,N,N,B,-,Y,ALA,,880,,,29.164,H,,L,N,2,0,1,2,A,-,01,23152,A,N,D,C,A,A,H,-,C,D,0,,,,,Y,Y,A,07,1,0,0,0,0,0,0,0,0,"- ","- ",37.780258178710938,-122.23860931396484,ALAMEDA,OAKLAND,-122.23846435546875,37.780292510986328
91949018,2022,2022-12-22,9335,2022-10-18,0605,020772,,2,1,7,0109,0,1,1,,1,082,"I-80 WB","SFOBB METERING LIGHTS",40.00,E,N,A,-,Y,ALA,,80,,,1.801,H,,L,N,3,0,1,2,A,-,03,22350,,M,C,C,A,A,H,-,B,D,0,,,,,Y,,-,99,0,1,0,0,0,0,0,0,0,"- ","- ",37.824108123779297,-122.31720733642578,ALAMEDA,OAKLAND,-122.31723022460938,37.824172973632812
91949157,2022,2022-12-22,9370,2022-12-14,1115,022487,,3,1,7,0109,0,1,1,,2,176,"I-880 N/B","HEGENBERGER RD",95.00,N,N,A,-,Y,ALA,,880,,,25.539,H,,R,Y,2,0,2,4,A,-,03,22350,,N,C,2,A,A,H,-,A,D,0,,,,Y,Y,,G,27,1,1,0,0,0,0,0,0,0,"- ","- ",37.741268157958984,-122.19680786132812,ALAMEDA,OAKLAND,-122.19680023193359,37.741275787353516
91949216,2022,2022-12-22,9370,2022-11-18,2225,022859,,5,3,7,0109,0,1,3,,2,013,"SR-13 S/B TO REDWOOD ROAD","REDWOOD RD",285.00,W,N,A,-,Y,ALA,,13,,,5.467,H,,L,Y,3,0,1,1,A,-,01,23152,A,N,E,I,A,A,H,-,A,D,0,,,,,Y,Y,A,01,0,1,0,0,0,0,0,0,0,"- ","- ",37.799339294433594,-122.18643188476562,ALAMEDA,OAKLAND,-122.18628692626953,37.799434661865234
91949311,2022,2022-12-22,9370,2022-09-10,1819,022990,,6,2,7,0109,0,1,3,,2,024,"SR-24 W/B TO SR-13 S/B","SR-13 S/B",2227.00,S,N,A,-,Y,,,,,,,,,,Y,2,0,1,1,A,-,03,22350,,F,E,I,A,A,H,-,A,D,0,,,,,Y,,A,01,1,0,0,0,0,0,0,0,0,"- ","- ",37.849590301513672,-122.23201751708984,ALAMEDA,OAKLAND,-122.23201751708984,37.849590301513672
91952721,2022,2022-12-27,9370,2022-11-28,0030,022800,,1,3,7,0109,0,1,1,,2,176,"I-880 S/B","HIGH ST",1796.00,S,N,A,-,Y,ALA,,880,,,27.446,H,,L,Y,3,0,1,2,A,-,08,22107,,F,B,E,A,A,H,-,C,D,0,,,,,Y,,A,01,0,1,0,0,0,0,0,0,0,"- ","- ",37.763851165771484,-122.21708679199219,ALAMEDA,OAKLAND,-122.21699523925781,37.763900756835938
91952759,2022,2022-12-27,9370,2022-12-02,0105,022800,,5,3,7,0109,0,1,1,,2,055,"I-580 W/B","PERALTA ST",528.00,W,N,A,-,Y,ALA,,580,,,45.993,H,,R,Y,2,0,2,2,A,-,07,21658,A,F,B,C,A,A,H,-,C,D,0,,,,,Y,,-,99,1,0,1,0,0,0,0,0,0,"- ","- ",37.827579498291016,-122.28314971923828,ALAMEDA,OAKLAND,-122.28314971923828,37.827587127685547
91952827,2022,2022-12-27,9345,2022-12-17,1655,023079,,6,2,7,0109,0,1,S,,2,904,"I-980 WESTBOUND","17TH STREET",20.00,W,N,A,-,Y,ALA,,980,,,0.847,H,,L,N,3,0,1,2,A,-,08,22107,,F,F,8,A,A,H,-,C,D,0,,,,,Y,,-,99,0,1,0,0,0,0,0,0,0,"- ","- ",37.808948516845703,-122.27700805664062,ALAMEDA,OAKLAND,-122.27680206298828,37.808856964111328
91954026,2022,2023-10-04,9370,2022-12-17,0910,022974,,6,1,7,0109,0,1,1,,2,052,"I-580 E/B","DUTTON AVENUE",2045.00,W,N,A,-,Y,ALA,,580,,R,36.006,H,,R,Y,3,0,1,3,A,-,21,22106,,M,H,C,A,A,H,-,A,D,0,,,,,Y,,A,01,0,1,0,0,0,0,0,0,0,"- ","- ",37.748851776123047,-122.15101623535156,ALAMEDA,OAKLAND,-122.15074157714844,37.748935699462891
91954061,2022,2022-12-28,9370,2022-11-12,0020,022854,,6,3,7,0109,0,1,1,,2,176,"I-880 N/B","HEGENBERGER RD",2053.00,S,N,A,-,Y,ALA,,880,,,25.093,H,,R,Y,3,0,2,4,A,-,03,22350,,N,C,C,A,A,H,-,D,D,0,,,,,Y,,A,01,0,2,0,0,0,0,0,0,0,"- ","- ",37.735851287841797,-122.192138671875,ALAMEDA,OAKLAND,-122.19207000732422,37.735889434814453
9195448,2020,2021-01-21,0109,2020-10-01,1610,9922,2,4,5,7,0109,0,0,0,,0,26X,"HAMILTON ST","75TH AV",20.00,S,N,A,-,N,,,,,,,,,,Y,3,0,1,2,A,-,12,22450,A,N,B,C,A,A,H,-,A,D,0,,,,,Y,,A,01,0,1,0,0,0,0,0,0,0,"- ","- ",,,ALAMEDA,OAKLAND,-122.18967437744141,37.755786895751953
9195460,2020,2021-02-23,0109,2020-12-19,1832,9812,1,6,5,7,0109,0,0,0,,0,06X,"40TH ST","MARTIN LUTHER KING JR WY",700.00,W,N,A,-,N,,,,,,,,,,N,3,0,1,2,-,-,"- ",,,N,B,G,A,A,H,-,C,C,0,,Y,,,Y,,L,04,0,1,0,0,0,0,1,0,0,"- ","- ",,,ALAMEDA,OAKLAND,-122.27080535888672,37.830142974853516
91955750,2022,2022-12-29,9370,2022-12-16,1740,022980,,5,2,7,0109,0,1,1,,2,053,"I-580 WESTBOUND","EDWARDS AVENUE",300.00,W,N,A,-,Y,ALA,,580,,R,38.380,H,,L,Y,3,0,1,3,A,-,03,22350,,N,C,C,A,A,H,-,B,D,0,,,,,Y,,A,01,0,1,0,0,0,0,0,0,0,"- ","- ",37.776920318603516,-122.16500091552734,ALAMEDA,OAKLAND,-122.16513061523438,37.7767333984375
91956219,2022,2022-12-30,9370,2022-12-02,1040,022974,,5,1,7,0109,0,1,1,,2,052,"I-580 W/B","KELLER AVENUE",1100.00,E,N,A,-,Y,ALA,,580,,R,37.574,H,,L,Y,3,0,1,1,A,-,08,22107,,N,B,I,A,A,H,-,A,D,0,,,,,Y,,A,01,0,1,0,0,0,0,0,0,0,"- ","- ",37.769290924072266,-122.15408325195312,ALAMEDA,OAKLAND,-122.15428161621094,37.769210815429688
91956269,2022,2022-12-30,9320,2022-12-18,0038,022908,,7,3,7,0109,0,1,S,,2,904,"I-580 E/B","SR-24 E/B",1921.00,W,N,A,-,Y,ALA,,580,,,44.790,H,,R,Y,3,0,2,2,A,-,01,23152,A,N,C,C,A,A,H,-,C,A,0,,,,,Y,Y,A,07,0,2,0,0,0,0,0,0,0,"- ","- ",37.822959899902344,-122.26145935058594,ALAMEDA,OAKLAND,-122.26148986816406,37.822868347167969
91956309,2022,2022-12-30,9370,2022-12-10,1635,022862,,6,2,7,0109,0,1,1,,2,179,"I-880 N/B TO I-80 E/B","POWELL ST",1696.00,S,N,B,-,Y,ALA,,880,,R,35.613,H,,R,Y,2,0,1,1,A,-,08,22107,,N,E,I,A,B,H,-,A,D,0,,,,Y,Y,,F,25,1,0,0,0,0,0,0,0,0,"- ","- ",37.833648681640625,-122.29425811767578,ALAMEDA,OAKLAND,-122.29435729980469,37.833614349365234
91960616,2022,2023-01-05,9370,2022-11-12,0540,022856,,6,3,7,0109,0,1,1,,2,008,"I-80 E/B","POWELL STREET",3925.00,W,N,A,-,Y,ALA,,80,,,3.065,H,,R,Y,3,0,1,3,A,-,03,22350,,N,D,2,E,B,H,-,D,D,0,Y,,,,Y,,D,22,0,1,0,0,1,0,0,0,0,"- ","- ",37.827610015869141,-122.29488372802734,ALAMEDA,OAKLAND,-122.29490661621094,37.827640533447266
91961048,2022,2023-01-05,9370,2022-09-02,2140,022375,,5,2,6,0103,0,1,1,,2,081,"I-80 W/B","WEST ASHBY AVE OVERCROSSING",107.00,E,N,A,-,Y,ALA,,80,,,4.608,H,,L,N,3,0,1,1,A,-,01,23152,A,M,E,I,A,A,H,-,D,D,0,,,,,Y,Y,A,01,0,1,0,0,0,0,0,0,0,"- ","- ",37.849361419677734,-122.29940795898438,ALAMEDA,BERKELEY,-122.29913330078125,37.849391937255859
91961176,2022,2023-01-05,9370,2022-12-04,1430,022863,,7,2,7,0109,0,1,3,,2,024,"SR-24 W/B","OLD TUNNEL RD",330.00,E,N,A,-,Y,,,,,,,,,,N,3,0,1,2,A,-,07,21658,A,F,C,C,A,A,H,-,C,D,0,,,,,Y,,-,99,0,1,0,0,0,0,0,0,0,"- ","- ",37.857040405273438,-122.21414947509766,ALAMEDA,OAKLAND,-122.21432495117188,37.857200622558594
91962757,2022,2023-01-09,9370,2022-11-21,2110,022821,,1,2,7,0109,0,1,1,,2,008,"I-80 W/B TO I-880 S/B","POWELL ST",3360.00,W,N,A,-,Y,ALA,,880,,R,35.251,H,,L,Y,3,0,1,2,A,-,08,22107,,N,F,A,A,A,H,-,D,D,0,,,Y,,Y,,C,02,0,1,0,0,0,0,0,0,1,"- ","- ",37.828990936279297,-122.29383087158203,ALAMEDA,OAKLAND,-122.29384613037109,37.828987121582031
91962778,2022,2023-01-09,9370,2022-11-06,1446,022990,,7,2,7,0109,0,1,1,,2,054,"I-580 W/B","GRAND AVE",615.00,W,N,A,-,Y,ALA,,580,,,43.760,H,,L,Y,3,0,1,2,A,-,01,23152,A,N,C,C,A,A,H,-,A,D,0,,,,,Y,Y,A,01,0,1,0,0,0,0,0,0,0,"- ","- ",37.811859130859375,-122.25009918212891,ALAMEDA,OAKLAND,-122.25034332275391,37.811771392822266
91963078,2022,2023-01-09,9370,2022-09-23,1655,022863,,5,2,6,0103,0,1,1,,2,081,"I-80 W/B","UNIVERSITY AVE",2210.00,W,N,A,-,Y,ALA,,80,,,5.410,H,,L,Y,2,0,1,2,A,-,03,22350,,M,B,C,A,A,H,-,A,D,0,,,Y,Y,Y,,C,02,1,0,0,0,0,0,0,0,1,"- ","- ",37.860759735107422,-122.30217742919922,ALAMEDA,BERKELEY,-122.30219268798828,37.860755920410156
91963230,2022,2023-01-09,9370,2022-12-22,2145,022529,,4,2,7,0109,0,1,1,,2,053,"I-580 E/B","35TH AVE",1590.00,W,N,C,-,Y,ALA,,580,,R,40.960,H,,R,Y,3,0,1,2,A,-,01,23152,A,F,C,C,A,B,H,-,D,D,0,,,,,Y,,A,01,0,1,0,0,0,0,0,0,0,"- ","- ",37.795040130615234,-122.20767974853516,ALAMEDA,OAKLAND,-122.20753479003906,37.795238494873047
91964596,2022,2023-01-10,9370,2022-12-29,0310,022919,,4,3,6,0103,0,1,1,,2,081,"I-80 W/B","GILMAN ST",1350.00,E,N,C,-,Y,ALA,,80,,R,6.909,H,,L,Y,3,0,2,2,A,-,03,22350,,N,B,2,A,B,H,-,C,D,0,,,,Y,Y,,A,01,0,1,1,0,0,0,0,0,0,"- ","- ",37.881858825683594,-122.30814361572266,ALAMEDA,BERKELEY,-122.30828857421875,37.8818359375
91965422,2022,2023-01-11,9370,2022-12-29,0952,022974,,4,1,7,0109,0,1,1,,2,052,"I-580 W/B","SEMINARY AVE",1340.00,E,N,B,-,Y,ALA,,580,,R,38.684,H,,L,Y,3,0,1,1,A,-,08,22107,,N,F,A,A,B,H,-,A,D,0,,,,,Y,,A,07,0,1,0,0,0,0,0,0,0,"- ","- ",37.779109954833984,-122.16976928710938,ALAMEDA,OAKLAND,-122.16989898681641,37.778961181640625
91965454,2022,2023-01-11,9370,2022-12-30,0540,022974,,5,3,7,0109,0,1,3,,2,013,"SR-13 S/B","LINCOLN AVE",815.00,N,N,C,-,Y,ALA,,13,,,6.703,H,,L,Y,3,0,1,1,A,-,03,22350,,N,E,I,A,B,H,-,D,D,0,,,,,Y,,A,01,0,1,0,0,0,0,0,0,0,"- ","- ",37.813079833984375,-122.20057678222656,ALAMEDA,OAKLAND,-122.20053863525391,37.813102722167969
91965648,2022,2023-01-11,9370,2022-12-31,0616,022845,,6,1,7,0109,0,1,1,,2,177,"I-880 N/B","23RD AVE",1041.00,N,N,B,C,Y,ALA,,880,,,29.237,H,,R,Y,2,0,2,2,C,-,18,,,N,D,2,A,B,H,-,D,B,0,,,,,Y,,-,"- ",2,0,0,0,0,0,0,0,0,"- ","- ",37.781570434570312,-122.23880767822266,ALAMEDA,OAKLAND,-122.23867034912109,37.781600952148438
91967562,2022,2023-01-13,9370,2022-11-17,0156,023081,,4,3,7,0109,0,1,3,,2,024,"SR-24 W/B FROM 51ST STREET","SHATTUCK AVE",420.00,W,N,A,-,Y,ALA,,24,,R,2.797,H,,L,N,2,0,1,2,A,-,13,22515,A,F,G,B,E,A,H,-,D,D,0,Y,,,,Y,,M,59,1,0,0,0,1,0,0,0,0,"- ","- ",37.837940216064453,-122.26582336425781,ALAMEDA,OAKLAND,-122.26555633544922,37.837890625
91968698,2022,2023-01-16,9370,2022-12-31,0600,022974,,6,1,7,0109,0,1,1,,2,054,"I-580 E/B TO GRAND AVENUE","GRAND AVE",680.00,W,N,C,-,Y,,,,,,,,,,Y,3,0,1,1,A,-,08,22107,,N,F,I,A,B,H,-,D,D,0,,,,,Y,,A,07,0,1,0,0,0,0,0,0,0,"- ","- ",37.484199523925781,-122.15016937255859,ALAMEDA,OAKLAND,-122.24907684326172,37.810539245605469
91968889,2022,2023-01-16,9370,2022-10-27,1735,022529,,4,2,7,0109,0,1,1,,2,008,"I-80 W/B","I-880 NORTHBOUND TO I-80 WESTBOUND OVERCROSSING",810.00,E,N,A,-,Y,ALA,,80,,,2.621,H,,L,N,2,0,1,2,A,-,03,22350,,M,C,C,A,A,H,-,A,D,0,,,Y,,Y,,C,02,1,0,0,0,0,0,0,0,1,"- ","- ",37.825851440429688,-122.30245208740234,ALAMEDA,OAKLAND,-122.30249786376953,37.826007843017578
91969329,2022,2023-01-17,9370,2022-12-19,1620,022863,,1,2,6,0103,0,1,1,,2,081,"I-80 E/B","UNIVERSITY AVE PEDESTRIAN OVERCROSSING",1225.00,W,N,A,-,Y,ALA,,80,,,5.439,H,,R,N,2,0,1,2,A,-,07,21658,A,F,B,C,A,A,H,-,A,D,0,,,Y,,Y,,-,99,1,0,0,0,0,0,0,0,1,"- ","- ",37.861171722412109,-122.30216217041016,ALAMEDA,BERKELEY,-122.30205535888672,37.861186981201172
9196990,2020,2021-01-21,0109,2020-10-08,1325,9848,2,4,5,7,0109,0,0,0,,0,32X,"INTERNATIONAL BL","104TH AV",25.00,W,N,A,-,N,,,,,,,,,,N,3,0,1,2,A,-,17,22517,,N,H,G,A,A,H,-,A,D,0,,Y,,Y,Y,,F,26,0,1,0,0,0,0,1,0,0,"- ","- ",,,ALAMEDA,OAKLAND,-122.16750335693359,37.740348815917969
9197137,2020,2020-12-19,0109,2020-10-23,1640,9094,1,5,5,7,0109,0,0,0,,0,07X,"SAN PABLO AV","32ND ST",3.00,E,N,A,-,N,,,,,,,,,,Y,2,0,1,2,A,-,08,22100,B,F,D,C,A,A,H,-,A,D,0,,,Y,,Y,,A,01,1,0,0,0,0,0,0,0,1,"- ","- ",,,ALAMEDA,OAKLAND,-122.27732849121094,37.822921752929688
9197138,2020,2020-12-24,0109,2020-10-22,1451,9197,1,4,5,7,0109,0,0,0,,0,14X,"GRAND AV","PERKINS ST",0.00,,Y,A,-,N,,,,,,,,,,N,3,0,1,2,A,-,12,21453,A,N,D,G,A,A,H,-,A,A,0,,Y,,,Y,,-,"- ",0,1,0,0,0,0,1,0,0,"- ","- ",,,ALAMEDA,OAKLAND,-122.25611877441406,37.808948516845703
9197183,2020,2020-12-21,0109,2020-10-14,2118,9476,2,3,5,7,0109,0,0,0,,0,32Y,"107TH AVE","BANCROFT AV",0.00,,Y,A,-,N,,,,,,,,,,Y,3,0,3,2,A,-,08,22107,,N,D,C,A,A,H,-,C,D,0,,,,,Y,,A,01,0,1,2,0,0,0,0,0,0,"- ","- ",,,ALAMEDA,OAKLAND,-122.15641784667969,37.740909576416016
9197191,2020,2020-12-21,0109,2020-10-18,1320,9150,1,7,5,7,0109,0,0,0,,0,14X,"GRAND AVE","PERKINS ST",0.00,,Y,A,-,N,,,,,,,,,,N,2,0,1,2,A,-,08,22107,,N,D,C,A,A,H,-,A,A,0,,,Y,,Y,,A,01,1,0,0,0,0,0,0,0,0,"- ","- ",,,ALAMEDA,OAKLAND,-122.25611877441406,37.808948516845703
91972046,2022,2023-01-19,9370,2022-11-10,2120,023081,,4,2,7,0109,0,1,1,,2,052,"I-580 W/B","KUHNLE AVE",810.00,W,N,A,-,Y,ALA,,580,,R,39.102,H,,L,Y,3,0,2,3,A,-,01,23152,A,N,C,C,A,A,H,-,D,D,0,,,,,Y,Y,A,01,0,1,1,0,0,0,0,0,0,"- ","- ",37.782619476318359,-122.17600250244141,ALAMEDA,OAKLAND,-122.17616271972656,37.782470703125
91973884,2022,2023-01-23,9370,2022-12-21,1500,022859,,3,2,7,0109,0,1,1,,2,177,"I-880 S/B","OAK STREET",1000.00,S,N,A,-,Y,ALA,,880,,,30.935,H,,L,Y,2,0,1,3,A,-,07,21658,A,N,B,C,A,A,H,-,A,D,0,,,,Y,Y,,A,01,1,0,0,0,0,0,0,0,0,"- ","- ",37.793781280517578,-122.26444244384766,ALAMEDA,OAKLAND,-122.26438903808594,37.793819427490234
91974468,2022,2023-01-23,9370,2022-12-10,0530,022974,,6,3,6,0103,0,1,1,,2,081,"I-80 E/B","BUCHANAN ST",200.00,W,N,C,-,Y,ALA,,80,,R,7.222,H,,R,Y,3,0,1,3,A,-,07,21658,A,N,B,C,A,B,H,-,C,D,0,,,,Y,Y,,A,07,0,1,0,0,0,0,0,0,0,"- ","- ",37.88629150390625,-122.30895233154297,ALAMEDA,BERKELEY,-122.30894470214844,37.88629150390625
91975597,2022,2023-01-24,9370,2022-12-30,0200,022821,,5,3,7,0109,0,1,1,,2,176,"I-880 N/B","FRUITVALE AVENUE",645.00,S,N,C,-,Y,ALA,,880,,,28.257,H,,R,Y,3,0,2,3,C,-,18,,,N,C,C,E,B,H,-,D,D,0,Y,,,Y,Y,,-,"- ",0,2,0,0,1,0,0,0,0,"- ","- ",37.772678375244141,-122.2259521484375,ALAMEDA,OAKLAND,-122.22599029541016,37.772609710693359
9197658,2020,2021-01-15,0109,2020-11-25,2031,9836,2,3,5,7,0109,0,0,0,,0,27Y,"INTERNATIONAL BL","53RD AV",0.00,,Y,A,-,N,,,,,,,,,,N,3,0,1,2,A,-,08,22107,,N,C,E,A,A,H,-,C,D,0,,,Y,,Y,,C,02,0,1,0,0,0,0,0,0,1,"- ","- ",,,ALAMEDA,OAKLAND,-122.20597839355469,37.768150329589844
9197954,2020,2021-02-03,0103,2020-11-26,1608,98,,4,5,6,0103,0,0,0,,0,015,GILMAN,"EASTSHORE HWY",0.00,,Y,A,-,N,,,,,,,,,,Y,3,0,2,2,A,-,12,22450,A,N,B,C,A,A,H,-,A,D,0,,,,,Y,,A,01,0,2,0,0,0,0,0,0,0,"- ","- ",37.878299713134766,-122.30657196044922,ALAMEDA,BERKELEY,-122.30648040771484,37.878330230712891
9197956,2020,2021-02-03,0103,2020-11-14,2149,99,,6,5,6,0103,0,0,0,,0,015,CEDAR,"8TH ST",82.00,W,N,A,-,N,,,,,,,,,,Y,3,0,1,2,A,-,08,22107,,N,E,E,A,A,H,-,C,D,0,,,,,Y,,A,01,0,1,0,0,0,0,0,0,0,"- ","- ",37.874221801757812,-122.29773712158203,ALAMEDA,BERKELEY,-122.29775238037109,37.874473571777344
9197957,2020,2021-02-03,0103,2020-11-14,1818,69,29,6,5,6,0103,0,0,0,,0,005,HASTE,SHATTUCK,0.00,,Y,A,-,N,,,,,,,,,,Y,3,0,2,2,A,-,12,21453,A,N,D,C,A,A,H,-,C,A,0,,,,,Y,,A,01,0,2,0,0,0,0,0,0,0,"- ","- ",37.864879608154297,-122.26747131347656,ALAMEDA,BERKELEY,-122.26750946044922,37.864879608154297
9197958,2020,2021-02-03,0103,2020-11-05,1437,98,,4,5,6,0103,0,0,0,,0,011,SACRAMENTO,OREGON,0.00,,Y,A,-,N,,,,,,,,,,N,3,0,1,2,A,-,06,21951,,N,G,B,B,A,H,-,A,D,0,Y,,,,Y,,A,01,0,1,0,0,1,0,0,0,0,"- ","- ",37.856098175048828,-122.27987670898438,ALAMEDA,BERKELEY,-122.27967071533203,37.856029510498047
91985288,2022,2023-02-02,9370,2022-12-22,1241,022974,,4,1,7,0109,0,1,1,,2,055,"I-580 E/B FROM MARITIME STREET","MARITIME STREET",1130.00,E,N,A,-,Y,ALA,,580,,,47.152,H,,L,Y,2,0,5,1,A,-,08,22107,,N,E,I,A,A,H,-,A,D,0,,,,,Y,,A,07,1,4,0,0,0,0,0,0,0,"- ","- ",37.825210571289062,-122.30325317382812,ALAMEDA,OAKLAND,-122.30330657958984,37.825420379638672
91987168,2022,2023-02-06,9370,2022-12-31,1250,023081,,6,1,7,0109,0,1,3,,2,025,"SR-24 W/B",BROADWAY,250.00,W,N,C,-,Y,ALA,,24,,R,4.514,H,,L,Y,3,0,1,2,A,-,03,22350,,N,B,C,A,B,F,-,A,D,0,,,,,Y,,A,01,0,1,0,0,0,0,0,0,0,"- ","- ",37.850101470947266,-122.23890686035156,ALAMEDA,OAKLAND,-122.23890686035156,37.850124359130859
9198913,2020,2021-01-21,0109,2020-10-27,0638,9848,2,2,5,7,0109,0,0,0,,0,24X,"HIGH ST","SAN CARLOS ST",125.00,S,N,A,-,N,,,,,,,,,,Y,2,0,2,5,A,-,05,21651,B,N,B,C,A,A,H,-,B,D,0,,,,,Y,,A,01,1,0,1,0,0,0,0,0,0,"- ","- ",,,ALAMEDA,OAKLAND,-122.20832824707031,37.778095245361328