CASE_ID,ACCIDENT_YEAR,PROC_DATE,JURIS,COLLISION_DATE,COLLISION_TIME,OFFICER_ID,REPORTING_DISTRICT,DAY_OF_WEEK,CHP_SHIFT,POPULATION,CNTY_CITY_LOC,SPECIAL_COND,BEAT_TYPE,CHP_BEAT_TYPE,CITY_DIVISION_LAPD,CHP_BEAT_CLASS,BEAT_NUMBER,PRIMARY_RD,SECONDARY_RD,DISTANCE,DIRECTION,INTERSECTION,WEATHER_1,WEATHER_2,STATE_HWY_IND,CALTRANS_COUNTY,CALTRANS_DISTRICT,STATE_ROUTE,ROUTE_SUFFIX,POSTMILE_PREFIX,POSTMILE,LOCATION_TYPE,RAMP_INTERSECTION,SIDE_OF_HWY,TOW_AWAY,COLLISION_SEVERITY,NUMBER_KILLED,NUMBER_INJURED,PARTY_COUNT,PRIMARY_COLL_FACTOR,PCF_CODE_OF_VIOL,PCF_VIOL_CATEGORY,PCF_VIOLATION,PCF_VIOL_SUBSECTION,HIT_AND_RUN,TYPE_OF_COLLISION,MVIW,PED_ACTION,ROAD_SURFACE,ROAD_COND_1,ROAD_COND_2,LIGHTING,CONTROL_DEVICE,CHP_ROAD_TYPE,PEDESTRIAN_ACCIDENT,BICYCLE_ACCIDENT,MOTORCYCLE_ACCIDENT,TRUCK_ACCIDENT,NOT_PRIVATE_PROPERTY,ALCOHOL_INVOLVED,STWD_VEHTYPE_AT_FAULT,CHP_VEHTYPE_AT_FAULT,COUNT_SEVERE_INJ,COUNT_VISIBLE_INJ,COUNT_COMPLAINT_PAIN,COUNT_PED_KILLED,COUNT_PED_INJURED,COUNT_BICYCLIST_KILLED,COUNT_BICYCLIST_INJURED,COUNT_MC_KILLED,COUNT_MC_INJURED,PRIMARY_RAMP,SECONDARY_RAMP,LATITUDE,LONGITUDE,COUNTY,CITY,POINT_X,POINT_Y
91991562,2022,2023-02-10,9370,2022-05-26,2130,022611,,4,2,7,0109,0,1,1,,2,052,"I-580 W/B","EDWARDS AVE",935.00,W,N,B,-,Y,ALA,,580,,R,38.518,H,,L,N,1,1,0,2,A,-,11,21954,A,N,G,B,E,A,H,-,D,D,0,Y,,,,Y,Y,A,08,0,0,0,1,0,0,0,0,0,"- ","- ",37.777938842773438,-122.16713714599609,ALAMEDA,OAKLAND,-122.16730499267578,37.777721405029297
9199233,2020,2020-12-30,0109,2020-08-05,1341,9255,2,3,5,7,0109,0,0,0,,0,25X,"CARSON ST","ALISO AV",0.00,,Y,B,-,N,,,,,,,,,,N,3,0,2,2,A,-,09,21802,A,N,A,C,A,A,H,-,A,D,0,,,,,Y,,A,01,0,1,1,0,0,0,0,0,0,"- ","- ",,,ALAMEDA,OAKLAND,-122.18225860595703,37.793670654296875
9199234,2020,2020-12-30,0109,2020-08-30,1655,9895,2,7,5,7,0109,0,0,0,,0,30X,"80TH AV","INTERNATIONAL BL",0.00,,Y,A,-,N,,,,,,,,,,N,3,0,2,2,A,-,09,21802,A,N,D,C,A,A,H,-,A,A,0,,,,,Y,,A,01,0,1,1,0,0,0,0,0,0,"- ","- ",,,ALAMEDA,OAKLAND,-122.18166351318359,37.756610870361328
9199235,2020,2020-12-30,0109,2020-08-15,1634,9676,2,6,5,7,0109,0,0,0,,0,32X,MACARTHUR,"TRUMAN AV",0.00,,Y,A,-,N,,,,,,,,,,N,3,0,2,2,A,-,12,22450,A,N,A,C,A,A,H,-,A,A,0,,,Y,,Y,,A,01,0,1,1,0,0,0,0,0,2,"- ","- ",,,ALAMEDA,OAKLAND,-122.15675354003906,37.746681213378906
9199236,2020,2020-12-30,0109,2020-08-02,2038,9127,1,7,5,7,0109,0,0,0,,0,04X,"TELEGRAPH AV","16TH ST",50.00,S,N,A,-,N,,,,,,,,,,N,3,0,1,2,A,-,11,21954,A,N,B,B,D,A,H,-,C,A,0,Y,,,,Y,,N,60,0,1,0,0,1,0,0,0,0,"- ","- ",,,ALAMEDA,OAKLAND,-122.27046966552734,37.805953979492188
9199266,2020,2020-12-30,0109,2020-09-13,1116,9742,1,7,5,7,0109,0,0,0,,0,07X,"SAN PABLO AV","35TH ST",60.00,N,N,A,-,N,,,,,,,,,,N,3,0,1,2,A,-,08,22107,,M,B,C,A,A,H,-,A,A,0,,,,,Y,,A,01,0,1,0,0,0,0,0,0,0,"- ","- ",,,ALAMEDA,OAKLAND,-122.27848815917969,37.826568603515625
9199848,2020,2020-12-28,0109,2020-09-22,0659,9916,1,2,5,7,0109,0,0,0,,0,05X,"W GRAND AV","ADELINE ST",10.00,W,N,B,-,N,,,,,,,,,,N,3,0,1,1,C,-,18,,,N,E,I,A,A,H,-,A,A,0,,,,,Y,,-,"- ",0,1,0,0,0,0,0,0,0,"- ","- ",,,ALAMEDA,OAKLAND,-122.28400421142578,37.815517425537109
9199852,2020,2020-12-28,0109,2020-09-03,2243,9107,2,4,5,7,0109,0,0,0,,0,23X,"INTERNATIONAL BL","34TH AV",20.00,E,N,A,-,N,,,,,,,,,,N,3,0,1,2,A,-,06,21755,,F,C,E,A,A,H,-,C,A,0,,,,,Y,,A,01,0,1,0,0,0,0,0,0,0,"- ","- ",,,ALAMEDA,OAKLAND,-122.22377014160156,37.776630401611328
9199853,2020,2020-12-28,0109,2020-09-18,1740,9488,1,5,5,7,0109,0,0,0,,0,02X,"8TH ST","CHESTER ST",0.00,,Y,A,-,N,,,,,,,,,,Y,2,0,1,2,A,-,12,22450,A,F,D,C,A,A,H,-,A,A,0,,,Y,,Y,,A,01,1,0,0,0,0,0,0,0,1,"- ","- ",,,ALAMEDA,OAKLAND,-122.29562377929688,37.806598663330078
9200727,2020,2021-02-02,0109,2020-11-14,2156,9592,2,6,5,7,0109,0,0,0,,0,23X,"INTERNATIONAL BL","33RD AV",20.00,E,N,A,-,N,,,,,,,,,,N,3,0,1,2,A,-,10,21950,,M,A,B,B,A,H,-,A,A,0,Y,,,,Y,,A,01,0,1,0,0,1,0,0,0,0,"- ","- ",,,ALAMEDA,OAKLAND,-122.22447204589844,37.776950836181641
9201021,2020,2021-02-11,0109,2020-12-09,1833,9094,1,3,5,7,0109,0,0,0,,0,13Z,"CHELTON DR","ASCOT DR",200.00,S,N,A,-,N,,,,,,,,,,Y,3,0,1,1,A,-,08,22107,,N,F,I,A,A,H,-,C,D,0,,,,,Y,,A,07,0,1,0,0,0,0,0,0,0,"- ","- ",,,ALAMEDA,OAKLAND,-122.19883728027344,37.821674346923828
9201408,2020,2021-02-06,0109,2020-12-29,1048,9401,1,2,5,7,0109,0,0,0,,0,10X,"58TH ST","ADELINE ST",0.00,,Y,A,-,N,,,,,,,,,,N,3,0,1,2,A,-,09,21802,A,N,H,G,A,A,H,-,A,A,0,,Y,,,Y,,A,01,0,1,0,0,0,0,1,0,0,"- ","- ",,,ALAMEDA,OAKLAND,-122.27372741699219,37.8431396484375
9201461,2020,2021-01-25,0109,2020-10-31,1936,9582,2,6,5,7,0109,0,0,0,,0,26Y,"69TH AV","LION WY",0.00,,Y,A,-,N,,,,,,,,,,Y,3,0,1,2,A,-,01,23152,A,N,C,C,A,A,H,-,B,D,0,,,Y,,Y,Y,C,02,0,1,0,0,0,0,0,0,1,"- ","- ",,,ALAMEDA,OAKLAND,-122.19738006591797,37.756111145019531
9201541,2020,2021-01-21,0103,2020-11-04,1400,5,,3,5,6,0103,0,0,0,,0,016,"6TH AV","GILMAN AV",0.00,,Y,A,-,N,,,,,,,,,,N,3,0,1,2,A,-,09,21801,A,N,D,C,A,A,H,-,A,A,0,,,,,Y,,D,22,0,1,0,0,0,0,0,0,0,"- ","- ",37.879619598388672,-122.30168914794922,ALAMEDA,BERKELEY,-122.30135345458984,37.879360198974609
92016722,2022,2023-03-13,9370,2022-09-24,1700,022863,,6,2,7,0109,0,1,1,,2,052,"I-580 W/B","BIRDSALL AVE PED OVERCROSSING",295.00,E,N,A,-,Y,ALA,,580,,R,39.877,H,,L,Y,1,1,0,3,A,-,04,21703,,N,B,C,A,A,H,-,A,D,0,,,,,Y,Y,A,01,0,0,0,0,0,0,0,0,0,"- ","- ",37.785381317138672,-122.19246673583984,ALAMEDA,OAKLAND,-122.19258117675781,37.785190582275391
9201880,2020,2021-01-25,0103,2020-11-18,0419,88,,3,5,6,0103,0,0,0,,0,013,GRAYSON,7TH,0.00,,Y,C,-,N,,,,,,,,,,N,3,0,1,2,A,-,12,21453,A,F,D,C,A,B,H,-,C,A,0,,,,,Y,,-,,0,1,0,0,0,0,0,0,0,"- ","- ",,,ALAMEDA,BERKELEY,-122.29248809814453,37.855289459228516
92025549,2022,2023-03-22,9370,2022-12-12,0732,019160,,1,1,7,0109,0,1,1,,2,176,"I-880 N/B","98TH AVE",1928.00,N,N,B,-,Y,ALA,,880,,,25.124,H,,R,Y,1,1,0,1,A,-,01,23152,F,N,E,I,A,B,H,-,A,D,0,,,,,Y,,A,01,0,0,0,0,0,0,0,0,0,"- ","- ",37.736309051513672,-122.19230651855469,ALAMEDA,OAKLAND,-122.19239807128906,37.736263275146484
9203178,2020,2021-01-05,0109,2020-08-07,0830,9390,2,5,5,7,0109,0,0,0,,0,33X,"85TH AV","SAN LEANDRO AV",0.00,,Y,A,-,N,,,,,,,,,,Y,3,0,1,1,C,-,18,,,N,B,I,A,A,H,-,A,D,0,,,,,Y,,-,"- ",0,1,0,0,0,0,0,0,0,"- ","- ",,,ALAMEDA,OAKLAND,-122.18907928466797,37.747001647949219
92032953,2022,2023-03-30,9370,2022-11-09,1600,022989,,3,2,7,0109,0,1,1,,2,052,"I-580 W/B","GOLF LINKS ROAD",745.00,E,N,A,-,Y,ALA,,580,,R,36.109,H,,L,N,1,1,0,2,A,-,08,22107,,N,E,I,A,A,H,-,A,D,0,,,Y,,Y,,C,02,0,0,0,0,0,0,0,1,0,"- ","- ",37.750381469726562,-122.15151214599609,ALAMEDA,OAKLAND,-122.15166473388672,37.750343322753906
9203306,2020,2021-01-06,0109,2020-10-19,1523,9196,2,1,5,7,0109,0,0,0,,0,30Y,"MACARTHUR BL","PARKER AV",79200.00,N,N,A,-,N,,,,,,,,,,Y,2,0,1,2,C,-,18,,,N,D,E,A,A,H,-,A,D,0,,,,,Y,,-,"- ",1,0,0,0,0,0,0,0,0,"- ","- ",,,ALAMEDA,OAKLAND,-122.18824768066406,37.784591674804688
92045354,2022,2023-04-14,9370,2022-10-16,1718,022862,,7,2,7,0109,0,1,1,,2,176,"I-880 S/B","HEGENBERGER RD",2252.00,N,N,A,-,Y,ALA,,880,,,25.942,H,,L,Y,1,1,0,1,A,-,08,22107,,N,E,8,A,A,H,-,A,D,0,,,,,Y,,A,01,0,0,0,0,0,0,0,0,0,"- ","- ",37.74591064453125,-122.20137023925781,ALAMEDA,OAKLAND,-122.20123291015625,37.745983123779297
92061287,2022,2023-05-04,9335,2022-10-03,0237,022860,,1,3,7,0109,0,1,1,,2,084,"I-80 E/B (DWIGHT D. EISENHOWER HIGHWAY)","SAN FRANCISCO/ALEMEDA COUNTY LINE",4738.00,E,N,A,-,Y,ALA,,80,,R,0.891,H,,R,Y,1,1,1,3,A,-,03,22350,,N,C,E,E,A,H,-,C,D,0,Y,,,,Y,,A,01,0,1,0,1,0,0,0,0,0,"- ","- ",37.821090698242188,-122.33351135253906,ALAMEDA,OAKLAND,-122.33353424072266,37.821182250976562
9206401,2020,2021-02-11,0109,2020-12-03,1205,8658,1,4,5,7,0109,0,0,0,,0,19X,"23RD AV","E 12TH ST",63.00,S,N,A,-,N,,,,,,,,,,Y,3,0,1,1,A,-,08,22107,,N,E,I,A,A,H,-,A,A,0,,,Y,,Y,,C,02,0,1,0,0,0,0,0,0,1,"- ","- ",,,ALAMEDA,OAKLAND,-122.23870849609375,37.783435821533203
9206431,2020,2021-02-13,0109,2020-12-04,0915,8681,2,5,5,7,0109,0,0,0,,0,32X,"INTERNATIONAL BL","102ND AV",75.00,W,N,A,-,N,,,,,,,,,,N,3,0,1,2,-,-,"- ",,A,F,G,G,A,A,H,-,A,A,0,,Y,,,Y,,A,01,0,1,0,0,0,0,1,0,0,"- ","- ",,,ALAMEDA,OAKLAND,-122.16851043701172,37.74169921875
9206510,2020,2021-01-30,0103,2020-11-20,2244,04829,9,5,5,6,0103,0,0,0,,0,009,"LA CIENEGA BL","WILSHIRE BL",0.00,,Y,A,-,N,,,,,,,,,,Y,3,0,1,2,A,-,09,21801,A,F,D,C,A,A,H,-,C,A,0,,,Y,,Y,,A,07,0,1,0,0,0,0,0,0,1,"- ","- ",,,ALAMEDA,BERKELEY,,
9206873,2020,2021-01-23,0109,2020-11-06,1750,9197,1,5,5,7,0109,0,0,0,,0,12X,"TELEGRAPH AV","45TH ST",0.00,,Y,A,-,N,,,,,,,,,,N,3,0,1,2,A,-,09,21801,A,M,H,G,A,A,H,-,C,A,0,,Y,,,Y,,A,07,0,1,0,0,0,0,1,0,0,"- ","- ",,,ALAMEDA,OAKLAND,-122.26342010498047,37.833019256591797
9206886,2020,2021-01-25,0109,2020-11-24,1044,8881,1,2,5,7,0109,0,0,0,,0,04X,"MARTIN LUTHER KING BL","GRAND AV",0.00,,Y,A,-,N,,,,,,,,,,N,3,0,2,2,A,-,12,21453,A,N,D,C,A,A,H,-,A,A,0,,,,,Y,,A,01,0,1,1,0,0,0,0,0,0,"- ","- ",,,ALAMEDA,OAKLAND,-122.27278137207031,37.812480926513672
9206896,2020,2021-02-01,0109,2020-11-17,0015,9644,1,2,5,7,0109,0,0,0,,0,21X,"SCHOOL ST","COOLIDGE AV",0.00,,Y,A,-,N,,,,,,,,,,Y,3,0,2,2,A,-,12,21453,A,N,D,C,A,A,H,-,C,A,0,,,,,Y,,-,"- ",0,2,0,0,0,0,0,0,0,"- ","- ",,,ALAMEDA,OAKLAND,-122.21251678466797,37.794731140136719
9206905,2020,2021-01-27,0109,2020-10-27,1445,9400,1,2,5,7,0109,0,0,0,,0,13X,"GRIZZLY PEAK BL","CLARENMONT AV",0.00,,Y,A,-,N,,,,,,,,,,N,3,0,1,1,A,-,03,22350,,N,H,G,A,A,H,-,A,D,0,,Y,,,Y,,L,04,0,1,0,0,0,0,1,0,0,"- ","- ",,,ALAMEDA,OAKLAND,-122.21786,37.868369999999999
9206909,2020,2021-01-27,0109,2020-11-18,1125,8681,2,3,5,7,0109,0,0,0,,0,23X,"34TH AV","INTERNATIONAL BL",75.00,N,N,A,-,N,,,,,,,,,,N,3,0,1,2,A,-,05,21460,A,N,A,G,A,A,H,-,A,A,0,,Y,,,Y,,L,04,0,1,0,0,0,0,1,0,0,"- ","- ",,,ALAMEDA,OAKLAND,-122.22373962402344,37.776851654052734
92073728,2022,2023-05-22,9370,2022-11-17,1321,022974,,4,1,6,0103,0,1,1,,2,081,"I-80 W/B","GILMAN STREET",2103.00,E,N,A,-,Y,,,,,,,,,,Y,1,1,0,3,A,-,03,22350,,N,B,C,A,A,H,-,A,D,0,,,Y,Y,Y,,C,02,0,0,0,0,0,0,0,1,0,"- ","- ",37.530300140380859,-122.18312835693359,ALAMEDA,BERKELEY,-122.30569458007812,37.872524261474609
92073734,2022,2023-05-22,9370,2022-12-03,0103,022800,,6,3,7,0109,0,1,1,,2,177,"I-880 S/B","JEFFERSON ST",686.00,N,N,B,-,Y,ALA,,880,,R,31.940,H,,L,Y,1,1,0,2,A,-,07,21658,A,F,B,C,A,A,H,-,C,D,0,,,,Y,Y,,A,01,0,0,0,0,0,0,0,0,0,"- ","- ",37.800689697265625,-122.28073120117188,ALAMEDA,OAKLAND,-122.28073120117188,37.800682067871094
9207629,2020,2021-02-01,0109,2020-07-30,1213,9149,1,4,5,7,0109,0,0,0,,0,03X,"9TH ST","HARRISON ST",0.00,,Y,A,-,N,,,,,,,,,,N,3,0,1,2,A,-,10,21950,A,M,A,B,B,A,H,-,A,A,0,Y,Y,,,Y,,L,04,0,1,0,0,1,0,0,0,0,"- ","- ",,,ALAMEDA,OAKLAND,-122.26975250244141,37.799468994140625
9207637,2020,2021-02-01,0109,2020-07-29,2331,9870,2,3,5,7,0109,0,0,0,,0,32X,"INTERNATIONAL BL","TUCKER ST",0.00,,Y,A,-,N,,,,,,,,,,N,2,0,1,2,A,-,08,22107,,F,A,G,A,A,H,-,C,D,0,,Y,,,Y,,A,01,1,0,0,0,0,0,1,0,0,"- ","- ",,,ALAMEDA,OAKLAND,-122.16542053222656,37.737499237060547
9207974,2020,2021-01-26,0109,2020-03-08,0144,9812,1,7,5,7,0109,0,0,0,,0,04X,"SAN PABLO AV","19TH ST",0.00,,Y,A,-,N,,,,,,,,,,N,3,0,1,2,A,-,12,21453,A,N,D,C,A,A,H,-,C,A,0,,,Y,,Y,,-,"- ",0,1,0,0,0,0,0,0,1,"- ","- ",,,ALAMEDA,OAKLAND,-122.27278900146484,37.808830261230469
9208064,2020,2021-02-16,0109,2020-12-18,1038,8257,2,5,5,7,0109,0,0,0,,0,23X,"HIGH ST","FOOTHILL BL",0.00,,Y,A,-,N,,,,,,,,,,N,3,0,1,2,A,-,10,21950,A,M,G,B,B,A,H,-,A,A,0,Y,,,,Y,,D,22,0,1,0,0,1,0,0,0,0,"- ","- ",,,ALAMEDA,OAKLAND,-122.21180725097656,37.774688720703125
9208068,2020,2021-02-16,0109,2020-12-20,0903,9372,2,7,5,7,0109,0,0,0,,0,27X,"64TH AV","BANCROFT AV",0.00,,Y,A,-,N,,,,,,,,,,N,3,0,1,2,A,-,10,21950,A,M,A,B,B,A,H,-,A,A,0,Y,,,,Y,,D,22,0,1,0,0,1,0,0,0,0,"- ","- ",,,ALAMEDA,OAKLAND,-122.18538665771484,37.770061492919922
9208394,2020,2021-02-20,0109,2020-12-28,1519,8257,2,1,5,7,0109,0,0,0,,0,32X,"PONTIAC ST","105TH AV",0.00,,Y,B,-,N,,,,,,,,,,N,3,0,2,3,A,-,09,21802,A,N,D,C,A,A,H,-,A,A,0,,,,,Y,,A,01,0,1,1,0,0,0,0,0,0,"- ","- ",,,ALAMEDA,OAKLAND,-122.16754150390625,37.7388916015625
92091134,2022,2023-06-12,9370,2022-10-10,2040,022856,,1,2,7,0109,0,1,1,,2,052,"I-580 W/B","KELLER AVE",2010.00,E,N,A,-,Y,ALA,,580,,R,37.417,H,,L,Y,3,0,1,4,C,-,18,,,F,B,C,A,A,H,-,D,D,0,,,,,Y,,-,"- ",0,1,0,0,0,0,0,0,0,"- ","- ",37.767250061035156,-122.15280914306641,ALAMEDA,OAKLAND,-122.15302276611328,37.767166137695312
92091714,2022,2023-06-12,9370,2022-09-03,2114,022854,,6,2,7,0109,0,1,1,,2,098,"I-980 E/B TO I-580 W/B","WEST STREET",300.00,W,N,A,-,Y,ALA,,580,,,45.341,H,,R,Y,1,1,1,2,A,-,11,21954,A,N,G,B,E,A,H,-,D,D,0,Y,,,,Y,,N,60,0,1,0,1,0,0,0,0,0,"- ","- ",37.825168609619141,-122.27111053466797,ALAMEDA,OAKLAND,-122.27115631103516,37.825065612792969
92091784,2022,2023-06-12,9370,2022-08-15,0258,022818,,1,3,7,0109,0,1,1,,2,176,"I-880 S/B","66TH AVE",662.00,S,N,A,-,Y,ALA,,880,,,26.480,H,,L,Y,1,1,3,2,C,-,18,,,N,C,C,A,A,H,-,C,D,0,,,,,Y,Y,-,"- ",1,2,0,0,0,0,0,0,0,"- ","- ",37.75238037109375,-122.20684814453125,ALAMEDA,OAKLAND,-122.20687103271484,37.752368927001953
9209283,2020,2021-02-05,0109,2020-11-20,1618,9461,2,5,5,7,0109,0,0,0,,0,31X,"HEGENBERGER RD","HEGENBERGER LOOP",0.00,,Y,A,-,N,,,,,,,,,,N,3,0,4,2,A,-,12,21453,A,M,D,C,A,A,H,-,A,A,0,,,,,Y,,A,01,0,1,3,0,0,0,0,0,0,"- ","- ",,,ALAMEDA,OAKLAND,-122.19792175292969,37.734401702880859
9209286,2020,2021-02-05,0109,2020-11-23,0429,9851,2,1,5,7,0109,0,0,0,,0,26X,"E 12TH ST","49TH AV",88.00,W,N,A,-,N,,,,,,,,,,N,3,0,1,2,A,-,01,23152,A,N,C,E,A,A,H,-,D,D,0,,,,,Y,Y,A,01,0,1,0,0,0,0,0,0,0,"- ","- ",,,ALAMEDA,OAKLAND,-122.2115478515625,37.768405914306641
9209287,2020,2021-02-05,0109,2020-11-27,2050,9916,2,5,5,7,0109,0,0,0,,0,29X,"MICHIGAN AV","PARTRIDGE AV",300.00,W,N,A,-,N,,,,,,,,,,N,3,0,1,2,A,-,01,23152,A,N,C,E,A,A,H,-,D,D,0,,,,,Y,Y,A,01,0,1,0,0,0,0,0,0,0,"- ","- ",,,ALAMEDA,OAKLAND,-122.16136169433594,37.766410827636719
9209290,2020,2021-02-05,0109,2020-11-27,1556,9903,1,5,5,7,0109,0,0,0,,0,20X,"E 10TH ST","26TH AV",0.00,,Y,A,-,N,,,,,,,,,,N,3,0,1,2,A,-,06,21750,,N,D,C,A,A,H,-,A,D,0,,,Y,,Y,,C,02,0,1,0,0,0,0,0,0,1,"- ","- ",,,ALAMEDA,OAKLAND,-122.23558044433594,37.778648376464844
9209999,2020,2021-01-11,0109,2020-10-20,0858,9880,1,2,5,7,0109,0,0,0,,0,04X,"CASTRO ST","SAN PABLO AV",0.00,,Y,A,-,N,,,,,,,,,,N,2,0,1,2,A,-,12,21453,A,N,A,G,A,A,H,-,A,A,0,,Y,,,Y,,L,04,1,0,0,0,0,0,1,0,0,"- ","- ",,,ALAMEDA,OAKLAND,-122.27369689941406,37.811668395996094
9210004,2020,2021-01-12,0109,2020-10-21,0737,8914,1,3,5,7,0109,0,0,0,,0,03X,"WEBSTER ST","10TH ST",80.00,N,N,A,-,N,,,,,,,,,,N,3,0,1,2,A,-,08,22107,,M,B,G,A,A,H,-,A,A,0,,Y,,,Y,,A,01,0,1,0,0,0,0,1,0,0,"- ","- ",,,ALAMEDA,OAKLAND,-122.2703857421875,37.800807952880859
9210005,2020,2021-01-12,0109,2020-10-22,0730,8881,1,4,5,7,0109,0,0,0,,0,14X,"GRAND AV","PERKINS ST",0.00,,Y,A,-,N,,,,,,,,,,N,2,0,1,2,A,-,11,21950,B,N,G,B,D,A,H,-,A,A,0,Y,,,,Y,,N,60,1,0,0,0,1,0,0,0,0,"- ","- ",,,ALAMEDA,OAKLAND,-122.25611877441406,37.808948516845703
9210083,2020,2021-01-11,0109,2020-10-17,1930,9501,1,6,5,7,0109,0,0,0,,0,21X,"23RD AV","E 27TH ST",75.00,S,N,A,-,N,,,,,,,,,,Y,3,0,3,4,A,-,03,22350,,M,C,C,A,A,H,-,C,A,0,,,,,Y,,A,01,0,1,2,0,0,0,0,0,0,"- ","- ",,,ALAMEDA,OAKLAND,-122.22683715820312,37.793373107910156
9210088,2020,2021-01-12,0109,2020-10-31,2340,9870,2,6,5,7,0109,0,0,0,,0,30X,"73RD AV","ARTHUR ST",100.00,S,N,A,-,N,,,,,,,,,,N,3,0,1,3,A,-,03,22350,,N,B,C,A,A,H,-,B,A,0,,,,,Y,,A,01,0,1,0,0,0,0,0,0,0,"- ","- ",,,ALAMEDA,OAKLAND,-122.18065643310547,37.763523101806641
9210093,2020,2021-01-12,0109,2020-10-29,2115,9835,2,4,5,7,0109,0,0,0,,0,26Y,"69TH AV","HAWLEY ST",0.00,,Y,A,-,N,,,,,,,,,,Y,3,0,3,2,A,-,09,21802,A,N,D,C,A,A,H,-,C,A,0,,,,,Y,,A,07,0,2,1,0,0,0,0,0,0,"- ","- ",,,ALAMEDA,OAKLAND,-122.19644165039062,37.756690979003906
9210124,2020,2021-01-15,0109,2020-10-21,1857,9814,2,3,5,7,0109,0,0,0,,0,27X,"INTERNATIONAL BL","64TH AV",25.00,E,N,A,-,N,,,,,,,,,,N,2,0,1,2,A,-,10,21950,A,F,G,B,B,A,H,-,C,A,0,Y,,,,Y,,A,07,1,0,0,0,1,0,0,0,0,"- ","- ",,,ALAMEDA,OAKLAND,-122.19568634033203,37.763294219970703
9210125,2020,2021-01-15,0109,2020-10-31,1227,9917,1,6,5,7,0109,0,0,0,,0,21Y,"ARKANSAS ST","LAUREL ST",361.00,E,N,A,-,N,,,,,,,,,,N,3,0,1,2,A,-,05,21650,1,M,H,G,A,A,H,-,A,D,0,,Y,,,Y,,L,04,0,1,0,0,0,0,1,0,0,"- ","- ",,,ALAMEDA,OAKLAND,-122.20553588867188,37.793025970458984
9210126,2020,2021-01-15,0109,2020-10-25,1433,9657,1,7,5,7,0109,0,0,0,,0,06X,"27TH AV","27TH ST 600",0.00,,N,A,-,N,,,,,,,,,,N,3,0,1,2,A,-,12,21453,A,M,D,C,A,A,H,-,A,A,0,,,,,Y,,A,01,0,1,0,0,0,0,0,0,0,"- ","- ",,,ALAMEDA,OAKLAND,-122.27095799999999,37.817107
9210127,2020,2021-01-15,0109,2020-10-19,1725,8198,1,1,5,7,0109,0,0,0,,0,12Y,"TELEGRAPH AV","65TH ST",159.00,N,N,A,-,N,,,,,,,,,,Y,3,0,1,2,A,-,08,22107,,N,B,E,A,A,H,-,A,A,0,,,,,Y,,A,01,0,1,0,0,0,0,0,0,0,"- ","- ",,,ALAMEDA,OAKLAND,-122.26036834716797,37.851463317871094
9210128,2020,2021-01-16,0109,2020-10-25,2006,9533,1,7,5,7,0109,0,0,0,,0,03X,"13TH ST","JACKSON ST",0.00,,Y,A,-,N,,,,,,,,,,N,3,0,1,2,A,-,12,21453,A,N,A,C,A,A,H,-,C,A,0,,,Y,,Y,,-,,0,1,0,0,0,0,0,0,1,"- ","- ",,,ALAMEDA,OAKLAND,-122.26567077636719,37.801280975341797
9211827,2020,2022-06-11,0109,2020-03-29,1851,9372,2,7,5,7,0109,0,0,0,,0,27X,"BANCROFT AV","COLE ST",100.00,W,N,A,-,N,,,,,,,,,,N,1,1,3,6,A,-,01,23152,G,F,B,E,F,A,H,-,B,D,0,Y,,,,Y,Y,A,01,3,0,0,1,3,0,0,0,0,"- ","- ",,,ALAMEDA,OAKLAND,-122.19891357421875,37.771759033203125
9211962,2020,2021-01-06,0109,2020-09-13,2333,9798,1,7,5,7,0109,0,0,0,,0,19X,"LAKESHORE AV","1ST AV",98.00,W,N,A,-,N,,,,,,,,,,N,3,0,3,2,A,-,01,23152,A,N,A,C,A,A,H,-,C,D,0,,,,,Y,Y,A,01,0,1,2,0,0,0,0,0,0,"- ","- ",,,ALAMEDA,OAKLAND,-122.25611877441406,37.799819946289062
9212567,2020,2021-01-27,0103,2020-11-30,1410,104,20,1,5,6,0103,0,0,0,,0,013,"SAN PABLO",CARLETON,0.00,,Y,A,-,Y,ALA,4,123,-,-,2.370,I,5,S,Y,2,0,3,2,A,-,09,21802,A,N,D,C,A,A,H,-,A,A,0,,,,,Y,,A,01,1,1,1,0,0,0,0,0,0,"- ","- ",37.857669830322266,-122.28874206542969,ALAMEDA,BERKELEY,-122.28874206542969,37.858318328857422
9212571,2020,2021-01-27,0103,2020-11-26,2043,32,,4,5,6,0103,0,0,0,,0,011,"SAN PABLO","ASHBY 13",0.00,,Y,A,-,Y,ALA,4,13,-,-,13.180,I,5,N,Y,2,0,1,3,A,-,12,21453,A,F,D,D,A,A,H,-,C,A,0,,,,,Y,,A,01,1,0,0,0,0,0,0,0,0,"- ","- ",37.852138519287109,-122.28668212890625,ALAMEDA,BERKELEY,-122.28666687011719,37.852169036865234
9212579,2020,2021-01-27,0103,2020-11-15,1555,42,,7,5,6,0103,0,0,0,,0,014,DWIGHT,"SAN PABLO",0.00,,Y,A,-,Y,ALA,4,123,-,-,2.570,I,-,S,N,3,0,1,2,A,-,10,21950,A,N,G,B,B,A,H,-,A,A,0,Y,,,,Y,Y,A,07,0,1,0,0,1,0,0,0,0,"- ","- ",37.861091613769531,-122.28955078125,ALAMEDA,BERKELEY,-122.2896728515625,37.861122131347656
9212587,2020,2021-01-27,0103,2020-11-23,1035,85,,1,5,6,0103,0,0,0,,0,008,ASHBY,SHATTUCK,0.00,,Y,A,-,Y,ALA,4,13,-,-,12.058,I,-,S,N,3,0,1,2,A,-,10,21950,A,N,G,B,B,A,H,-,A,A,0,Y,,,,Y,,A,01,0,1,0,0,1,0,0,0,0,"- ","- ",37.855300903320312,-122.26648712158203,ALAMEDA,BERKELEY,-122.26650238037109,37.855270385742188