CASE_ID,ACCIDENT_YEAR,PROC_DATE,JURIS,COLLISION_DATE,COLLISION_TIME,OFFICER_ID,REPORTING_DISTRICT,DAY_OF_WEEK,CHP_SHIFT,POPULATION,CNTY_CITY_LOC,SPECIAL_COND,BEAT_TYPE,CHP_BEAT_TYPE,CITY_DIVISION_LAPD,CHP_BEAT_CLASS,BEAT_NUMBER,PRIMARY_RD,SECONDARY_RD,DISTANCE,DIRECTION,INTERSECTION,WEATHER_1,WEATHER_2,STATE_HWY_IND,CALTRANS_COUNTY,CALTRANS_DISTRICT,STATE_ROUTE,ROUTE_SUFFIX,POSTMILE_PREFIX,POSTMILE,LOCATION_TYPE,RAMP_INTERSECTION,SIDE_OF_HWY,TOW_AWAY,COLLISION_SEVERITY,NUMBER_KILLED,NUMBER_INJURED,PARTY_COUNT,PRIMARY_COLL_FACTOR,PCF_CODE_OF_VIOL,PCF_VIOL_CATEGORY,PCF_VIOLATION,PCF_VIOL_SUBSECTION,HIT_AND_RUN,TYPE_OF_COLLISION,MVIW,PED_ACTION,ROAD_SURFACE,ROAD_COND_1,ROAD_COND_2,LIGHTING,CONTROL_DEVICE,CHP_ROAD_TYPE,PEDESTRIAN_ACCIDENT,BICYCLE_ACCIDENT,MOTORCYCLE_ACCIDENT,TRUCK_ACCIDENT,NOT_PRIVATE_PROPERTY,ALCOHOL_INVOLVED,STWD_VEHTYPE_AT_FAULT,CHP_VEHTYPE_AT_FAULT,COUNT_SEVERE_INJ,COUNT_VISIBLE_INJ,COUNT_COMPLAINT_PAIN,COUNT_PED_KILLED,COUNT_PED_INJURED,COUNT_BICYCLIST_KILLED,COUNT_BICYCLIST_INJURED,COUNT_MC_KILLED,COUNT_MC_INJURED,PRIMARY_RAMP,SECONDARY_RAMP,LATITUDE,LONGITUDE,COUNTY,CITY,POINT_X,POINT_Y
9287925,2021,2021-08-09,0109,2021-05-30,0100,8721,2,7,5,7,0109,0,0,0,,0,27Y,"SEMINARY AV","HOLWAY ST",0.00,,Y,A,-,N,,,,,,,,,,Y,2,0,1,2,A,-,01,23152,A,F,D,C,A,A,H,-,C,A,0,,,Y,,Y,Y,A,01,1,0,0,0,0,0,0,0,1,"- ","- ",,,ALAMEDA,OAKLAND,-122.19570922851562,37.767807006835938
9287935,2021,2021-08-09,0109,2021-05-08,0218,9501,1,6,5,7,0109,0,0,0,,0,19X,"5TH AV","E 10TH ST",120.00,N,N,A,-,N,,,,,,,,,,Y,3,0,1,2,A,-,01,23152,A,N,D,E,A,A,H,-,C,D,0,,,,,Y,Y,A,01,0,1,0,0,0,0,0,0,0,"- ","- ",,,ALAMEDA,OAKLAND,-122.25637817382812,37.793930053710938
9288271,2021,2021-07-20,0103,2021-05-06,1354,104,34,4,5,6,0103,0,0,0,,0,009,"SACRAMENTO ST","ASHBY AV",0.00,,Y,A,-,Y,ALA,4,13,-,-,12.760,I,5,N,Y,3,0,2,2,A,-,17,21451,A,N,D,C,A,A,H,-,A,A,0,,,,,Y,,A,01,0,2,0,0,0,0,0,0,0,"- ","- ",37.853279113769531,-122.27900695800781,ALAMEDA,BERKELEY,-122.279052734375,37.853302001953125
9288274,2021,2021-07-15,0103,2021-05-03,1905,27,,1,5,6,0103,0,0,0,,0,012,"ACTON ST","CHANNING WY",0.00,,Y,A,-,N,,,,,,,,,,N,3,0,1,2,A,-,03,22350,,F,B,G,A,A,-,-,A,A,0,,Y,,,Y,,D,22,0,1,0,0,0,0,1,0,0,"- ","- ",37.863750457763672,-122.28324890136719,ALAMEDA,BERKELEY,-122.28326416015625,37.863746643066406
9288401,2021,2021-07-14,0103,2021-05-26,1446,104,22,3,5,6,0103,0,0,0,,0,012,UNIVERSITY,CURTIS,0.00,,Y,A,-,N,,,,,,,,,,Y,2,0,2,2,A,-,09,21802,A,N,D,C,A,A,H,-,A,A,0,,,,,Y,,A,01,1,1,0,0,0,0,0,0,0,"- ","- ",37.869438171386719,-122.28952026367188,ALAMEDA,BERKELEY,-122.28952789306641,37.869388580322266
9288402,2021,2021-07-14,0103,2021-05-27,1522,104,16,4,5,6,0103,0,0,0,,0,002,SPRUCE,ARCH,0.00,,Y,A,-,N,,,,,,,,,,N,3,0,1,2,A,-,03,22350,,N,E,I,A,A,H,-,A,D,0,,Y,,,Y,,L,04,0,1,0,0,0,0,1,0,0,"- ","- ",37.888771057128906,-122.26673126220703,ALAMEDA,BERKELEY,-122.26671600341797,37.8887939453125
9288404,2021,2021-07-13,0103,2021-05-15,1800,69,23,6,5,6,0103,0,0,0,,0,004,UNIVERSITY,"GRANT ST",43.00,W,N,A,-,N,,,,,,,,,,Y,3,0,1,3,A,-,03,22350,,N,F,E,A,A,H,-,A,D,0,,,,,Y,,A,07,0,1,0,0,0,0,0,0,0,"- ","- ",37.871261596679688,-122.27523803710938,ALAMEDA,BERKELEY,-122.27542877197266,37.871311187744141
9288405,2021,2021-07-14,0103,2021-05-14,1358,26,,5,5,6,0103,0,0,0,,0,015,GILMAN,10TH,0.00,,Y,A,-,N,,,,,,,,,,N,3,0,1,2,A,-,10,21950,A,N,G,B,B,A,A,H,A,A,0,Y,,,,Y,,A,01,0,1,0,0,1,0,0,0,0,"- ","- ",,,ALAMEDA,BERKELEY,-122.29696655273438,37.880252838134766
9288406,2021,2021-07-14,0103,2021-05-12,1910,67,,3,5,6,0103,0,0,0,,0,004,ALLSTON,HAROLD,0.00,,Y,A,-,N,,,,,,,,,,N,3,0,2,2,A,-,03,22350,,F,C,C,A,A,H,-,-,A,0,,,,,Y,,A,01,0,2,0,0,0,0,0,0,0,"- ","- ",37.86920166015625,-122.26930236816406,ALAMEDA,BERKELEY,-122.269287109375,37.86920166015625
9288407,2021,2021-07-14,0103,2021-05-12,1830,93,22,3,5,6,0103,0,0,0,,0,003,"SACRAMENTO ST","CEDAR ST",0.00,,Y,A,-,N,,,,,,,,,,Y,2,0,2,2,A,-,12,21453,A,N,D,D,A,A,H,-,A,A,0,,,,,Y,,A,01,1,1,0,0,0,0,0,0,0,"- ","- ",,,ALAMEDA,BERKELEY,-122.28273773193359,37.876678466796875
9288408,2021,2021-07-14,0103,2021-05-07,1620,26,,5,5,6,0103,0,0,0,,0,016,ROSE,JUANITA,0.00,,Y,A,-,N,,,,,,,,,,N,3,0,2,2,A,-,08,22107,,N,D,G,A,A,H,-,A,A,0,,Y,,,Y,,L,04,0,2,0,0,0,0,2,0,0,"- ","- ",37.877609252929688,-122.28652191162109,ALAMEDA,BERKELEY,-122.28652191162109,37.877616882324219
9288410,2021,2021-07-14,0103,2021-05-02,1917,87,17,7,5,6,0103,0,0,0,,0,001,EUNICE,HENRY,0.00,,Y,A,-,N,,,,,,,,,,N,2,0,1,1,A,-,03,22350,,N,H,J,A,A,H,-,B,A,0,,Y,,,Y,,L,04,1,0,0,0,0,0,1,0,0,"- ","- ",37.885360717773438,-122.27086639404297,ALAMEDA,BERKELEY,-122.27130126953125,37.885482788085938
9288431,2021,2021-07-23,0103,2021-05-20,1630,104,11,4,5,6,0103,0,0,0,,0,001,"GRIZZLY PEAK",SUNSET,0.00,,Y,A,-,N,,,,,,,,,,N,2,0,1,1,A,-,"- ",,,N,E,I,A,A,H,-,A,D,0,,Y,,,Y,,L,04,1,0,0,0,0,0,1,0,0,"- ","- ",37.898090362548828,-122.26215362548828,ALAMEDA,BERKELEY,-122.26215362548828,37.898090362548828
9288432,2021,2021-07-14,0103,2021-05-20,1230,3,17,4,5,6,0103,0,0,0,,0,002,CEDAR,WALNUT,0.00,,Y,A,-,N,,,,,,,,,,Y,3,0,3,2,-,-,"- ",,A,N,D,C,A,A,H,-,A,A,0,,,,,Y,,A,01,0,2,1,0,0,0,0,0,0,"- ","- ",37.878551483154297,-122.26789855957031,ALAMEDA,BERKELEY,-122.26796722412109,37.878559112548828
9288434,2021,2021-07-14,0103,2021-05-21,1730,21,,5,5,6,0103,0,0,0,,0,005,SHATTUCK,DWIGHT,0.00,,Y,A,-,N,,,,,,,,,,Y,3,0,1,2,A,-,12,21453,A,N,A,C,A,A,H,-,A,A,0,,,,,Y,,A,01,0,1,0,0,0,0,0,0,0,"- ","- ",37.863971710205078,-122.26735687255859,ALAMEDA,BERKELEY,-122.26741027832031,37.863971710205078
9288435,2021,2021-07-14,0103,2021-05-22,1021,2,,6,5,6,0103,0,0,0,,0,001,MARIN,"COLUSA AV",90.00,W,N,A,-,N,,,,,,,,,,N,3,0,1,2,A,-,21,22106,,N,G,B,F,A,H,-,A,D,0,Y,,,,Y,,A,07,0,1,0,0,1,0,0,0,0,"- ","- ",37.889980316162109,-122.27932739257812,ALAMEDA,BERKELEY,-122.27916717529297,37.889659881591797
9288436,2021,2021-07-16,0103,2021-05-24,1346,111,,1,5,6,0103,0,0,0,,0,001,SOLANO,COLUSA,21.00,W,N,A,-,N,,,,,,,,,,Y,3,0,1,1,A,-,07,21658,A,N,E,I,A,A,H,-,A,D,0,,,,,Y,,A,01,0,1,0,0,0,0,0,0,0,"- ","- ",37.891349792480469,-122.27986145019531,ALAMEDA,BERKELEY,-122.27992248535156,37.891334533691406
9288437,2021,2021-07-16,0103,2021-05-24,1415,S29,29,1,5,6,0103,0,0,0,,0,005,HASTE,FULTON,0.00,,Y,A,-,N,,,,,,,,,,N,3,0,1,2,A,-,12,21453,A,N,D,C,A,A,H,-,A,A,0,,,Y,,Y,,-,"- ",0,1,0,0,0,0,0,0,1,"- ","- ",37.865139007568359,-122.26544189453125,ALAMEDA,BERKELEY,-122.26545715332031,37.865161895751953
9288438,2021,2021-07-14,0103,2021-05-24,1728,104,21,1,5,6,0103,0,0,0,,0,014,UNIVERSITY,10TH,0.00,,Y,A,-,N,,,,,,,,,,Y,2,0,1,2,A,-,09,21802,A,N,D,C,A,A,H,-,B,A,0,,,Y,,Y,,A,01,1,0,0,0,0,0,0,0,1,"- ","- ",37.868869781494141,-122.29329681396484,ALAMEDA,BERKELEY,-122.2933349609375,37.868930816650391
9288439,2021,2021-07-14,0103,2021-05-25,1505,112,,2,5,6,0103,0,0,0,,0,009,ALCATRAZ,"ELLIS ST",20.00,W,N,A,-,N,,,,,,,,,,N,3,0,1,2,A,-,03,22350,,N,C,C,A,A,H,-,A,A,0,,,,,Y,,A,07,0,1,0,0,0,0,0,0,0,"- ","- ",37.848579406738281,-122.27262878417969,ALAMEDA,BERKELEY,-122.27268981933594,37.84857177734375
9288458,2021,2021-07-07,0109,2021-05-24,0036,9644,1,1,5,7,0109,0,0,0,,0,29X,"FRUITVALE AV","FOOTHILL BL",0.00,,Y,A,-,N,,,,,,,,,,Y,3,0,3,3,A,-,01,23152,A,M,A,D,A,A,H,-,B,A,0,,,,,Y,Y,A,01,0,1,2,0,0,0,0,0,0,"- ","- ",,,ALAMEDA,OAKLAND,-122.22274780273438,37.783744812011719
9291561,2021,2021-07-27,0109,2021-05-01,2032,9881,1,6,5,7,0109,0,0,0,,0,04X,"14TH ST","JEFFERSON ST",0.00,,Y,A,-,N,,,,,,,,,,Y,3,0,2,5,A,-,01,23152,A,M,D,C,A,A,H,-,C,A,0,,,,,Y,Y,A,01,0,1,1,0,0,0,0,0,0,"- ","- ",,,ALAMEDA,OAKLAND,-122.27479553222656,37.805740356445312
9293365,2021,2021-08-04,0109,2021-02-12,1027,96072,,5,5,7,0109,0,0,0,,0,25X,"MOUNTAIN BL","RIFLE LN",148.00,E,N,A,-,N,,,,,,,,,,Y,2,0,1,3,A,-,05,21460,A,F,A,C,A,A,H,-,A,B,0,,,,,Y,,A,01,1,0,0,0,0,0,0,0,0,"- ","- ",,,ALAMEDA,OAKLAND,-122.16015625,37.774795532226562
9294165,2021,2021-07-28,0103,2021-06-30,1707,67,,3,5,6,0103,0,0,0,,0,004,SACRAMENTO,ADDISON,0.00,,Y,A,-,N,,,,,,,,,,,3,0,1,2,A,-,09,21802,,N,D,C,A,A,H,-,A,A,0,,,Y,,Y,,A,01,0,1,0,0,0,0,0,0,1,"- ","- ",37.869430541992188,-122.28183746337891,ALAMEDA,BERKELEY,-122.28193664550781,37.86944580078125
9294166,2021,2021-07-28,0103,2021-06-30,1435,150,,3,5,6,0103,0,0,0,,0,014,UNIVERSITY,7TH,0.00,,Y,A,-,N,,,,,,,,,,N,3,0,1,2,A,-,03,22350,,N,C,C,A,A,H,-,A,D,0,,,,,Y,,A,01,0,1,0,0,0,0,0,0,0,"- ","- ",37.868198394775391,-122.29662322998047,ALAMEDA,BERKELEY,-122.29663848876953,37.868255615234375
9294167,2021,2021-07-28,0103,2021-06-28,1919,90,,1,5,6,0103,0,0,0,,0,009,"MARTIN LUTHER KING JR",ADELINE,0.00,,Y,A,-,N,,,,,,,,,,N,3,0,1,2,A,-,03,22350,,F,C,C,A,A,H,-,A,A,0,,,,,Y,,A,01,0,1,0,0,0,0,0,0,0,"- ","- ",37.847259521484375,-122.271728515625,ALAMEDA,BERKELEY,-122.27176666259766,37.847087860107422
9294168,2021,2021-08-03,0103,2021-06-28,1157,104,,1,5,6,0103,0,0,0,,0,007,WARRING,PARKER,0.00,,Y,A,-,N,,,,,,,,,,N,2,0,1,1,C,-,18,,,N,F,J,A,D,G,-,A,D,0,,Y,,,Y,,-,"- ",1,0,0,0,0,0,1,0,0,"- ","- ",37.864128112792969,-122.25026702880859,ALAMEDA,BERKELEY,-122.25028228759766,37.8641357421875
9294169,2021,2021-08-03,0103,2021-06-23,1553,112,,3,5,6,0103,0,0,0,,0,005,HASTE,"MARTIN LUTHER KING JR",0.00,,Y,A,-,N,,,,,,,,,,N,3,0,1,2,A,-,00,21294,A,N,B,C,A,A,H,-,A,A,0,,,,,Y,,M,94,0,1,0,0,0,0,0,0,0,"- ","- ",37.864261627197266,-122.27220916748047,ALAMEDA,BERKELEY,-122.27220916748047,37.864269256591797
9294170,2021,2021-07-28,0103,2021-06-22,1727,112,,2,5,6,0103,0,0,0,,0,014,"W FRONTAGE RD","UNIVERSITY AV",270.00,S,N,A,-,N,,,,,,,,,,Y,3,0,1,2,A,-,05,21460,A,N,A,C,A,A,H,-,A,A,0,,,,,Y,,A,01,0,1,0,0,0,0,0,0,0,"- ","- ",37.866439819335938,-122.30555725097656,ALAMEDA,BERKELEY,-122.30514526367188,37.865684509277344
9294171,2021,2021-07-28,0103,2021-06-20,0920,13,,7,5,6,0103,0,0,0,,0,014,UNIVERSITY,7TH,0.00,,Y,B,-,N,,,,,,,,,,Y,3,0,1,2,A,-,03,22350,,N,C,C,A,A,H,-,A,A,0,,,,,Y,,A,01,0,1,0,0,0,0,0,0,0,"- ","- ",37.868198394775391,-122.29662322998047,ALAMEDA,BERKELEY,-122.29663848876953,37.868255615234375
9294173,2021,2021-07-28,0103,2021-06-18,0900,93,3601,5,5,6,0103,0,0,0,,0,006,"TELEGRAPH AV","PARKER ST",0.00,,Y,A,-,N,,,,,,,,,,Y,3,0,2,2,A,-,09,21801,A,N,D,C,A,A,H,-,A,A,0,,,,,Y,,A,01,0,1,1,0,0,0,0,0,0,"- ","- ",,,ALAMEDA,BERKELEY,-122.25871276855469,37.863235473632812
9294174,2021,2021-07-28,0103,2021-06-17,2115,120,,4,5,6,0103,0,0,0,,0,008,TELEGRAPH,DOWLING,0.00,,Y,A,-,N,,,,,,,,,,N,3,0,1,1,A,-,03,22350,,N,H,J,A,A,H,-,C,D,0,,,Y,,Y,,C,02,0,1,0,0,0,0,0,0,1,"- ","- ",37.854438781738281,-122.25991058349609,ALAMEDA,BERKELEY,-122.25997924804688,37.854469299316406
9294175,2021,2021-07-28,0103,2021-06-17,1142,26,,4,5,6,0103,0,0,0,,0,003,MCGEE,VIRGINIA,0.00,,Y,A,-,N,,,,,,,,,,N,2,0,1,2,A,-,08,22107,,N,H,G,A,A,H,-,A,A,0,,Y,,,Y,,L,04,1,0,0,0,0,0,1,0,0,"- ","- ",37.875438690185547,-122.27802276611328,ALAMEDA,BERKELEY,-122.27799987792969,37.87542724609375
9294176,2021,2021-07-27,0103,2021-06-16,1849,27,,3,5,6,0103,0,0,0,,0,002,"GRIZZLY PEAK","AVENIDA ST",135.00,S,N,A,-,N,,,,,,,,,,N,3,0,1,1,A,-,03,22350,,N,H,I,A,A,H,-,A,A,0,,Y,,,Y,,L,04,0,1,0,0,0,0,1,0,0,"- ","- ",37.884780883789062,-122.24791717529297,ALAMEDA,BERKELEY,-122.24826812744141,37.884742736816406
9294177,2021,2021-07-27,0103,2021-06-17,0759,S29,32,4,5,6,0103,0,0,0,,0,014,6TH,ALLSTON,0.00,,Y,A,-,N,,,,,,,,,,N,3,0,1,2,A,-,10,21950,A,N,G,B,B,A,H,-,A,A,0,Y,,,,Y,,A,01,0,1,0,0,1,0,0,0,0,"- ","- ",,,ALAMEDA,BERKELEY,-122.29679107666016,37.865257263183594
9294178,2021,2021-07-27,0103,2021-06-16,0900,112,,3,5,6,0103,0,0,0,,0,010,WARD,GRANT,0.00,,Y,A,-,N,,,,,,,,,,N,3,0,1,2,A,-,12,22450,A,N,A,G,A,A,H,-,A,A,0,,Y,,,Y,,A,01,0,1,0,0,0,0,1,0,0,"- ","- ",37.858638763427734,-122.27335357666016,ALAMEDA,BERKELEY,-122.27335357666016,37.858654022216797
9294179,2021,2021-07-27,0103,2021-06-14,1625,104,20,1,5,6,0103,0,0,0,,0,015,GILMAN,4TH,0.00,,Y,A,-,N,,,,,,,,,,Y,3,0,1,2,A,-,09,21802,A,N,D,C,A,A,H,-,A,A,0,,,,,Y,,A,08,0,1,0,0,0,0,0,0,0,"- ","- ",37.878929138183594,-122.30352783203125,ALAMEDA,BERKELEY,-122.30348968505859,37.878940582275391
9294180,2021,2021-07-27,0103,2021-06-14,1317,S29,18,1,5,6,0103,0,0,0,,0,003,CEDAR,SACRAMENTO,0.00,,Y,A,-,N,,,,,,,,,,Y,3,0,1,2,A,-,12,21453,A,N,D,C,A,A,H,-,A,A,0,,,,,Y,,A,01,0,1,0,0,0,0,0,0,0,"- ","- ",37.876689910888672,-122.28265380859375,ALAMEDA,BERKELEY,-122.28273773193359,37.876678466796875
9294506,2021,2021-08-05,0109,2021-06-13,0341,9644,1,7,5,7,0109,0,0,0,,0,20X,"FOOTHILL BL","MILLER AV",30.00,E,N,A,-,N,,,,,,,,,,Y,3,0,1,3,A,-,01,23152,A,N,C,E,A,A,H,-,C,D,0,,,,,Y,Y,A,01,0,1,0,0,0,0,0,0,0,"- ","- ",,,ALAMEDA,OAKLAND,-122.23292541503906,37.784824371337891
9294944,2021,2021-08-06,0109,2021-04-01,1130,8217,1,4,5,7,0109,0,0,0,,0,03X,"14TH ST","HARRISON ST",12.00,W,N,A,-,N,,,,,,,,,,N,3,0,1,2,A,-,10,21950,A,F,G,B,B,A,H,-,A,A,0,Y,,,,Y,,-,,0,1,0,0,1,0,0,0,0,"- ","- ",,,ALAMEDA,OAKLAND,-122.26763916015625,37.802925109863281
9294946,2021,2021-08-06,0109,2021-04-04,0131,9802,1,7,5,7,0109,0,0,0,,0,02X,"12TH ST","MARKET ST",0.00,,Y,A,-,N,,,,,,,,,,N,3,0,2,2,A,-,12,21453,A,M,D,C,A,A,H,-,C,A,0,,,,,Y,,A,01,0,1,1,0,0,0,0,0,0,"- ","- ",,,ALAMEDA,OAKLAND,-122.28150939941406,37.806678771972656
9294952,2021,2021-08-09,0109,2021-04-02,0647,9276,1,5,5,7,0109,0,0,0,,0,19X,EMBARCADERO,"22ND AV",750.00,W,N,A,-,N,,,,,,,,,,N,3,0,1,3,A,-,08,22100,B,N,D,C,A,A,H,-,B,D,0,,,,,Y,,A,07,0,1,0,0,0,0,0,0,0,"- ","- ",,,ALAMEDA,OAKLAND,-122.240244,37.780853
9298819,2021,2021-08-06,0109,2021-04-15,2330,9501,1,4,5,7,0109,0,0,0,,0,21Y,"COOLIDGE AV","LYNDE ST",54.00,N,N,A,-,N,,,,,,,,,,Y,3,0,1,2,A,-,01,23152,A,N,F,E,A,A,H,-,C,D,0,,,,,Y,Y,A,01,0,1,0,0,0,0,0,0,0,"- ","- ",,,ALAMEDA,OAKLAND,-122.21619415283203,37.789909362792969
9300559,2021,2021-08-12,0109,2021-04-01,1940,8914,1,4,5,7,0109,0,0,0,,0,01X,"40TH ST","SHAFTER AV",0.00,,Y,A,-,N,,,,,,,,,,N,3,0,1,2,A,-,12,21453,A,N,C,G,A,A,H,-,B,A,0,,Y,,,Y,,L,04,0,1,0,0,0,0,1,0,0,"- ","- ",,,ALAMEDA,OAKLAND,-122.25977325439453,37.828403472900391
9300560,2021,2021-08-12,0109,2021-04-11,1902,9754,1,7,5,7,0109,0,0,0,,0,14X,"GRAND AV","PERKINS ST",0.00,,Y,A,-,N,,,,,,,,,,N,2,0,1,2,A,-,11,21456,B,N,G,B,B,A,H,-,A,A,0,Y,,,,Y,,N,60,1,0,0,0,1,0,0,0,0,"- ","- ",,,ALAMEDA,OAKLAND,-122.25611877441406,37.808944702148438
9302323,2021,2021-08-12,0109,2021-04-09,1402,9339,2,5,5,7,0109,0,0,0,,0,29X,"FOOTHILL BL","62ND AV",0.00,,Y,A,-,N,,,,,,,,,,N,2,0,2,2,A,-,03,22350,,N,D,C,A,A,H,-,-,A,0,,,Y,,Y,,C,02,1,0,1,0,0,0,0,0,2,"- ","- ",,,ALAMEDA,OAKLAND,-122.18663787841797,37.771091461181641
9302324,2021,2021-08-18,0109,2021-04-09,2131,9799,2,5,5,7,0109,0,0,0,,0,34X,"BANCROFT AV","85TH AV",0.00,,Y,A,-,N,,,,,,,,,,N,3,0,2,1,A,-,08,22107,,N,A,I,A,A,H,-,C,D,0,,,,,Y,,A,01,0,1,1,0,0,0,0,0,0,"- ","- ",,,ALAMEDA,OAKLAND,-122.16883087158203,37.75762939453125
9302846,2021,2021-08-12,0109,2021-04-08,0148,8023,2,4,5,7,0109,0,0,0,,0,26X,"INTERNATIONAL BL","48TH AV",48.00,W,N,A,-,N,,,,,,,,,,N,2,0,1,2,A,-,11,21956,,F,G,B,E,A,H,-,C,D,0,Y,,,,Y,,N,60,1,0,0,0,1,0,0,0,0,"- ","- ",,,ALAMEDA,OAKLAND,-122.21040344238281,37.770149230957031
9306430,2021,2021-08-24,0109,2021-04-21,1349,8881,1,3,5,7,0109,0,0,0,,0,05Y,"MARITIME ST","W 14TH ST",35.00,S,N,A,-,N,,,,,,,,,,N,3,0,2,2,A,-,03,22350,,N,C,C,A,A,H,-,A,A,0,,,,,Y,,D,22,0,1,1,0,0,0,0,0,0,"- ","- ",,,ALAMEDA,OAKLAND,-122.30838775634766,37.815223693847656
9306432,2021,2021-08-24,0109,2021-04-20,0611,8549,1,2,5,7,0109,0,0,0,,0,23X,"INTERNATIONAL BL","23RD AV",3.00,W,N,A,-,N,,,,,,,,,,N,2,0,1,2,A,-,11,21456,B,N,G,B,-,A,H,-,A,A,0,Y,,,,Y,,N,60,1,0,0,0,1,0,0,0,0,"- ","- ",,,ALAMEDA,OAKLAND,-122.23594665527344,37.783424377441406
9308606,2021,2021-10-22,0109,2021-08-08,0210,9644,1,7,5,7,0109,0,0,0,,0,21X,"COOLIDGE AV","LOGAN AV",85.00,N,N,A,-,N,,,,,,,,,,Y,2,0,2,3,A,-,01,23153,A,N,F,E,A,A,H,-,C,A,0,,,,,Y,Y,A,01,1,0,1,0,0,0,0,0,0,"- ","- ",,,ALAMEDA,OAKLAND,-122.21852874755859,37.786849975585938
9308684,2021,2021-09-23,0109,2021-05-01,2109,9809,1,6,5,7,0109,0,0,0,,0,12X,"COLLEGE AV","CLAREMONT AV",5.00,N,N,A,-,N,,,,,,,,,,N,2,0,1,2,A,-,10,21950,A,N,G,B,B,A,H,-,D,A,0,Y,,,,Y,,A,01,1,0,0,0,1,0,0,0,0,"- ","- ",,,ALAMEDA,OAKLAND,-122.25228118896484,37.849452972412109
9308764,2021,2021-09-23,0109,2021-05-02,1536,9565,1,7,5,7,0109,0,0,0,,0,18X,"22ND AV","E 17TH ST",0.00,,Y,A,-,N,,,,,,,,,,Y,3,0,2,5,A,-,12,22450,A,N,D,C,A,A,H,-,A,A,0,,,,,Y,,A,01,0,1,1,0,0,0,0,0,0,"- ","- ",,,ALAMEDA,OAKLAND,-122.23549652099609,37.787075042724609
9308938,2021,2021-09-23,0109,2021-04-30,1429,8811,1,5,5,7,0109,0,0,0,,0,17X,"8TH AV","FOOTHILL BL",45.00,N,N,A,-,N,,,,,,,,,,N,3,0,1,2,A,-,21,22106,,N,G,B,D,A,H,-,A,D,0,Y,,,,Y,,A,01,0,1,0,0,1,0,0,0,0,"- ","- ",,,ALAMEDA,OAKLAND,-122.24936676025391,37.794933319091797
9308991,2021,2021-10-07,0109,2021-02-06,0123,9658,1,6,5,7,0109,0,0,0,,0,19X,"E 10TH ST","5TH AV",0.00,,Y,A,-,N,,,,,,,,,,N,2,0,1,2,A,-,08,22107,,F,G,B,F,A,H,-,C,A,0,Y,,,,Y,,-,,1,0,0,0,1,0,0,0,0,"- ","- ",,,ALAMEDA,OAKLAND,-122.25669097900391,37.793708801269531
9308998,2021,2021-10-07,0109,2021-02-01,0031,9878,1,1,5,7,0109,0,0,0,,0,06X,"MARTIN LUTHER KING WY","35TH ST",30.00,N,N,A,-,N,,,,,,,,,,N,3,0,1,2,A,-,05,21650,1,F,A,G,A,A,H,-,C,D,0,,Y,,,Y,,L,04,0,1,0,0,0,0,1,0,0,"- ","- ",,,ALAMEDA,OAKLAND,-122.26981353759766,37.824222564697266
9309000,2021,2021-10-07,0109,2021-02-12,1819,9917,2,5,5,7,0109,0,0,0,,0,30X,"73RD AV","INTERNATIONAL BL",0.00,,Y,A,-,N,,,,,,,,,,N,3,0,3,3,A,-,12,21453,A,M,D,C,A,A,H,-,C,A,0,,,,,Y,,-,"- ",0,1,2,0,0,0,0,0,0,"- ","- ",,,ALAMEDA,OAKLAND,-122.18708038330078,37.759212493896484
9309008,2021,2021-10-08,0109,2021-02-12,2244,9771,1,5,5,7,0109,0,0,0,,0,20X,"29TH AV","10TH ST",400.00,S,N,A,-,N,,,,,,,,,,N,2,0,1,1,A,-,03,22350,,N,E,I,A,A,H,-,C,A,0,,,,,Y,,A,01,1,0,0,0,0,0,0,0,0,"- ","- ",,,ALAMEDA,OAKLAND,-122.23306274414062,37.775436401367188
9309010,2021,2021-10-08,0109,2021-02-18,1210,9559,2,4,5,7,0109,0,0,0,,0,32X,"98TH AV","C ST",0.00,,Y,A,-,N,,,,,,,,,,N,3,0,3,2,A,-,12,22450,A,N,B,D,A,A,H,-,A,A,0,,,,,Y,,A,01,0,2,1,0,0,0,0,0,0,"- ","- ",,,ALAMEDA,OAKLAND,-122.17478942871094,37.742347717285156
9309018,2021,2021-10-06,0109,2021-01-23,1637,9748,1,6,5,7,0109,0,0,0,,0,15X,"E 18TH ST","4TH AV",0.00,,Y,A,-,N,,,,,,,,,,N,3,0,1,2,A,-,10,21950,A,N,G,B,B,A,H,-,A,A,0,Y,,,,Y,,A,01,0,1,0,0,1,0,0,0,0,"- ","- ",,,ALAMEDA,OAKLAND,-122.2509765625,37.799110412597656
9309020,2021,2021-10-06,0109,2021-01-20,0928,9838,1,3,5,7,0109,0,0,0,,0,20X,"29TH AV","12TH ST",0.00,,Y,A,-,N,,,,,,,,,,N,3,0,1,2,A,-,12,21453,,N,D,C,A,A,H,-,A,A,0,,,,,Y,,-,"- ",0,1,0,0,0,0,0,0,0,"- ","- ",,,ALAMEDA,OAKLAND,-122.23027801513672,37.778049468994141
9309088,2021,2021-10-01,0109,2021-06-09,0214,8225,1,3,5,7,0109,0,0,0,,0,13X,SKYLINE,"GRIZZLY PEAK",400.00,E,N,A,-,N,,,,,,,,,,N,3,0,1,1,A,-,03,22350,,N,E,I,A,A,H,-,D,D,0,,,,,Y,,A,01,0,1,0,0,0,0,0,0,0,"- ","- ",,,ALAMEDA,OAKLAND,-122.20700836181641,37.851341247558594
9309090,2021,2021-10-02,0109,2021-06-06,1938,9590,1,7,5,7,0109,0,0,0,,0,03X,"FRANKLIN ST","12TH ST",0.00,,Y,A,-,N,,,,,,,,,,N,3,0,1,2,A,-,12,21453,A,N,A,C,A,A,-,-,C,A,0,,,,,Y,,A,01,0,1,0,0,0,0,0,0,0,"- ","- ",,,ALAMEDA,OAKLAND,-122.27082061767578,37.802467346191406