CASE_ID,ACCIDENT_YEAR,PROC_DATE,JURIS,COLLISION_DATE,COLLISION_TIME,OFFICER_ID,REPORTING_DISTRICT,DAY_OF_WEEK,CHP_SHIFT,POPULATION,CNTY_CITY_LOC,SPECIAL_COND,BEAT_TYPE,CHP_BEAT_TYPE,CITY_DIVISION_LAPD,CHP_BEAT_CLASS,BEAT_NUMBER,PRIMARY_RD,SECONDARY_RD,DISTANCE,DIRECTION,INTERSECTION,WEATHER_1,WEATHER_2,STATE_HWY_IND,CALTRANS_COUNTY,CALTRANS_DISTRICT,STATE_ROUTE,ROUTE_SUFFIX,POSTMILE_PREFIX,POSTMILE,LOCATION_TYPE,RAMP_INTERSECTION,SIDE_OF_HWY,TOW_AWAY,COLLISION_SEVERITY,NUMBER_KILLED,NUMBER_INJURED,PARTY_COUNT,PRIMARY_COLL_FACTOR,PCF_CODE_OF_VIOL,PCF_VIOL_CATEGORY,PCF_VIOLATION,PCF_VIOL_SUBSECTION,HIT_AND_RUN,TYPE_OF_COLLISION,MVIW,PED_ACTION,ROAD_SURFACE,ROAD_COND_1,ROAD_COND_2,LIGHTING,CONTROL_DEVICE,CHP_ROAD_TYPE,PEDESTRIAN_ACCIDENT,BICYCLE_ACCIDENT,MOTORCYCLE_ACCIDENT,TRUCK_ACCIDENT,NOT_PRIVATE_PROPERTY,ALCOHOL_INVOLVED,STWD_VEHTYPE_AT_FAULT,CHP_VEHTYPE_AT_FAULT,COUNT_SEVERE_INJ,COUNT_VISIBLE_INJ,COUNT_COMPLAINT_PAIN,COUNT_PED_KILLED,COUNT_PED_INJURED,COUNT_BICYCLIST_KILLED,COUNT_BICYCLIST_INJURED,COUNT_MC_KILLED,COUNT_MC_INJURED,PRIMARY_RAMP,SECONDARY_RAMP,LATITUDE,LONGITUDE,COUNTY,CITY,POINT_X,POINT_Y
9414291,2022,2022-03-23,0103,2022-01-09,1516,61,35,7,5,6,0103,0,0,0,,0,008,"SHATTUCK AV","OREGON ST",91.00,N,N,A,-,N,,,,,,,,,,N,3,0,1,2,A,-,11,21954,A,N,G,B,D,A,H,-,A,D,0,Y,,,,Y,,N,60,0,1,0,0,1,0,0,0,0,"- ","- ",37.857631683349609,-122.26679992675781,ALAMEDA,BERKELEY,-122.26683807373047,37.857868194580078
9414295,2022,2022-03-23,0103,2022-01-09,1248,34,,7,5,6,0103,0,0,0,,0,007,"CLAREMONT AV","WEBSTER ST",10.00,S,N,A,-,N,,,,,,,,,,N,3,0,2,2,A,-,03,22350,,N,C,C,A,A,H,-,A,D,0,,,Y,,Y,,C,02,0,2,0,0,0,0,0,0,1,"- ","- ",37.855888366699219,-122.24674224853516,ALAMEDA,BERKELEY,-122.24687194824219,37.856147766113281
9414299,2022,2022-03-23,0103,2022-01-08,1507,34,,6,5,6,0103,0,0,0,,0,004,"ALLSTON WY","MCKINLEY AV",28.00,W,N,A,-,N,,,,,,,,,,N,3,0,1,1,A,-,03,22350,,N,H,J,A,A,H,-,A,D,0,,Y,,,Y,Y,L,04,0,1,0,0,0,0,1,0,0,"- ","- ",37.868640899658203,-122.27382659912109,ALAMEDA,BERKELEY,-122.27393341064453,37.868663787841797
9414303,2022,2022-03-23,0103,2022-01-06,1655,47,,4,5,6,0103,0,0,0,,0,005,"CHANNING WY","SHATTUCK AV",83.00,W,N,B,-,N,,,,,,,,,,N,3,0,1,2,A,-,07,21658,A,N,B,G,A,A,H,-,B,D,0,,Y,,,Y,,A,01,0,1,0,0,0,0,1,0,0,"- ","- ",,,ALAMEDA,BERKELEY,-122.26790618896484,37.865741729736328
9414307,2022,2022-03-23,0103,2022-01-06,1622,121,,4,5,6,0103,0,0,0,,0,011,"DOHR ST","OREGON ST",100.00,N,N,A,-,N,,,,,,,,,,N,3,0,1,2,A,-,08,22107,,N,A,G,A,A,H,-,-,D,0,,Y,,,Y,,L,04,0,1,0,0,0,0,1,0,0,"- ","- ",37.855808258056641,-122.28125762939453,ALAMEDA,BERKELEY,-122.28131103515625,37.856090545654297
9414311,2022,2022-03-24,0103,2022-01-05,1408,159,,3,5,6,0103,0,0,0,,0,015,"9TH ST","CAMELIA ST",0.00,,Y,A,-,N,,,,,,,,,,N,2,0,1,2,A,-,10,21950,A,N,G,B,B,A,H,-,D,D,0,Y,,,,Y,,-,,1,0,0,0,1,0,0,0,0,"- ","- ",37.878280639648438,-122.29752349853516,ALAMEDA,BERKELEY,-122.29750823974609,37.878273010253906
9414315,2022,2022-03-24,0103,2022-01-03,1258,,,1,5,6,0103,0,0,0,,0,009,"SACRAMENTO ST","HARMON ST",114.00,N,N,B,-,N,,,,,,,,,,Y,2,0,1,2,C,-,18,,,N,A,E,A,-,H,-,A,D,0,,,,,Y,,-,"- ",1,0,0,0,0,0,0,0,0,"- ","- ",,,ALAMEDA,BERKELEY,-122.27810668945312,37.849128723144531
9414316,2021,2022-03-11,0109,2021-11-21,1800,9832,1,7,5,7,0109,0,0,0,,0,10X,"40TH ST","MARTIN LUTHER KING JR WY",0.00,,Y,A,-,N,,,,,,,,,,N,3,0,1,2,A,-,08,22107,,F,G,B,E,A,H,-,C,A,0,Y,,,,Y,,-,99,0,1,0,0,1,0,0,0,0,"- ","- ",,,ALAMEDA,OAKLAND,-122.2684326171875,37.82977294921875
9414319,2022,2022-03-24,0103,2022-01-01,1938,6,39,6,5,6,0103,0,0,0,,0,009,"HARMON ST","ADELINE ST",0.00,,Y,A,-,N,,,,,,,,,,N,3,0,1,2,A,-,03,22350,,M,D,C,A,A,H,-,C,A,0,,,,,Y,,A,01,0,1,0,0,0,0,0,0,0,"- ","- ",37.84967041015625,-122.27105712890625,ALAMEDA,BERKELEY,-122.27114868164062,37.84967041015625
9414341,2022,2022-03-18,0103,2022-01-27,1027,140,35,4,5,6,0103,0,0,0,,0,010,"ADELINE ST","ASHBY AV",100.00,N,N,A,-,Y,ALA,4,13,-,-,12.240,I,6,N,N,3,0,1,2,A,-,08,22107,,N,E,J,A,A,H,-,A,A,0,,,,,Y,,A,01,0,1,0,0,0,0,0,0,0,"- ","- ",37.854660034179688,-122.26966857910156,ALAMEDA,BERKELEY,-122.26911163330078,37.85467529296875
9414345,2022,2022-03-18,0103,2022-01-23,1445,64,,7,5,6,0103,0,0,0,,0,014,UNIVERSITY,"SAN PABLO AV",200.00,W,N,A,-,Y,ALA,4,123,-,-,3.150,I,6,S,N,3,0,1,3,A,-,03,22350,,N,C,C,A,A,H,-,A,A,0,,,,,Y,,-,,0,1,0,0,0,0,0,0,0,"- ","- ",37.868640899658203,-122.29441070556641,ALAMEDA,BERKELEY,-122.29224395751953,37.869098663330078
9414353,2022,2022-03-18,0103,2022-01-11,0909,23,34,2,5,6,0103,0,0,0,,0,009,"RT 13",CALIFORNIA,0.00,,Y,A,-,Y,ALA,4,13,-,-,12.640,I,5,S,Y,3,0,1,2,A,-,09,21802,A,N,D,C,A,A,H,-,A,A,0,,,,,Y,,A,01,0,1,0,0,0,0,0,0,0,"- ","- ",37.853549957275391,-122.27690124511719,ALAMEDA,BERKELEY,-122.27694702148438,37.853565216064453
9416438,2022,2022-03-15,0109,2022-01-08,2152,9802,1,6,5,7,0109,0,0,0,,0,06X,"27TH ST","NORTHGATE AV",0.00,,Y,A,-,N,,,,,,,,,,N,3,0,2,4,A,-,12,21453,A,N,D,C,A,A,H,-,D,A,0,,,,,Y,,A,01,0,2,0,0,0,0,0,0,0,"- ","- ",,,ALAMEDA,OAKLAND,-122.26984405517578,37.816471099853516
9416866,2021,2022-03-16,0109,2021-11-18,1433,9521,1,4,5,7,0109,0,0,0,,0,07X,"SAN PABLO AV","FILBERT ST",0.00,,Y,B,-,N,,,,,,,,,,N,3,0,1,2,A,-,12,22450,A,F,D,C,A,A,H,-,A,A,0,,,Y,,Y,,A,01,0,1,0,0,0,0,0,0,1,"- ","- ",,,ALAMEDA,OAKLAND,-122.27754974365234,37.8236083984375
9417287,2021,2022-03-22,0109,2021-03-11,0729,8862,2,4,5,7,0109,0,0,0,,0,31Z,"105TH AV","ROYAL ANN ST",0.00,,Y,B,-,N,,,,,,,,,,Y,2,0,1,2,A,-,09,21802,A,N,D,C,A,B,H,-,A,A,0,,,,,Y,,A,07,1,0,0,0,0,0,0,0,0,"- ","- ",,,ALAMEDA,OAKLAND,-122.17079162597656,37.737350463867188
9417347,2021,2022-03-30,0109,2021-11-19,1847,8959,1,5,5,7,0109,0,0,0,,0,20X,"FOOTHILL BL","28TH AV",0.00,,Y,C,-,N,,,,,,,,,,N,3,0,1,3,A,-,12,21453,A,M,D,C,A,B,H,-,C,A,0,,,,,Y,,A,01,0,1,0,0,0,0,0,0,0,"- ","- ",,,ALAMEDA,OAKLAND,-122.22550964355469,37.784366607666016
9417761,2021,2022-03-28,0109,2021-01-03,0504,9405,2,7,5,7,0109,0,0,0,,0,27X,"47TH AV","FOOTHILL BL",0.00,,Y,A,-,N,,,,,,,,,,Y,3,0,1,1,A,-,08,22107,,N,A,I,A,A,H,-,C,A,0,,,,,Y,,A,01,0,1,0,0,0,0,0,0,0,"- ","- ",,,ALAMEDA,OAKLAND,-122.20869445800781,37.773216247558594
9417762,2021,2022-03-28,0109,2021-03-28,0233,9880,1,7,5,7,0109,0,0,0,,0,03X,"14TH ST","MADISON ST",0.00,,Y,A,-,N,,,,,,,,,,Y,2,0,1,2,A,-,01,23152,A,N,D,C,A,A,H,-,C,A,0,,,,,Y,Y,A,01,1,0,0,0,0,0,0,0,0,"- ","- ",,,ALAMEDA,OAKLAND,-122.26406097412109,37.801513671875
9417763,2021,2022-03-28,0109,2021-03-26,2204,9771,1,5,5,7,0109,0,0,0,,0,20X,"29TH AV","RT 880",0.00,,Y,A,-,N,,,,,,,,,,Y,3,0,2,2,A,-,12,21453,A,N,D,C,A,A,H,-,C,A,0,,,,,Y,,A,01,0,2,0,0,0,0,0,0,0,"- ","- ",,,ALAMEDA,OAKLAND,-122.23337554931641,37.775104522705078
9417765,2021,2022-03-28,0109,2021-04-02,0824,9651,2,5,5,7,0109,0,0,0,,0,32X,"98TH AV","B ST",6.00,N,N,A,-,N,,,,,,,,,,N,2,0,1,2,A,-,10,21950,A,N,G,B,B,A,H,-,A,A,0,Y,,,,Y,,A,01,1,0,0,0,1,0,0,0,0,"- ","- ",,,ALAMEDA,OAKLAND,-122.17387390136719,37.742778778076172
9417768,2021,2022-03-28,0109,2021-06-23,2247,9860,2,3,5,7,0109,0,0,0,,0,19X,"INTERNATIONAL BL","15TH AV",0.00,,Y,A,-,N,,,,,,,,,,Y,2,0,2,2,A,-,01,23153,A,F,C,C,A,A,H,-,C,D,0,,,Y,,Y,Y,A,01,1,0,1,0,0,0,0,0,1,"- ","- ",,,ALAMEDA,OAKLAND,-122.24521636962891,37.788967132568359
9417769,2021,2022-03-28,0109,2021-06-24,1842,9203,1,4,5,7,0109,0,0,0,,0,18X,"14TH AV","24TH ST",10.00,N,N,A,-,N,,,,,,,,,,N,3,0,1,2,A,-,12,21453,A,F,G,B,B,A,H,-,A,A,0,Y,,,,Y,,A,01,0,1,0,0,1,0,0,0,0,"- ","- ",,,ALAMEDA,OAKLAND,-122.23671722412109,37.795402526855469
9417770,2021,2022-03-28,0109,2021-06-12,1900,9501,1,6,5,7,0109,0,0,0,,0,18X,"FOOTHILL BL","20TH AV",0.00,,Y,A,-,N,,,,,,,,,,Y,3,0,2,3,A,-,10,21950,A,N,A,B,B,A,H,-,A,D,0,Y,,,,Y,,A,01,0,1,1,0,2,0,0,0,0,"- ","- ",,,ALAMEDA,OAKLAND,-122.23841857910156,37.787490844726562
9417774,2021,2022-03-28,0109,2021-07-18,0307,9853,1,7,5,7,0109,0,0,0,,0,03X,"11TH ST","CASTRO ST",0.00,,Y,A,-,N,,,,,,,,,,N,3,0,1,2,A,-,12,21453,A,N,D,C,A,A,H,-,B,A,0,,,,,Y,,-,"- ",0,1,0,0,0,0,0,0,0,"- ","- ",,,ALAMEDA,OAKLAND,-122.27845001220703,37.804599761962891
9417777,2021,2022-03-28,0109,2021-07-28,1646,9905,1,3,5,7,0109,0,0,0,,0,19X,"E 12TH ST","14TH AV",0.00,,Y,-,-,N,,,,,,,,,,N,2,0,1,2,A,-,12,21453,A,F,D,C,A,A,H,-,A,A,0,,,Y,,Y,,A,01,1,0,0,0,0,0,0,0,1,"- ","- ",,,ALAMEDA,OAKLAND,-122.24722290039062,37.788272857666016
9417778,2021,2022-03-28,0109,2021-07-21,0751,9479,1,3,5,7,0109,0,0,0,,0,14Y,"LAKESHORE AV","BROOKLYN AV",8.00,N,N,B,-,N,,,,,,,,,,N,3,0,1,2,A,-,10,21950,A,N,G,B,B,A,-,-,A,A,0,Y,Y,,,Y,,L,04,0,1,0,0,1,0,0,0,0,"- ","- ",,,ALAMEDA,OAKLAND,-122.25053405761719,37.805271148681641
9417782,2021,2022-04-19,0109,2021-08-09,2036,9904,1,1,5,7,0109,0,0,0,,0,19X,"10TH AV","E 12TH ST",0.00,,Y,A,-,N,,,,,,,,,,Y,2,0,3,2,A,-,"- ",,,N,A,C,A,A,H,-,B,A,0,,,,,Y,,A,01,2,1,0,0,0,0,0,0,0,"- ","- ",,,ALAMEDA,OAKLAND,-122.25063323974609,37.791412353515625
9417783,2021,2022-03-28,0109,2021-09-15,1750,9937,1,3,5,7,0109,0,0,0,,0,07X,"28TH ST","ADELINE ST",0.00,,Y,A,-,N,,,,,,,,,,N,3,0,1,3,A,-,09,21802,A,N,B,C,A,A,H,-,A,B,0,,,,,Y,,A,01,0,1,0,0,0,0,0,0,0,"- ","- ",,,ALAMEDA,OAKLAND,-122.28224182128906,37.820266723632812
9417784,2021,2022-03-28,0109,2021-09-05,1903,9923,2,7,5,7,0109,0,0,0,,0,01X,"3RD ST","WEBSTER ST",10.00,E,N,A,-,N,,,,,,,,,,N,3,0,1,2,A,-,10,21950,A,N,G,B,B,A,H,-,A,D,0,Y,,,,Y,,A,01,0,1,0,0,1,0,0,0,0,"- ","- ",,,ALAMEDA,OAKLAND,-122.27349090576172,37.795787811279297
9417787,2021,2022-03-28,0109,2021-09-23,1927,9917,2,4,5,7,0109,0,0,0,,0,32X,"105TH AV","ROYAL ANN ST",259.00,N,N,A,-,N,,,,,,,,,,Y,3,0,1,2,A,-,08,22107,,N,D,E,A,A,H,-,B,D,0,,,,,Y,,A,01,0,1,0,0,0,0,0,0,0,"- ","- ",,,ALAMEDA,OAKLAND,-122.17002105712891,37.737712860107422
9417788,2021,2022-03-28,0109,2021-09-03,2058,9658,1,5,5,7,0109,0,0,0,,0,30Y,"BANCROFT AV","75TH AV",0.00,,Y,A,-,N,,,,,,,,,,N,2,0,1,2,A,-,08,22107,,F,-,G,A,A,H,-,C,A,0,,Y,,,Y,,A,01,1,0,0,0,0,0,1,0,0,"- ","- ",,,ALAMEDA,OAKLAND,-122.17570495605469,37.764926910400391
9417790,2021,2022-03-28,0109,2021-09-25,0141,9804,1,6,5,7,0109,0,0,0,,0,04X,"TELEGRAPH AV","22ND ST",84.00,S,N,A,-,N,,,,,,,,,,N,2,0,1,1,A,-,01,23152,A,N,A,J,A,A,H,-,C,A,0,,,,,Y,Y,A,01,1,0,0,0,0,0,0,0,0,"- ","- ",,,ALAMEDA,OAKLAND,-122.26926422119141,37.810832977294922
9417799,2021,2022-03-30,0109,2021-10-02,1901,9582,1,6,5,7,0109,0,0,0,,0,14Y,"GRAND AV","SANTA CLARA AV",430.00,N,N,A,-,N,,,,,,,,,,N,3,0,1,2,A,-,05,21460,A,N,D,C,A,A,H,-,C,D,0,,,Y,,Y,,A,01,0,1,0,0,0,0,0,0,1,"- ","- ",,,ALAMEDA,OAKLAND,-122.24727630615234,37.812496185302734
9417800,2021,2022-04-18,0109,2021-10-30,1254,9514,2,6,5,7,0109,0,0,0,,0,34X,"BANCROFT AV","90TH AV",100.00,E,N,A,-,N,,,,,,,,,,N,3,0,2,3,A,-,03,22350,,M,B,C,A,A,H,-,A,D,0,,,,,Y,,A,01,0,1,1,0,0,0,0,0,0,"- ","- ",,,ALAMEDA,OAKLAND,-122.16563415527344,37.753322601318359
9417827,2021,2022-03-28,0109,2021-12-17,0909,9923,1,5,5,7,0109,0,0,0,,0,19X,"20TH AV","INTERNATIONAL BL",0.00,,Y,-,-,N,,,,,,,,,,N,2,0,1,2,A,-,12,21453,A,F,A,C,A,A,H,-,A,A,0,,,,,Y,,A,01,1,0,0,0,0,0,0,0,0,"- ","- ",,,ALAMEDA,OAKLAND,-122.23998260498047,37.785835266113281
9417829,2021,2022-03-28,0109,2021-12-11,1754,9590,1,6,5,7,0109,0,0,0,,0,25X,"MACARTHUR BL","LOMA VISTA AV",0.00,,Y,A,-,N,,,,,,,,,,N,3,0,1,2,A,-,12,21453,A,N,A,C,A,A,-,-,C,A,0,,,Y,,Y,,C,03,0,1,0,0,0,0,0,0,1,"- ","- ",,,ALAMEDA,OAKLAND,-122.19940185546875,37.792423248291016
9417832,2021,2022-03-28,0109,2021-12-05,1741,9481,1,7,5,7,0109,0,0,0,,0,19X,"21ST AV","FOOTHILL AV",0.00,,Y,A,-,N,,,,,,,,,,N,3,0,1,3,A,-,09,21802,A,N,D,C,A,A,H,-,A,A,0,,,,,Y,,A,01,0,1,0,0,0,0,0,0,0,"- ","- ",,,ALAMEDA,OAKLAND,-122.23733520507812,37.786861419677734
9417833,2021,2022-04-18,0109,2021-12-21,2002,9516,1,2,5,7,0109,0,0,0,,0,02X,"7TH ST","FILBERT ST",0.00,,Y,C,-,N,,,,,,,,,,N,3,0,2,3,A,-,09,21801,A,N,D,C,A,B,-,-,C,D,0,,,,,Y,,A,01,0,1,1,0,0,0,0,0,0,"- ","- ",,,ALAMEDA,OAKLAND,-122.28501892089844,37.803096771240234
9417836,2021,2022-03-28,0109,2021-12-18,0828,9786,1,6,5,7,0109,0,0,0,,0,14X,"MANDANA BL","WALKER AV",0.00,,Y,A,-,N,,,,,,,,,,N,3,0,1,2,A,-,10,21950,A,N,G,B,B,A,H,-,A,A,0,Y,,,,Y,,A,01,0,1,0,0,1,0,0,0,0,"- ","- ",,,ALAMEDA,OAKLAND,-122.24537658691406,37.813678741455078
9417837,2021,2022-03-28,0109,2021-12-22,1948,9626,2,3,5,7,0109,0,0,0,,0,26X,"73RD AV","HAMILTON ST",0.00,,Y,A,-,N,,,,,,,,,,N,3,0,1,2,A,-,12,21453,A,N,C,C,A,B,H,-,C,A,0,,,,,Y,,A,01,0,1,0,0,0,0,0,0,0,"- ","- ",,,ALAMEDA,OAKLAND,-122.19078826904297,37.756881713867188
9417838,2021,2022-03-28,0109,2021-12-29,1726,9942,1,3,5,7,0109,0,0,0,,0,12Y,"SHEPHERD CANYON RD","ESCHER RD",0.00,,Y,C,G,N,,,,,,,,,,N,3,0,1,1,C,-,18,,,N,H,J,A,B,H,-,D,D,0,,,,,Y,,-,"- ",0,1,0,0,0,0,0,0,0,"- ","- ",,,ALAMEDA,OAKLAND,-122.19898986816406,37.830223083496094
9417845,2021,2022-03-28,0109,2021-02-10,1419,8862,1,3,5,7,0109,0,0,0,,0,05X,"18TH ST","MARKET ST",0.00,,Y,A,-,N,,,,,,,,,,N,2,0,1,2,A,-,12,21453,A,N,D,G,A,A,H,-,A,A,0,,Y,,,Y,,L,04,1,0,0,0,0,0,1,0,0,"- ","- ",,,ALAMEDA,OAKLAND,-122.27989196777344,37.811141967773438
9418207,2022,2022-03-28,0103,2022-02-22,0945,107,21,2,5,6,0103,0,0,0,,0,015,6TH,VIRGINIA,0.00,,Y,A,-,N,,,,,,,,,,Y,3,0,1,2,A,-,12,21453,A,N,D,C,A,A,H,-,-,A,0,,,,,Y,,A,01,0,1,0,0,0,0,0,0,0,"- ","- ",37.872329711914062,-122.29905700683594,ALAMEDA,BERKELEY,-122.29909515380859,37.872325897216797
9418208,2022,2022-03-28,0103,2022-02-04,1342,34,,5,5,6,0103,0,0,0,,0,005,SACRAMENTO,DWIGHT,0.00,,Y,A,-,N,,,,,,,,,,Y,3,0,1,3,A,-,12,21453,A,F,D,C,A,A,H,-,A,A,0,,,,,Y,,A,01,0,1,0,0,0,0,0,0,0,"- ","- ",37.862201690673828,-122.28108978271484,ALAMEDA,BERKELEY,-122.28118896484375,37.862190246582031
9418212,2022,2022-03-29,0103,2022-02-17,0541,76,,4,5,6,0103,0,0,0,,0,007,BANCROFT,PROSPECT,25.00,W,N,A,-,N,,,,,,,,,,Y,3,0,1,1,C,-,18,,,N,E,I,A,A,H,-,C,D,0,,,,,Y,,-,"- ",0,1,0,0,0,0,0,0,0,"- ","- ",37.869289398193359,-122.25050354003906,ALAMEDA,BERKELEY,-122.25025939941406,37.869365692138672
9418678,2022,2022-03-25,0103,2022-01-31,1457,87,20,1,5,6,0103,0,0,0,,0,015,CEDAR,EASTSHORE,0.00,,Y,A,-,N,,,,,,,,,,N,2,0,1,1,A,-,03,22350,,N,A,J,A,-,A,-,-,A,0,,,,,Y,,M,94,1,0,0,0,0,0,0,0,0,"- ","- ",37.873531341552734,-122.30476379394531,ALAMEDA,BERKELEY,-122.30522918701172,37.872936248779297
9418733,2022,2022-03-30,0103,2022-02-18,1457,4,,5,5,6,0103,0,0,0,,0,003,"HEARST AV","MARTIN LUTHER KING JR WY",637.00,W,N,A,-,N,,,,,,,,,,N,3,0,2,2,A,-,03,22350,,N,G,B,F,A,H,-,A,D,0,Y,Y,,,Y,,L,04,0,1,1,0,1,0,1,0,0,"- ","- ",37.873218536376953,-122.27520751953125,ALAMEDA,BERKELEY,-122.27536773681641,37.873008728027344
9418734,2022,2022-03-30,0103,2022-02-18,2351,19,29,5,5,6,0103,0,0,0,,0,005,"SHATTUCK AV","DURANT AV",0.00,,Y,A,-,N,,,,,,,,,,Y,3,0,3,3,A,-,08,22107,,F,G,B,F,A,H,-,C,A,0,Y,,,,Y,Y,A,01,0,3,0,0,2,0,0,0,0,"- ","- ",37.866691589355469,-122.26767730712891,ALAMEDA,BERKELEY,-122.26773071289062,37.866691589355469
9418736,2022,2022-03-30,0103,2022-02-22,1558,25,,2,5,6,0103,0,0,0,,0,006,"PARKER ST","DANA ST",0.00,,Y,A,-,N,,,,,,,,,,N,3,0,1,2,A,-,12,22450,A,N,D,C,A,A,H,-,A,A,0,,,,,Y,,M,94,0,1,0,0,0,0,0,0,0,"- ","- ",37.863048553466797,-122.26035308837891,ALAMEDA,BERKELEY,-122.26035308837891,37.863052368164062
9418741,2022,2022-03-25,0103,2022-02-02,1700,2,,3,5,6,0103,0,0,0,,0,002,OXFORD,HEARST,0.00,,Y,A,-,N,,,,,,,,,,N,3,0,1,2,A,-,08,22107,,N,A,G,A,A,H,-,A,A,0,,Y,,,Y,,A,01,0,1,0,0,0,0,1,0,0,"- ","- ",37.874149322509766,-122.26628875732422,ALAMEDA,BERKELEY,-122.26634979248047,37.874160766601562
9418742,2022,2022-03-25,0103,2022-02-02,1803,144,,3,5,6,0103,0,0,0,,0,010,MILVIA,DERBY,0.00,,Y,A,-,N,,,,,,,,,,N,3,0,1,2,A,-,17,21461,A,N,A,G,A,A,H,-,B,D,0,,Y,,,Y,,A,01,0,1,0,0,0,0,1,0,0,"- ","- ",,,ALAMEDA,BERKELEY,-122.26941680908203,37.860019683837891
9418761,2022,2022-03-25,0103,2022-02-23,1620,42,,3,5,6,0103,0,0,0,,0,016,GILMAN,PERALTA,0.00,,Y,A,-,N,,,,,,,,,,Y,3,0,1,2,A,-,09,21802,A,N,D,C,A,A,H,-,A,A,0,,,,,Y,,A,01,0,1,0,0,0,0,0,0,0,"- ","- ",37.880908966064453,-122.28780364990234,ALAMEDA,BERKELEY,-122.28775024414062,37.880901336669922
9418762,2022,2022-04-04,0103,2022-02-23,1745,47,,3,5,6,0103,0,0,0,,0,005,CALIFORNIA,BLAKE,130.00,S,N,A,-,N,,,,,,,,,,N,2,0,1,1,C,-,18,,,N,E,-,A,A,A,H,A,D,0,,Y,,,Y,,-,"- ",1,0,0,0,0,0,1,0,0,"- ","- ",,,ALAMEDA,BERKELEY,-122.27845001220703,37.861297607421875
9418763,2022,2022-03-25,0103,2022-02-24,1354,104,17,4,5,6,0103,0,0,0,,0,001,"MARTIN LUTHER KING JR",ROSE,0.00,,Y,A,-,N,,,,,,,,,,Y,3,0,1,3,A,-,08,22107,,N,B,E,A,A,H,-,A,A,0,,,,,Y,,A,07,0,1,0,0,0,0,0,0,0,"- ","- ",37.881439208984375,-122.27410125732422,ALAMEDA,BERKELEY,-122.27410125732422,37.881439208984375
9418764,2022,2022-03-25,0103,2022-02-25,1840,69,24,5,5,6,0103,0,0,0,,0,003,UNIVERSITY,BONITA,0.00,,Y,A,-,N,,,,,,,,,,N,3,0,1,2,A,-,10,21950,A,N,G,B,B,A,H,-,C,D,0,Y,,,,Y,,A,01,0,1,0,0,1,0,0,0,0,"- ","- ",37.871700286865234,-122.27187347412109,ALAMEDA,BERKELEY,-122.27189636230469,37.871749877929688
9418765,2022,2022-03-25,0103,2022-02-26,0208,73,34,6,5,6,0103,0,0,0,,0,010,OREGON,GRANT,0.00,,Y,A,-,N,,,,,,,,,,N,3,0,2,1,A,-,01,23153,A,M,A,I,A,A,H,-,C,D,0,,,,,Y,Y,A,01,0,2,0,0,0,0,0,0,0,"- ","- ",37.856220245361328,-122.27416229248047,ALAMEDA,BERKELEY,-122.27297973632812,37.856861114501953
9418766,2022,2022-03-25,0103,2022-02-18,0830,104,29,5,5,6,0103,0,0,0,,0,004,MILVIA,CENTER,0.00,,Y,A,-,N,,,,,,,,,,N,3,0,1,2,A,-,08,22107,,N,B,G,A,A,A,H,A,D,0,,Y,,,Y,,L,04,0,1,0,0,0,0,1,0,0,"- ","- ",37.869979858398438,-122.27055358886719,ALAMEDA,BERKELEY,-122.27054595947266,37.869956970214844
9418767,2022,2022-03-25,0103,2022-02-17,1737,94,27,4,5,6,0103,0,0,0,,0,006,COLLEGE,CHANNING,0.00,,Y,A,-,N,,,,,,,,,,N,3,0,1,2,A,-,00,21456,D,F,D,B,E,-,H,-,A,A,0,Y,,,,Y,,N,60,0,1,0,0,1,0,0,0,0,"- ","- ",37.867488861083984,-122.2542724609375,ALAMEDA,BERKELEY,-122.25428771972656,37.867481231689453
9418768,2022,2022-03-25,0103,2022-02-16,1605,S29,37,3,5,6,0103,0,0,0,,0,007,RUSSELL,"PINE AV",0.00,,-,A,-,N,,,,,,,,,,N,3,0,1,2,A,-,08,22107,,N,D,G,A,A,H,-,A,D,0,,Y,,,Y,,A,01,0,1,0,0,0,0,1,0,0,"- ","- ",37.85906982421875,-122.24701690673828,ALAMEDA,BERKELEY,-122.24849700927734,37.858768463134766
9418770,2022,2022-03-25,0103,2022-02-13,2323,99,3901,7,5,6,0103,0,0,0,,0,008,EMERSON,SHATTUCK,0.00,,Y,E,-,N,,,,,,,,,,N,3,0,1,2,A,-,08,22107,,N,D,G,A,A,H,-,C,D,0,,Y,,,Y,,A,01,0,1,0,0,0,0,1,0,0,"- ","- ",37.854549407958984,-122.26638793945312,ALAMEDA,BERKELEY,-122.26641845703125,37.854522705078125
9418773,2022,2022-03-25,0103,2022-02-10,1923,124,35,4,5,6,0103,0,0,0,,0,010,"MARTIN LUTHER KING JR",DERBY,0.00,,Y,A,-,N,,,,,,,,,,Y,3,0,1,2,A,-,09,21802,A,N,D,C,A,A,H,-,C,D,0,,,,,Y,,A,01,0,1,0,0,0,0,0,0,0,"- ","- ",37.858860015869141,-122.27159881591797,ALAMEDA,BERKELEY,-122.27171325683594,37.8597412109375