CASE_ID,ACCIDENT_YEAR,PROC_DATE,JURIS,COLLISION_DATE,COLLISION_TIME,OFFICER_ID,REPORTING_DISTRICT,DAY_OF_WEEK,CHP_SHIFT,POPULATION,CNTY_CITY_LOC,SPECIAL_COND,BEAT_TYPE,CHP_BEAT_TYPE,CITY_DIVISION_LAPD,CHP_BEAT_CLASS,BEAT_NUMBER,PRIMARY_RD,SECONDARY_RD,DISTANCE,DIRECTION,INTERSECTION,WEATHER_1,WEATHER_2,STATE_HWY_IND,CALTRANS_COUNTY,CALTRANS_DISTRICT,STATE_ROUTE,ROUTE_SUFFIX,POSTMILE_PREFIX,POSTMILE,LOCATION_TYPE,RAMP_INTERSECTION,SIDE_OF_HWY,TOW_AWAY,COLLISION_SEVERITY,NUMBER_KILLED,NUMBER_INJURED,PARTY_COUNT,PRIMARY_COLL_FACTOR,PCF_CODE_OF_VIOL,PCF_VIOL_CATEGORY,PCF_VIOLATION,PCF_VIOL_SUBSECTION,HIT_AND_RUN,TYPE_OF_COLLISION,MVIW,PED_ACTION,ROAD_SURFACE,ROAD_COND_1,ROAD_COND_2,LIGHTING,CONTROL_DEVICE,CHP_ROAD_TYPE,PEDESTRIAN_ACCIDENT,BICYCLE_ACCIDENT,MOTORCYCLE_ACCIDENT,TRUCK_ACCIDENT,NOT_PRIVATE_PROPERTY,ALCOHOL_INVOLVED,STWD_VEHTYPE_AT_FAULT,CHP_VEHTYPE_AT_FAULT,COUNT_SEVERE_INJ,COUNT_VISIBLE_INJ,COUNT_COMPLAINT_PAIN,COUNT_PED_KILLED,COUNT_PED_INJURED,COUNT_BICYCLIST_KILLED,COUNT_BICYCLIST_INJURED,COUNT_MC_KILLED,COUNT_MC_INJURED,PRIMARY_RAMP,SECONDARY_RAMP,LATITUDE,LONGITUDE,COUNTY,CITY,POINT_X,POINT_Y
9418774,2022,2022-03-25,0103,2022-02-06,1936,34,,7,5,6,0103,0,0,0,,0,005,SACRAMENTO,PARKER,0.00,,Y,A,-,N,,,,,,,,,,N,3,0,1,2,A,-,05,21651,B,N,B,C,A,A,H,-,C,D,0,,,,,Y,,A,01,0,1,0,0,0,0,0,0,0,"- ","- ",37.860469818115234,-122.28050231933594,ALAMEDA,BERKELEY,-122.28058624267578,37.860469818115234
9418775,2022,2022-03-25,0103,2022-02-06,1457,34,,7,5,6,0103,0,0,0,,0,005,SHATTUCK,BANCROFT,0.00,,Y,A,-,N,,,,,,,,,,N,3,0,1,2,A,-,10,21950,A,N,G,B,B,A,H,-,A,A,0,Y,,,,Y,,A,01,0,1,0,0,1,0,0,0,0,"- ","- ",37.867591857910156,-122.26776885986328,ALAMEDA,BERKELEY,-122.26782989501953,37.867591857910156
9418777,2022,2022-03-25,0103,2022-02-04,1951,6,4001,5,5,6,0103,0,0,0,,0,009,"ADELINE ST","STANFORD ST",0.00,,Y,A,-,N,,,,,,,,,,Y,3,0,1,2,A,-,09,21801,A,N,A,C,A,A,H,-,C,A,0,,,,,Y,,A,07,0,1,0,0,0,0,0,0,0,"- ","- ",37.847259521484375,-122.271728515625,ALAMEDA,BERKELEY,-122.27252960205078,37.846736907958984
9418778,2022,2022-03-28,0103,2022-02-01,0951,12,,2,5,6,0103,0,0,0,,0,005,SHATTUCK,HASTE,0.00,,Y,A,-,N,,,,,,,,,,Y,3,0,1,2,A,-,12,21453,A,F,D,C,A,A,H,-,A,A,0,,,,,Y,,A,01,0,1,0,0,0,0,0,0,0,"- ","- ",,,ALAMEDA,BERKELEY,-122.26750946044922,37.864879608154297
9418779,2022,2022-03-28,0103,2022-02-02,0959,146,17,3,5,6,0103,0,0,0,,0,003,CEDAR,SHATTUCK,0.00,,Y,A,-,N,,,,,,,,,,Y,3,0,1,2,A,-,12,21453,A,N,D,C,A,A,H,-,A,A,0,,,,,Y,,A,01,0,1,0,0,0,0,0,0,0,"- ","- ",37.878421783447266,-122.26909637451172,ALAMEDA,BERKELEY,-122.26914215087891,37.878406524658203
9418780,2022,2022-04-06,0103,2022-02-02,1322,S29,20,3,5,6,0103,0,0,0,,0,015,GILMAN,4TH,0.00,,Y,A,-,N,,,,,,,,,,Y,3,0,1,2,A,-,09,21804,A,N,B,C,A,A,H,-,A,D,0,,,,,Y,,A,08,0,1,0,0,0,0,0,0,0,"- ","- ",,,ALAMEDA,BERKELEY,-122.30348968505859,37.878940582275391
9419716,2022,2022-04-18,0109,2022-01-28,2259,9622,2,5,5,7,0109,0,0,0,,0,30Y,"76TH AV","HILLSIDE ST",0.00,,Y,A,-,N,,,,,,,,,,Y,3,0,2,3,A,-,12,22450,A,F,H,C,A,A,H,-,C,A,0,,,,,Y,,D,22,0,1,1,0,0,0,0,0,0,"- ","- ",,,ALAMEDA,OAKLAND,-122.17172241210938,37.766609191894531
9420888,2021,2022-05-09,0109,2021-08-25,1855,8245,1,3,5,7,0109,0,0,0,,0,09X,"PLEASANT VALLEY RD","MONTGOMERY ST",40.00,E,N,A,-,N,,,,,,,,,,N,3,0,1,2,A,-,08,22107,,N,C,E,A,A,H,-,A,D,0,,,,,Y,,D,22,0,1,0,0,0,0,0,0,0,"- ","- ",,,ALAMEDA,OAKLAND,-122.24880218505859,37.831443786621094
9421645,2021,2022-05-02,0109,2021-09-25,1737,9658,1,6,5,7,0109,0,0,0,,0,05X,"W GRAND AV","MAGNOLIA ST",0.00,,Y,A,-,N,,,,,,,,,,N,3,0,2,2,A,-,09,21801,A,N,F,C,A,A,H,-,A,D,0,,,,,Y,,D,22,0,1,1,0,0,0,0,0,0,"- ","- ",,,ALAMEDA,OAKLAND,-122.28510284423828,37.815776824951172
9421842,2021,2022-05-02,0109,2021-11-08,1433,9521,1,1,5,7,0109,0,0,0,,0,07X,"SAN PABLO AV","FILBERT ST",0.00,,Y,B,-,N,,,,,,,,,,N,3,0,1,2,A,-,12,22450,A,F,D,C,A,A,H,-,A,A,0,,,Y,,Y,,A,01,0,1,0,0,0,0,0,0,1,"- ","- ",,,ALAMEDA,OAKLAND,-122.27754974365234,37.8236083984375
9421849,2021,2022-05-02,0109,2021-11-22,1149,9867,2,1,5,7,0109,0,0,0,,0,31Y,"EDES AV","NEVADA ST",0.00,,Y,A,-,N,,,,,,,,,,N,2,0,1,3,A,-,03,22350,,M,-,C,A,A,H,-,A,D,0,,,,,Y,Y,A,01,1,0,0,0,0,0,0,0,0,"- ","- ",,,ALAMEDA,OAKLAND,-122.18449401855469,37.73675537109375
9421851,2021,2022-05-02,0109,2021-11-06,0031,9480,1,6,5,7,0109,0,0,0,,0,04X,"TELEGRAPH AV","W GRAND AV",50.00,S,N,A,-,N,,,,,,,,,,N,3,0,1,2,A,-,03,22350,,M,G,B,D,A,H,-,C,A,0,Y,,,,Y,,A,01,0,1,0,0,1,0,0,0,0,"- ","- ",,,ALAMEDA,OAKLAND,-122.26904296875,37.811683654785156
9421857,2021,2022-05-02,0109,2021-11-20,1620,9892,1,6,5,7,0109,0,0,0,,0,07X,"ADELINE ST","28TH ST",242.00,N,N,-,-,N,,,,,,,,,,Y,3,0,1,4,A,-,08,22107,,N,C,E,A,A,-,-,A,D,0,,,,,Y,,A,01,0,1,0,0,0,0,0,0,0,"- ","- ",,,ALAMEDA,OAKLAND,-122.28202056884766,37.820911407470703
9421869,2021,2022-05-11,0109,2021-10-20,1522,9377,1,3,5,7,0109,0,0,0,,0,19X,"6TH AV","E 15TH ST",80.00,N,N,B,-,N,,,,,,,,,,N,3,0,1,2,A,-,08,22107,,N,A,E,A,B,A,-,A,D,0,,,,,Y,,-,,0,1,0,0,0,0,0,0,0,"- ","- ",,,ALAMEDA,OAKLAND,-122.25188446044922,37.795818328857422
9421870,2021,2022-05-02,0109,2021-10-31,0915,9669,1,7,5,7,0109,0,0,0,,0,03X,"14TH ST","WEBSTER ST",20.00,W,N,A,-,N,,,,,,,,,,Y,3,0,1,2,A,-,08,22102,,N,D,C,A,A,H,-,A,A,0,,,,,Y,,A,01,0,1,0,0,0,0,0,0,0,"- ","- ",,,ALAMEDA,OAKLAND,-122.26885986328125,37.803394317626953
9421873,2021,2022-06-30,0109,2021-10-30,1702,9590,1,6,5,7,0109,0,0,0,,0,04X,"SAN PABLO AV","17TH ST",0.00,,Y,A,-,N,,,,,,,,,,N,3,0,1,2,A,-,09,21801,A,N,A,C,A,A,H,-,A,D,0,,,,,Y,,A,01,0,1,0,0,0,0,0,0,0,"- ","- ",,,ALAMEDA,OAKLAND,-122.27215576171875,37.807102203369141
9421875,2021,2022-05-20,0109,2021-10-18,1743,9582,1,1,5,7,0109,0,0,0,,0,08X,"34TH ST","TELEGRAPH AV",0.00,,Y,A,-,N,,,,,,,,,,N,3,0,1,2,A,-,12,21453,A,N,D,J,A,A,H,-,A,A,0,,Y,,,Y,,-,"- ",0,1,0,0,0,0,1,0,0,"- ","- ",,,ALAMEDA,OAKLAND,-122.26625061035156,37.822471618652344
9421877,2021,2022-05-02,0109,2021-10-20,0925,9395,1,3,5,7,0109,0,0,0,,0,17X,"PARK BL","MCKINLEY AV",100.00,N,N,A,C,N,,,,,,,,,,N,3,0,2,2,A,-,05,21460,A,N,A,C,A,B,H,-,A,D,0,,,,,Y,,A,07,0,1,1,0,0,0,0,0,0,"- ","- ",,,ALAMEDA,OAKLAND,-122.23848724365234,37.802825927734375
9421880,2021,2022-05-02,0109,2021-09-01,1720,9942,1,3,5,7,0109,0,0,0,,0,07X,"ADELINE ST","W GRAND ST",100.00,N,N,A,-,N,,,,,,,,,,N,2,0,1,2,A,-,11,21954,A,F,G,B,D,A,H,-,A,D,0,Y,,,,Y,,N,60,1,0,0,0,1,0,0,0,0,"- ","- ",,,ALAMEDA,OAKLAND,-122.28386688232422,37.815773010253906
9421881,2021,2022-05-03,0109,2021-09-07,0001,9671,2,2,5,7,0109,0,0,0,,0,26X,"73RD AV","SPENCER ST",0.00,,Y,A,-,N,,,,,,,,,,N,2,0,1,2,A,-,03,22350,,F,C,C,A,A,H,-,C,D,0,,,,,Y,,-,99,1,0,0,0,0,0,0,0,0,"- ","- ",,,ALAMEDA,OAKLAND,-122.19255065917969,37.7557373046875
9421892,2021,2022-05-03,0109,2021-09-24,1325,9788,1,5,5,7,0109,0,0,0,,0,08X,"TELEGRAPH AV","27TH ST",10.00,N,N,A,-,N,,,,,,,,,,N,3,0,1,2,D,-,00,,,F,B,C,A,A,H,-,A,A,0,,,,,Y,,-,"- ",0,1,0,0,0,0,0,0,0,"- ","- ",,,ALAMEDA,OAKLAND,-122.26791381835938,37.816196441650391
9422414,2022,2022-05-10,0109,2022-03-22,1608,9582,2,2,5,7,0109,0,0,0,,0,23X,"FRUITVALE AV","E 13TH ST",0.00,,Y,A,-,N,,,,,,,,,,N,3,0,1,2,A,-,08,22107,,N,D,G,A,A,H,-,A,D,0,,Y,,,Y,,A,01,0,1,0,0,0,0,1,0,0,"- ","- ",,,ALAMEDA,OAKLAND,-122.22628021240234,37.776744842529297
9422502,2022,2022-05-17,0109,2022-04-19,1930,9165,2,2,5,7,0109,0,0,0,,0,30X,"INTERNATIONAL BL","79TH AV",50.00,E,N,A,-,N,,,,,,,,,,Y,3,0,1,2,A,-,21,22106,,N,B,C,A,A,H,-,A,D,0,,,,,Y,,A,01,0,1,0,0,0,0,0,0,0,"- ","- ",,,ALAMEDA,OAKLAND,-122.18260192871094,37.757057189941406
9422506,2022,2022-05-17,0109,2022-04-07,1803,9921,1,4,5,7,0109,0,0,0,,0,10Y,"MARTIN LUTHER KING JR WY","AILEEN ST",0.00,,Y,A,-,N,,,,,,,,,,N,3,0,1,2,A,-,10,21950,A,N,G,B,B,A,H,-,A,A,0,Y,,,,Y,,A,01,0,1,0,0,1,0,0,0,0,"- ","- ",,,ALAMEDA,OAKLAND,-122.27014923095703,37.841365814208984
9422534,2022,2022-05-13,0109,2022-04-14,2252,9517,2,4,5,7,0109,0,0,0,,0,29X,"73RD AV","HILLMONT AV",55.00,N,N,C,-,N,,,,,,,,,,Y,3,0,5,2,A,-,08,22107,,N,D,C,A,B,H,-,C,D,0,,,,,Y,,A,07,0,1,4,0,0,0,0,0,0,"- ","- ",,,ALAMEDA,OAKLAND,-122.16974639892578,37.77423095703125
9422537,2022,2022-05-23,0109,2022-04-16,0945,9732,1,6,5,7,0109,0,0,0,,0,31Z,"HEGENBERGER RD","RT 880",0.00,,Y,B,C,Y,ALA,4,880,-,-,25.678,R,4,S,Y,3,0,2,2,A,-,12,21453,A,N,A,C,A,B,H,-,A,A,0,,,,,Y,,A,01,0,1,1,0,0,0,0,0,0,"- ",SF,,,ALAMEDA,OAKLAND,-122.19844818115234,37.742786407470703
9422545,2022,2022-06-03,0109,2022-04-09,2100,9832,1,6,5,7,0109,0,0,0,,0,19X,"E 12TH ST","17TH AV",15.00,E,N,A,-,N,,,,,,,,,,N,3,0,1,2,A,-,08,22107,,F,A,B,D,A,H,-,C,D,0,Y,,,,Y,,A,01,0,1,0,0,1,0,0,0,0,"- ","- ",,,ALAMEDA,OAKLAND,-122.24385070800781,37.786857604980469
9422546,2022,2022-06-03,0109,2022-04-17,0415,9939,2,7,5,7,0109,0,0,0,,0,26Y,"SEMINARY AV","INTERNATIONAL BL",0.00,,Y,A,-,N,,,,,,,,,,N,3,0,1,2,A,-,10,21950,A,F,G,B,B,A,H,-,A,A,0,Y,,,,Y,,-,99,0,1,0,0,1,0,0,0,0,"- ","- ",,,ALAMEDA,OAKLAND,-122.19956207275391,37.765087127685547
9423183,2021,2022-05-02,0109,2021-09-07,2323,9591,2,2,5,7,0109,0,0,0,,0,30X,"INTERNATIONAL BL","80TH AV",40.00,E,N,A,-,N,,,,,,,,,,N,2,0,1,2,A,-,11,21954,A,N,G,B,D,A,H,-,C,D,0,Y,,,,Y,,N,60,1,0,0,0,1,0,0,0,0,"- ","- ",,,ALAMEDA,OAKLAND,-122.1815185546875,37.756542205810547
9423282,2022,2022-03-29,0103,2022-02-14,1843,94,24,1,5,6,0103,0,0,0,,0,003,UNIVERSITY,MILVIA,152.00,W,N,A,-,N,,,,,,,,,,N,3,0,1,2,A,-,08,22107,,N,B,C,A,A,H,-,C,D,0,,,Y,,Y,,A,01,0,1,0,0,0,0,0,0,1,"- ","- ",37.872081756591797,-122.27126312255859,ALAMEDA,BERKELEY,-122.27127838134766,37.871829986572266
9423301,2022,2022-04-14,0103,2022-01-07,1440,153,,5,5,6,0103,0,0,0,,0,015,"GILMAN ST","RT 80",0.00,,Y,A,-,Y,ALA,4,80,-,-,6.479,R,4,E,N,3,0,1,2,A,-,09,21802,A,N,D,C,A,A,H,-,A,A,0,,,,,Y,,A,01,0,1,0,0,0,0,0,0,0,"- ",EF,37.878299713134766,-122.30657196044922,ALAMEDA,BERKELEY,-122.30648803710938,37.875808715820312
9423325,2022,2022-03-28,0103,2022-02-01,0912,88,37,2,5,6,0103,0,0,0,,0,007,"TUNNEL RD","ASHBY AV",0.00,,Y,A,-,Y,ALA,4,13,-,-,10.100,H,-,S,N,3,0,1,2,A,-,03,22350,,F,C,G,A,-,H,-,A,D,0,,Y,,,Y,,A,01,0,1,0,0,0,0,1,0,0,"- ","- ",37.858081817626953,-122.24385833740234,ALAMEDA,BERKELEY,-122.23521423339844,37.852882385253906
9423329,2022,2022-04-07,0103,2022-02-17,1715,124,36,4,5,6,0103,0,0,0,,0,008,"ASHBY AV","TELEGRAPH AV",0.00,,Y,A,-,Y,ALA,4,13,-,-,11.610,I,5,N,Y,3,0,1,2,A,-,09,21801,A,N,D,C,A,A,H,-,A,A,0,,,,,Y,,A,01,0,1,0,0,0,0,0,0,0,"- ","- ",37.856189727783203,-122.25966644287109,ALAMEDA,BERKELEY,-122.25969696044922,37.856155395507812
9423333,2022,2022-04-07,0103,2022-02-21,0541,76,,1,5,6,0103,0,0,0,,0,010,"MARTIN LUTHER KING JR WY","ASHBY AV",0.00,,Y,A,-,Y,ALA,4,13,-,-,12.320,I,5,S,Y,3,0,1,2,A,-,12,21457,A,N,D,D,A,A,H,-,C,A,0,,,,,Y,,A,01,0,1,0,0,0,0,0,0,0,"- ","- ",37.854320526123047,-122.27108001708984,ALAMEDA,BERKELEY,-122.27113342285156,37.854282379150391
9423337,2022,2022-03-28,0103,2022-02-20,1650,107,36,7,5,6,0103,0,0,0,,0,008,"RT 13","TELEGRAPH AV",40.00,W,N,A,-,N,,,,,,,,,,N,3,0,1,2,A,-,09,21804,A,N,G,B,C,A,H,-,A,A,0,Y,,,,Y,,A,01,0,1,0,0,1,0,0,0,0,"- ","- ",37.856189727783203,-122.25966644287109,ALAMEDA,BERKELEY,-122.25966644287109,37.856159210205078
9423341,2022,2022-03-28,0103,2022-02-25,0736,110,,5,5,6,0103,0,0,0,,0,009,"ASHBY AV","ADELINE ST",0.00,,Y,A,-,Y,ALA,4,13,-,-,12.240,I,5,S,N,3,0,1,2,A,-,10,21950,A,N,G,B,B,A,H,-,A,A,0,Y,,,,Y,,-,,0,1,0,0,1,0,0,0,0,"- ","- ",,,ALAMEDA,BERKELEY,-122.26911163330078,37.85467529296875
9423345,2022,2022-03-28,0103,2022-02-15,1950,94,20,2,5,6,0103,0,0,0,,0,014,"UNIVERSITY AV","W FRONTAGE RD",90.00,E,N,A,-,Y,ALA,4,80,-,-,5.728,R,4,W,Y,3,0,3,3,A,-,03,22350,,N,C,C,A,A,H,-,C,D,0,,,,,Y,,A,07,0,3,0,0,0,0,0,0,0,"- ","- ",37.866439819335938,-122.30555725097656,ALAMEDA,BERKELEY,-122.30344390869141,37.865257263183594
9423357,2022,2022-03-29,0103,2022-02-12,1724,88,32,6,5,6,0103,0,0,0,,0,013,"RT 123",DWIGHT,0.00,,Y,A,-,Y,ALA,4,123,-,-,2.570,I,5,S,N,3,0,1,3,A,-,03,22350,,N,C,C,A,A,H,-,A,A,0,,,,,Y,,A,01,0,1,0,0,0,0,0,0,0,"- ","- ",37.861900329589844,-122.2901611328125,ALAMEDA,BERKELEY,-122.28966522216797,37.861110687255859
9424302,2022,2022-03-29,0109,2022-02-15,1236,8658,1,2,5,7,0109,0,0,0,,0,04X,"W GRAND AV","TELEGRAPH AV",0.00,,Y,A,-,N,,,,,,,,,,Y,3,0,3,2,A,-,09,21801,A,N,D,C,A,A,H,-,A,A,0,,,,,Y,,A,07,0,1,2,0,0,0,0,0,0,"- ","- ",,,ALAMEDA,OAKLAND,-122.26901245117188,37.811817169189453
9424691,2022,2022-03-28,0109,2022-01-26,1030,8823,2,3,5,7,0109,0,0,0,,0,30X,"INTERNATIONAL BL","34TH AV",0.00,,Y,A,-,N,,,,,,,,,,N,3,0,1,2,A,-,10,21950,A,N,G,B,B,A,H,-,A,A,0,Y,,,,Y,,A,08,0,1,0,0,1,0,0,0,0,"- ","- ",,,ALAMEDA,OAKLAND,-122.22383117675781,37.776664733886719
9425734,2021,2022-04-15,0109,2021-09-03,1749,9174,1,5,5,7,0109,0,0,0,,0,03X,"OAK ST","6TH ST",0.00,,Y,A,-,N,,,,,,,,,,N,3,0,1,2,A,-,10,21950,A,N,G,B,B,A,H,-,A,A,0,Y,,,,Y,,A,01,0,1,0,0,1,0,0,0,0,"- ","- ",,,ALAMEDA,OAKLAND,-122.26631927490234,37.795516967773438
9425736,2021,2022-04-15,0109,2021-09-12,0058,9626,2,7,5,7,0109,0,0,0,,0,28X,"MACARTHUR BL","55TH AV",50.00,W,N,A,-,N,,,,,,,,,,N,2,0,1,2,A,-,03,22350,,N,G,B,D,A,H,-,C,A,0,Y,,,,Y,,A,01,1,0,0,0,1,0,0,0,0,"- ","- ",,,ALAMEDA,OAKLAND,-122.18800354003906,37.777957916259766
9426455,2022,2022-04-04,0109,2022-02-20,1334,9597,2,7,5,7,0109,0,0,0,,0,26X,"INTERNATIONAL BL","45TH AV",30.00,W,N,A,-,N,,,,,,,,,,N,3,0,1,2,A,-,03,22350,,M,G,B,D,A,H,-,A,D,0,Y,Y,,,Y,,L,04,0,1,0,0,1,0,0,0,0,"- ","- ",,,ALAMEDA,OAKLAND,-122.21309661865234,37.771430969238281
9428606,2022,2022-04-20,0109,2022-03-03,1036,9786,1,4,5,7,0109,0,0,0,,0,09X,"40TH ST","HOWE ST",0.00,,Y,A,-,N,,,,,,,,,,N,3,0,1,2,A,-,10,21950,A,N,G,B,B,A,H,-,A,A,0,Y,,,,Y,,A,01,0,1,0,0,1,0,0,0,0,"- ","- ",,,ALAMEDA,OAKLAND,-122.25450897216797,37.826045989990234
9428608,2022,2022-04-20,0109,2022-03-04,1210,9607,2,5,5,7,0109,0,0,0,,0,25X,"SKYLINE BL","CATHY LN",1000.00,E,N,F,-,N,,,,,,,,,,N,3,0,1,1,A,-,08,22107,,N,E,I,A,B,-,-,A,D,0,,,,,Y,,A,01,0,1,0,0,0,0,0,0,0,"- ","- ",,,ALAMEDA,OAKLAND,-122.14226531982422,37.784751892089844
9428610,2022,2022-04-20,0109,2022-03-03,1947,9934,1,4,5,7,0109,0,0,0,,0,07X,"SAN PABLO AV","27TH AV",0.00,,Y,C,-,N,,,,,,,,,,N,2,0,1,2,A,-,10,21950,A,N,G,B,B,B,G,-,D,B,0,Y,,,,Y,,A,01,1,0,0,0,1,0,0,0,0,"- ","- ",,,ALAMEDA,OAKLAND,-122.27569580078125,37.817882537841797
9428885,2021,2022-04-01,0109,2021-08-23,2306,9874,2,1,5,7,0109,0,0,0,,0,32X,"MACARTHUR BL","FOOTHILL BL",0.00,,Y,-,-,N,,,,,,,,,,N,3,0,1,1,A,-,08,22107,,N,A,I,A,A,H,-,C,D,0,,,,,Y,,A,01,0,1,0,0,0,0,0,0,0,"- ","- ",,,ALAMEDA,OAKLAND,-122.17202758789062,37.769130706787109
9428893,2021,2022-04-01,0109,2021-08-23,1526,9625,1,1,5,7,0109,0,0,0,,0,07X,"HOLLIS ST","34TH ST",396.00,N,N,A,-,N,,,,,,,,,,N,3,0,1,2,A,-,21,22106,,F,G,B,D,A,H,-,A,A,0,Y,,,,Y,,A,08,0,1,0,0,1,0,0,0,0,"- ","- ",,,ALAMEDA,OAKLAND,-122.28444671630859,37.826961517333984
9428894,2021,2022-04-01,0109,2021-08-24,2252,9860,1,2,5,7,0109,0,0,0,,0,19X,"E 12TH ST","2ND AV",0.00,,Y,A,-,N,,,,,,,,,,N,3,0,1,2,A,-,03,22350,,F,B,C,A,A,H,-,C,A,0,,,,,Y,,A,01,0,1,0,0,0,0,0,0,0,"- ","- ",,,ALAMEDA,OAKLAND,-122.25727081298828,37.797245025634766
9428895,2021,2022-04-01,0109,2021-08-28,2209,9897,1,6,5,7,0109,0,0,0,,0,07X,"SAN PABLO AV","ISABELLA ST",0.00,,Y,A,-,N,,,,,,,,,,N,2,0,1,2,A,-,10,21950,A,F,G,B,D,A,H,-,C,D,0,Y,,,,Y,,A,01,1,0,0,0,1,0,0,0,0,"- ","- ",,,ALAMEDA,OAKLAND,-122.27472686767578,37.814884185791016
9428945,2021,2022-03-30,0109,2021-09-07,1920,9917,2,2,5,7,0109,0,0,0,,0,35X,"ELYSIAN FIELDS DR","ENGLEWOOD DR",130.00,W,N,A,-,N,,,,,,,,,,N,3,0,1,1,A,-,08,22107,,N,D,I,A,A,H,-,A,D,0,,,,,Y,,A,01,0,1,0,0,0,0,0,0,0,"- ","- ",,,ALAMEDA,OAKLAND,-122.12833404541016,37.762397766113281
9428946,2021,2022-04-12,0109,2021-09-07,1919,9917,2,2,5,7,0109,0,0,0,,0,35X,"FOOTHILL BL","FRUITVALE AV",0.00,,Y,A,-,N,,,,,,,,,,N,3,0,1,2,A,-,03,22350,,N,C,C,A,A,H,-,A,A,0,,,,,Y,,D,22,0,1,0,0,0,0,0,0,0,"- ","- ",,,ALAMEDA,OAKLAND,-122.22274780273438,37.783744812011719
9428951,2021,2022-03-30,0109,2021-09-17,1826,9363,2,5,5,7,0109,0,0,0,,0,33X,"81ST AV","INTERNATIONAL BL",240.00,S,N,A,-,N,,,,,,,,,,Y,3,0,1,3,A,-,08,22107,,N,G,C,F,A,H,-,A,D,0,Y,,,,Y,,A,01,0,1,0,0,1,0,0,0,0,"- ","- ",,,ALAMEDA,OAKLAND,-122.18128204345703,37.755695343017578
9428952,2021,2022-03-30,0109,2021-09-10,1911,9363,2,5,5,7,0109,0,0,0,,0,32Y,"STANLEY AV","99TH AV",0.00,,Y,A,-,N,,,,,,,,,,Y,2,0,1,1,A,-,08,22107,,N,H,I,A,A,H,-,A,D,0,,,,,Y,,A,01,1,0,0,0,0,0,0,0,0,"- ","- ",,,ALAMEDA,OAKLAND,-122.15140533447266,37.748916625976562
9428953,2021,2022-03-30,0109,2021-09-08,0813,9949,1,3,5,7,0109,0,0,0,,0,12Y,"CLAREMONT AV","HILLEGASSE AV",0.00,,Y,A,-,N,,,,,,,,,,Y,3,0,2,2,A,-,09,21801,A,N,D,C,A,A,H,-,A,C,0,,,,,Y,,A,08,0,1,1,0,0,0,0,0,0,"- ","- ",,,ALAMEDA,OAKLAND,-122.25415802001953,37.84710693359375
9428955,2021,2022-03-30,0109,2021-09-05,1515,9838,2,7,5,7,0109,0,0,0,,0,33X,"INTERNATIONAL BL","82ND AV",15.00,W,N,A,-,N,,,,,,,,,,N,3,0,1,2,A,-,08,22107,,M,B,C,A,A,H,-,A,A,0,,,,,Y,,-,99,0,1,0,0,0,0,0,0,0,"- ","- ",,,ALAMEDA,OAKLAND,-122.17957305908203,37.755580902099609
9430775,2021,2022-04-14,0109,2021-04-19,0416,9853,1,1,5,7,0109,0,0,0,,0,04X,"MARTIN LUTHER KING JR WY","14TH ST",0.00,,Y,A,-,N,,,,,,,,,,Y,3,0,2,5,A,-,01,23152,A,N,D,C,F,A,H,-,A,A,0,Y,,,,Y,Y,A,01,0,1,1,0,1,0,0,0,0,"- ","- ",,,ALAMEDA,OAKLAND,-122.27597045898438,37.806209564208984
9430778,2021,2022-05-24,0109,2021-10-03,2339,9814,2,7,5,7,0109,0,0,0,,0,27Y,"SEMINARY AV","HILTON ST",10.00,N,N,A,-,N,,,,,,,,,,N,3,0,1,3,A,-,08,22107,,N,C,E,A,A,H,-,C,D,0,,,,,Y,,A,01,0,1,0,0,0,0,0,0,0,"- ","- ",,,ALAMEDA,OAKLAND,-122.19321441650391,37.769569396972656
9430845,2022,2022-04-19,0109,2022-03-15,1255,9126,1,2,5,7,0109,0,0,0,,0,07X,"MARKET ST","W GRAND AV",0.00,,Y,B,-,N,,,,,,,,,,Y,3,0,1,3,A,-,12,21453,A,M,D,C,A,A,H,-,A,A,0,,,,,Y,,A,01,0,1,0,0,0,0,0,0,0,"- ","- ",,,ALAMEDA,OAKLAND,-122.27867126464844,37.814453125
9430850,2022,2022-04-11,0109,2022-03-22,0824,9142,2,2,5,7,0109,0,0,0,,0,21X,"COOLIDGE AV","SCHOOL ST",5.00,N,N,A,-,N,,,,,,,,,,N,3,0,1,2,A,-,10,21950,A,N,G,B,B,A,H,-,A,A,0,Y,,,,Y,,D,22,0,1,0,0,1,0,0,0,0,"- ","- ",,,ALAMEDA,OAKLAND,-122.21250915527344,37.794742584228516
9431385,2021,2022-05-02,0109,2021-09-23,1711,9946,2,4,5,7,0109,0,0,0,,0,26X,"69TH AV","HERBERT GUICE WY",200.00,S,N,A,-,N,,,,,,,,,,N,2,0,1,2,A,-,05,21650,1,N,D,G,A,A,H,-,A,D,0,,Y,,,Y,,L,04,1,0,0,0,0,0,1,0,0,"- ","- ",,,ALAMEDA,OAKLAND,-122.19113159179688,37.760108947753906
9431936,2021,2022-04-26,0109,2021-11-06,2218,9833,2,6,5,7,0109,0,0,0,,0,31X,"98TH AV","RT 880",50.00,N,N,A,-,Y,ALA,4,880,-,-,24.584,R,2,N,N,3,0,1,1,A,-,08,22107,,N,E,I,A,A,H,-,C,A,0,,,,,Y,,A,01,0,1,0,0,0,0,0,0,0,"- ",NO,,,ALAMEDA,OAKLAND,-122.18687438964844,37.72991943359375
9431937,2021,2022-04-18,0109,2021-11-06,1622,9682,2,6,5,7,0109,0,0,0,,0,03X,"11TH ST","WEBSTER ST",0.00,,Y,A,-,N,,,,,,,,,,Y,3,0,1,2,A,-,12,21453,A,N,D,C,A,A,H,-,A,A,0,,,Y,,Y,,C,02,0,1,0,0,0,0,0,0,1,"- ","- ",,,ALAMEDA,OAKLAND,-122.27008056640625,37.801315307617188