CASE_ID,ACCIDENT_YEAR,PROC_DATE,JURIS,COLLISION_DATE,COLLISION_TIME,OFFICER_ID,REPORTING_DISTRICT,DAY_OF_WEEK,CHP_SHIFT,POPULATION,CNTY_CITY_LOC,SPECIAL_COND,BEAT_TYPE,CHP_BEAT_TYPE,CITY_DIVISION_LAPD,CHP_BEAT_CLASS,BEAT_NUMBER,PRIMARY_RD,SECONDARY_RD,DISTANCE,DIRECTION,INTERSECTION,WEATHER_1,WEATHER_2,STATE_HWY_IND,CALTRANS_COUNTY,CALTRANS_DISTRICT,STATE_ROUTE,ROUTE_SUFFIX,POSTMILE_PREFIX,POSTMILE,LOCATION_TYPE,RAMP_INTERSECTION,SIDE_OF_HWY,TOW_AWAY,COLLISION_SEVERITY,NUMBER_KILLED,NUMBER_INJURED,PARTY_COUNT,PRIMARY_COLL_FACTOR,PCF_CODE_OF_VIOL,PCF_VIOL_CATEGORY,PCF_VIOLATION,PCF_VIOL_SUBSECTION,HIT_AND_RUN,TYPE_OF_COLLISION,MVIW,PED_ACTION,ROAD_SURFACE,ROAD_COND_1,ROAD_COND_2,LIGHTING,CONTROL_DEVICE,CHP_ROAD_TYPE,PEDESTRIAN_ACCIDENT,BICYCLE_ACCIDENT,MOTORCYCLE_ACCIDENT,TRUCK_ACCIDENT,NOT_PRIVATE_PROPERTY,ALCOHOL_INVOLVED,STWD_VEHTYPE_AT_FAULT,CHP_VEHTYPE_AT_FAULT,COUNT_SEVERE_INJ,COUNT_VISIBLE_INJ,COUNT_COMPLAINT_PAIN,COUNT_PED_KILLED,COUNT_PED_INJURED,COUNT_BICYCLIST_KILLED,COUNT_BICYCLIST_INJURED,COUNT_MC_KILLED,COUNT_MC_INJURED,PRIMARY_RAMP,SECONDARY_RAMP,LATITUDE,LONGITUDE,COUNTY,CITY,POINT_X,POINT_Y
9431963,2022,2022-04-19,0109,2022-01-23,1215,8402,1,7,5,7,0109,0,0,0,,0,03X,"WEBSTER ST","7TH ST",0.00,,Y,A,-,N,,,,,,,,,,N,3,0,1,2,A,-,10,21950,A,N,G,B,B,A,H,-,A,A,0,Y,,,,Y,,A,01,0,1,0,0,1,0,0,0,0,"- ","- ",,,ALAMEDA,OAKLAND,-122.27178955078125,37.798561096191406
9431964,2022,2022-04-19,0109,2022-01-30,1812,8402,1,7,5,7,0109,0,0,0,,0,03X,"7TH ST","FALLON CIR",0.00,,Y,A,-,N,,,,,,,,,,Y,3,0,1,1,A,-,08,22107,,N,E,J,A,A,H,-,C,A,0,,,,,Y,,A,01,0,1,0,0,0,0,0,0,0,"- ","- ",,,ALAMEDA,OAKLAND,-122.26470184326172,37.795780181884766
9431965,2022,2022-04-19,0109,2022-01-28,1738,9169,1,5,5,7,0109,0,0,0,,0,12X,BROADWAY,"GARNET ST",0.00,,Y,A,-,N,,,,,,,,,,N,3,0,2,2,A,-,09,21801,A,N,D,G,A,A,H,-,B,A,0,,Y,Y,,Y,,L,04,0,1,1,0,0,0,1,0,1,"- ","- ",,,ALAMEDA,OAKLAND,-122.25501251220703,37.830211639404297
9432387,2021,2022-07-26,0109,2021-07-25,0148,9879,2,7,5,7,0109,0,0,0,,0,30X,"INTERNATIONAL BL","72ND AV",35.00,E,N,A,-,N,,,,,,,,,,N,2,0,1,2,A,-,11,21954,A,N,G,B,D,A,H,-,C,D,0,Y,,,,Y,,N,60,1,0,0,0,1,0,0,0,0,"- ","- ",,,ALAMEDA,OAKLAND,-122.18809509277344,37.759681701660156
9432392,2021,2022-07-26,0109,2021-12-30,1635,8217,1,4,5,7,0109,0,0,0,,0,03X,"JACKSON ST","11TH ST",0.00,,Y,A,-,N,,,,,,,,,,Y,2,0,1,2,A,-,01,23152,A,N,D,C,A,A,H,-,A,A,0,,,,,Y,Y,A,01,1,0,0,0,0,0,0,0,0,"- ","- ",,,ALAMEDA,OAKLAND,-122.26651000976562,37.799900054931641
9432668,2022,2022-08-31,0103,2022-07-13,1027,104,22,3,5,6,0103,0,0,0,,0,012,UNIVERSITY,CURTIS,0.00,,Y,A,-,N,,,,,,,,,,N,3,0,1,2,A,-,10,21950,A,N,G,B,B,A,H,-,A,A,0,Y,,,,Y,,A,01,0,1,0,0,1,0,0,0,0,"- ","- ",37.869438171386719,-122.28952026367188,ALAMEDA,BERKELEY,-122.28952789306641,37.869388580322266
9432672,2022,2022-08-31,0103,2022-07-20,1655,34,,3,5,6,0103,0,0,0,,0,015,"SAN PABLO","GILMAN ST",0.00,,Y,A,-,Y,ALA,4,123,-,-,3.980,I,5,S,N,3,0,1,2,A,-,05,21650,1,N,A,G,A,A,H,-,A,A,0,,Y,,,Y,,L,04,0,1,0,0,0,0,1,0,0,"- ","- ",37.880470275878906,-122.29579925537109,ALAMEDA,BERKELEY,-122.2958984375,37.880466461181641
9432676,2022,2022-08-31,0103,2022-07-23,1400,83,19,6,5,6,0103,0,0,0,,0,015,"SAN PABLO",CAMELIA,117.00,N,N,A,-,Y,ALA,4,123,-,-,3.870,H,-,S,N,3,0,1,2,A,-,17,21968,,N,D,C,A,A,A,H,A,A,0,,,,,Y,,M,93,0,1,0,0,0,0,0,0,0,"- ","- ",37.878738403320312,-122.29524230957031,ALAMEDA,BERKELEY,-122.29541778564453,37.87896728515625
9432680,2022,2022-09-06,0103,2022-07-29,1840,108,,5,5,6,0103,0,0,0,,0,013,"SAN PABLO","GRAYSON ST",10.00,N,N,A,-,Y,ALA,4,123,-,-,2.230,H,-,S,N,3,0,1,2,A,-,03,22350,,F,C,C,A,A,H,-,A,A,0,,,,,Y,,A,07,0,1,0,0,0,0,0,0,0,"- ","- ",37.856208801269531,-122.28797912597656,ALAMEDA,BERKELEY,-122.28810882568359,37.856369018554688
9432942,2022,2022-09-01,0109,2022-05-05,1001,8610,1,4,5,7,0109,0,0,0,,0,02Y,"12TH ST","CHESTER ST",80.00,E,N,A,-,N,,,,,,,,,,N,3,0,1,3,C,-,18,,,N,H,G,A,A,H,-,A,D,0,,Y,,,Y,,-,"- ",0,1,0,0,0,0,1,0,0,"- ","- ",,,ALAMEDA,OAKLAND,-122.29417419433594,37.809822082519531
9433233,2021,2022-08-23,0109,2021-09-19,1424,9855,2,7,5,7,0109,0,0,0,,0,34X,"INTERNATIONAL BL","84TH AVE",40.00,W,N,A,-,N,,,,,,,,,,Y,2,0,1,1,A,-,03,22350,,N,A,-,A,A,H,-,A,D,0,,,,,Y,,A,01,1,0,0,0,0,0,0,0,0,"- ","- ",,,ALAMEDA,OAKLAND,-122.17782592773438,37.754135131835938
9433866,2022,2022-10-06,0109,2022-07-07,0258,9996,2,4,5,7,0109,0,0,0,,0,26X,"KEVIN CT","COLISEUM WY",650.00,N,N,A,-,N,,,,,,,,,,N,3,0,1,2,A,-,11,21950,B,N,G,B,E,A,H,-,C,A,0,Y,,,,Y,Y,N,60,0,1,0,0,1,0,0,0,0,"- ","- ",,,ALAMEDA,OAKLAND,-122.20603942871094,37.758613586425781
9433984,2021,2022-05-17,0109,2021-12-05,1547,9538,2,7,5,7,0109,0,0,0,,0,30X,"FOOTHILL BL","68TH AV",0.00,,Y,A,-,N,,,,,,,,,,Y,3,0,3,2,B,-,22,,,N,D,C,A,A,H,-,A,A,0,,,,,Y,,J,48,0,1,2,0,0,0,0,0,0,"- ","- ",,,ALAMEDA,OAKLAND,-122.17848205566406,37.769966125488281
9434883,2021,2022-05-24,0109,2021-12-13,1212,9939,1,1,5,7,0109,0,0,0,,0,06X,"SAN PABLO AV","27TH ST",0.00,,Y,C,-,N,,,,,,,,,,N,3,0,1,2,A,-,09,21801,A,N,D,C,A,B,H,-,B,A,0,,,,,Y,,D,22,0,1,0,0,0,0,0,0,0,"- ","- ",,,ALAMEDA,OAKLAND,-122.27569580078125,37.817882537841797
9434936,2021,2022-04-29,0109,2021-11-24,0730,9410,2,3,5,7,0109,0,0,0,,0,26X,"INTERNATIONAL BL","73RD AV",20.00,E,N,A,-,N,,,,,,,,,,Y,3,0,1,2,A,-,08,22107,,N,D,C,A,A,H,-,A,A,0,,,,,Y,,A,01,0,1,0,0,0,0,0,0,0,"- ","- ",,,ALAMEDA,OAKLAND,-122.18701934814453,37.759178161621094
9434949,2021,2022-05-02,0109,2021-06-27,1732,9305,2,7,5,7,0109,0,0,0,,0,27X,"BANCROFT AV","50TH AV",0.00,,Y,A,-,N,,,,,,,,,,Y,2,0,3,3,A,-,01,23152,,F,D,C,A,A,H,-,A,A,0,,,,,Y,Y,D,22,1,0,2,0,0,0,0,0,0,"- ","- ",,,ALAMEDA,OAKLAND,-122.20703125,37.771774291992188
9435307,2021,2022-04-22,0109,2021-12-28,2036,9196,2,2,5,7,0109,0,0,0,,0,34X,"BANCROFT AV","87TH AV",104.00,W,N,A,-,N,,,,,,,,,,N,2,0,1,3,A,-,17,21209,A,F,-,G,A,A,H,-,C,D,0,,Y,,,Y,,A,01,1,0,0,0,0,0,1,0,0,"- ","- ",,,ALAMEDA,OAKLAND,-122.16755676269531,37.755905151367188
9435399,2022,2022-06-30,0109,2022-01-22,2124,9844,1,6,5,7,0109,0,0,0,,0,06X,"MARTIN LUTHER KING JR WY","W MACARTHUR BL",0.00,,Y,A,-,N,,,,,,,,,,N,3,0,1,2,A,-,08,22107,,M,D,G,A,A,H,-,C,A,0,,Y,,,Y,,A,01,0,1,0,0,0,0,1,0,0,"- ","- ",,,ALAMEDA,OAKLAND,-122.26908874511719,37.827117919921875
9435494,2022,2022-05-03,0109,2022-03-08,1531,9953,2,2,5,7,0109,0,0,0,,0,31X,"HEGENBERGER RD","BALDWIN ST",0.00,,Y,A,-,N,,,,,,,,,,Y,2,0,1,2,A,-,12,21453,A,N,D,C,A,A,H,-,A,A,0,,,,,Y,,A,01,1,0,0,0,0,0,0,0,0,"- ","- ",,,ALAMEDA,OAKLAND,-122.19625091552734,37.747547149658203
9435704,2022,2022-04-25,0109,2022-02-11,1047,9394,2,5,5,7,0109,0,0,0,,0,24X,"CARRINGTON ST","42ND AV",30.00,E,N,A,-,N,,,,,,,,,,N,3,0,1,3,A,-,03,22350,,N,B,E,A,A,H,-,A,D,0,,,,,Y,,A,07,0,1,0,0,0,0,0,0,0,"- ","- ",,,ALAMEDA,OAKLAND,-122.21048736572266,37.777362823486328
9435707,2022,2022-04-25,0109,2022-02-13,2259,9926,2,7,5,7,0109,0,0,0,,0,26X,"SAN LEANDRO ST","54TH AV",0.00,,Y,A,-,N,,,,,,,,,,N,3,0,1,1,A,-,03,22350,,N,E,I,A,A,-,-,C,D,0,,,,,Y,,A,01,0,1,0,0,0,0,0,0,0,"- ","- ",,,ALAMEDA,OAKLAND,-122.20964050292969,37.764278411865234
9435710,2022,2022-04-25,0109,2022-02-18,1554,9182,2,5,5,7,0109,0,0,0,,0,24X,"HIGH ST","YGNACIO AV",5.00,S,N,A,-,N,,,,,,,,,,N,2,0,2,3,A,-,03,22350,,F,G,B,C,A,H,-,A,A,0,Y,,,,Y,,A,01,1,0,1,0,2,0,0,0,0,"- ","- ",,,ALAMEDA,OAKLAND,-122.21076202392578,37.775558471679688
9435722,2022,2022-04-27,0109,2022-03-04,1507,9562,1,5,5,7,0109,0,0,0,,0,06X,"MARKET ST","35TH ST",0.00,,Y,A,-,N,,,,,,,,,,N,3,0,2,2,A,-,12,21453,A,N,A,C,A,A,H,-,A,A,0,,,,,Y,,A,01,0,1,1,0,0,0,0,0,0,"- ","- ",,,ALAMEDA,OAKLAND,-122.27519989013672,37.825550079345703
9435724,2022,2022-04-27,0109,2022-03-14,1433,9533,1,1,5,7,0109,0,0,0,,0,03X,"12TH ST","OAK ST",0.00,,Y,A,-,N,,,,,,,,,,N,3,0,1,2,A,-,12,21453,A,N,A,C,A,A,H,-,A,A,0,,,,,Y,,M,94,0,1,0,0,0,0,0,0,0,"- ","- ",,,ALAMEDA,OAKLAND,-122.26371002197266,37.799674987792969
9435725,2022,2022-04-27,0109,2022-03-14,0729,9727,2,1,5,7,0109,0,0,0,,0,25X,"CALAVERAS AV","BUELL ST",8.00,E,N,A,-,N,,,,,,,,,,N,2,0,1,2,A,-,10,21950,A,N,G,B,B,A,H,-,A,A,0,Y,,,,Y,,A,01,1,0,0,0,1,0,0,0,0,"- ","- ",,,ALAMEDA,OAKLAND,-122.18756103515625,37.784538269042969
9435743,2022,2022-04-27,0109,2022-03-11,1830,9173,1,5,5,7,0109,0,0,0,,0,13Y,"TUNNEL RD","CHARING CROSS RD",2100.00,S,N,A,-,N,,,,,,,,,,N,2,0,1,2,A,-,05,21460,A,F,A,G,A,A,H,-,D,D,0,,Y,,,Y,,A,08,1,0,0,0,0,0,1,0,0,"- ","- ",,,ALAMEDA,OAKLAND,-122.22360229492188,37.853645324707031
9435819,2021,2022-04-26,0109,2021-10-11,2017,9458,1,1,5,7,0109,0,0,0,,0,19X,"FOOTHILL BL","8TH AV",0.00,,Y,A,-,N,,,,,,,,,,N,3,0,2,4,A,-,12,21453,A,M,D,C,F,A,H,-,C,A,0,Y,,,,Y,,A,01,0,1,1,0,1,0,0,0,0,"- ","- ",,,ALAMEDA,OAKLAND,-122.24948120117188,37.794853210449219
9435902,2021,2022-04-26,0109,2021-03-06,1448,9618,2,6,5,7,0109,0,0,0,,0,23X,"FOOTHILL BL","35TH AV",10.00,E,N,A,-,N,,,,,,,,,,N,3,0,1,2,A,-,10,21950,A,M,G,B,B,A,H,-,A,A,0,Y,,,,Y,,A,01,0,1,0,0,1,0,0,0,0,"- ","- ",,,ALAMEDA,OAKLAND,-122.21910858154297,37.78216552734375
9435919,2021,2022-04-25,0109,2021-10-01,2218,9220,1,5,5,7,0109,0,0,0,,0,04X,"LAKESIDE DR","MADISON ST",275.00,N,N,A,-,N,,,,,,,,,,N,2,0,1,2,A,-,17,21657,,N,A,J,A,A,H,-,C,D,0,,,,,Y,,M,94,1,0,0,0,0,0,0,0,0,"- ","- ",,,ALAMEDA,OAKLAND,-122.26261138916016,37.805721282958984
9435928,2022,2022-04-29,0103,2022-03-16,1742,88,29,3,5,6,0103,0,0,0,,0,005,"SHATTUCK AV",BANCROFT,0.00,,Y,-,-,N,,,,,,,,,,N,3,0,1,2,A,-,08,22101,D,N,D,C,A,A,H,-,A,A,0,,,,,Y,,M,94,0,1,0,0,0,0,0,0,0,"- ","- ",37.867141723632812,-122.26822662353516,ALAMEDA,BERKELEY,-122.26782989501953,37.867591857910156
9435940,2022,2022-04-29,0103,2022-03-22,0755,107,13,2,5,6,0103,0,0,0,,0,001,SOLANO,"FRESNO AV",108.00,W,N,A,-,N,,,,,,,,,,Y,3,0,1,2,A,-,06,21755,,N,B,C,A,A,H,-,A,A,0,,,Y,,Y,,C,02,0,1,0,0,0,0,0,0,1,"- ","- ",37.891628265380859,-122.27877807617188,ALAMEDA,BERKELEY,-122.27862548828125,37.891399383544922
9435964,2022,2022-04-29,0103,2022-03-15,1540,23,,2,5,6,0103,0,0,0,,0,002,"HEARST AV","EUCLID AV",50.00,E,N,A,-,N,,,,,,,,,,N,3,0,1,2,D,-,00,,,N,H,C,A,-,-,-,A,A,0,,,,,Y,,-,"- ",0,1,0,0,0,0,0,0,0,"- ","- ",37.875080108642578,-122.26013946533203,ALAMEDA,BERKELEY,-122.25997161865234,37.875129699707031
9435968,2022,2022-04-29,0103,2022-03-04,1310,24,,5,5,6,0103,0,0,0,,0,005,"HASTE AV","FULTON AV",0.00,,Y,A,-,N,,,,,,,,,,Y,3,0,3,3,A,-,12,21453,A,N,D,C,A,A,H,-,A,A,0,,,,,Y,,A,01,0,1,2,0,0,0,0,0,0,"- ","- ",37.865139007568359,-122.26544189453125,ALAMEDA,BERKELEY,-122.26545715332031,37.865161895751953
9435980,2022,2022-05-02,0103,2022-03-02,1355,47,,3,5,6,0103,0,0,0,,0,005,SACRAMENTO,CARLETON,0.00,,Y,A,-,N,,,,,,,,,,Y,3,0,1,3,A,-,09,21802,A,N,D,C,A,A,H,-,A,D,0,,,,,Y,,A,01,0,1,0,0,0,0,0,0,0,"- ","- ",,,ALAMEDA,BERKELEY,-122.28041839599609,37.859588623046875
9436076,2022,2022-05-02,0103,2022-03-25,2233,32,35,5,5,6,0103,0,0,0,,0,005,"MARTIN LUTHER KING JR WY","BLAKE ST",0.00,,Y,A,-,N,,,,,,,,,,Y,2,0,2,2,A,-,01,23153,A,N,D,D,A,A,H,-,C,A,0,,,,,Y,Y,A,01,1,0,1,0,0,0,0,0,0,"- ","- ",37.862171173095703,-122.27220153808594,ALAMEDA,BERKELEY,-122.27201080322266,37.862442016601562
9436077,2022,2022-05-02,0103,2022-03-25,1135,107,35,5,5,6,0103,0,0,0,,0,010,"MARTIN LUTHER KING JR WY","STUART ST",0.00,,Y,A,-,N,,,,,,,,,,Y,3,0,3,2,A,-,09,21801,A,N,D,C,A,A,H,-,A,A,0,,,,,Y,,A,01,0,2,1,0,0,0,0,0,0,"- ","- ",37.858150482177734,-122.27130126953125,ALAMEDA,BERKELEY,-122.27152252197266,37.857959747314453
9436078,2022,2022-05-02,0103,2022-03-24,1225,118,,4,5,6,0103,0,0,0,,0,008,"SHATTUCK AV","RUSSELL ST",0.00,,Y,A,-,N,,,,,,,,,,N,3,0,1,2,A,-,09,21802,A,N,D,G,A,A,H,-,A,A,0,,Y,,,Y,,L,04,0,1,0,0,0,0,1,0,0,"- ","- ",,,ALAMEDA,BERKELEY,-122.26670074462891,37.856708526611328
9436079,2022,2022-05-02,0103,2022-03-22,1057,3,17,2,5,6,0103,0,0,0,,0,002,"CEDAR ST","OXFORD ST",0.00,,Y,A,-,N,,,,,,,,,,Y,3,0,2,2,A,-,12,21453,A,N,D,C,A,A,H,-,A,A,0,,,,,Y,,A,01,0,1,1,0,0,0,0,0,0,"- ","- ",37.878711700439453,-122.26686096191406,ALAMEDA,BERKELEY,-122.26686859130859,37.878696441650391
9436080,2022,2022-05-02,0103,2022-03-20,1105,107,20,7,5,6,0103,0,0,0,,0,015,"7TH ST","CAMELIA ST",0.00,,Y,A,-,N,,,,,,,,,,Y,3,0,1,3,A,-,09,21802,A,N,D,C,A,A,H,-,A,A,0,,,,,Y,Y,A,01,0,1,0,0,0,0,0,0,0,"- ","- ",37.877830505371094,-122.29972076416016,ALAMEDA,BERKELEY,-122.29970550537109,37.877841949462891
9436081,2022,2022-05-03,0103,2022-03-20,0126,97,17,7,5,6,0103,0,0,0,,0,001,"MARTIN LUTHER KING JR","ROSE ST",50.00,N,N,A,-,N,,,,,,,,,,Y,3,0,1,1,A,-,01,23152,A,N,E,I,A,A,H,-,C,D,0,,,,,Y,Y,A,01,0,1,0,0,0,0,0,0,0,"- ","- ",37.881820678710938,-122.27390289306641,ALAMEDA,BERKELEY,-122.27411651611328,37.881576538085938
9436082,2022,2022-05-03,0103,2022-03-18,2249,32,,5,5,6,0103,0,0,0,,0,007,HILLSIDE,PROSPECT,0.00,,Y,A,-,N,,,,,,,,,,N,3,0,1,2,A,-,09,21801,A,N,D,D,A,-,A,H,C,A,0,,,,,Y,,A,01,0,1,0,0,0,0,0,0,0,"- ","- ",37.867389678955078,-122.24980926513672,ALAMEDA,BERKELEY,-122.24983215332031,37.867435455322266
9436084,2022,2022-05-03,0103,2022-03-17,1400,46,,4,5,6,0103,0,0,0,,0,004,OXFORD,ALLSTON,0.00,,Y,A,-,N,,,,,,,,,,N,3,0,1,2,D,-,00,,,F,G,B,B,-,H,-,-,D,0,Y,,,,Y,,-,"- ",0,1,0,0,1,0,0,0,0,"- ","- ",37.869678497314453,-122.26579284667969,ALAMEDA,BERKELEY,-122.26589202880859,37.869678497314453
9436085,2022,2022-05-03,0103,2022-03-17,1315,104,34,4,5,6,0103,0,0,0,,0,010,STUART,"MCGEE AV",225.00,E,N,A,-,N,,,,,,,,,,N,3,0,1,2,A,-,08,22107,,N,B,E,A,A,H,-,A,D,0,,,Y,,Y,,C,02,0,1,0,0,0,0,0,0,1,"- ","- ",37.857410430908203,-122.27449035644531,ALAMEDA,BERKELEY,-122.274658203125,37.857566833496094
9436087,2022,2022-05-03,0103,2022-03-15,1726,55,,2,5,6,0103,0,0,0,,0,014,UNIVERSITY,8TH,0.00,,Y,A,-,N,,,,,,,,,,Y,3,0,2,2,A,-,07,21658,A,N,C,C,A,A,H,-,A,D,0,,,,,Y,,A,01,0,2,0,0,0,0,0,0,0,"- ","- ",37.868419647216797,-122.29551696777344,ALAMEDA,BERKELEY,-122.29553985595703,37.868473052978516
9436088,2022,2022-05-03,0103,2022-03-14,2007,42,,1,5,6,0103,0,0,0,,0,004,CHANNING,SACRAMENTO,0.00,,Y,A,-,N,,,,,,,,,,Y,3,0,1,2,A,-,09,21802,A,N,D,C,A,A,H,-,C,A,0,,,,,Y,,A,01,0,1,0,0,0,0,0,0,0,"- ","- ",37.863998413085938,-122.28128814697266,ALAMEDA,BERKELEY,-122.28138732910156,37.863990783691406
9436089,2022,2022-05-03,0103,2022-03-13,0729,28,,7,5,6,0103,0,0,0,,0,001,HENRY,ROSE,0.00,,Y,A,-,N,,,,,,,,,,Y,3,0,1,2,A,-,03,22350,,F,C,C,A,B,H,-,A,A,0,,,,,Y,,A,01,0,1,0,0,0,0,0,0,0,"- ","- ",,,ALAMEDA,BERKELEY,-122.27069854736328,37.881900787353516
9436090,2022,2022-05-03,0103,2022-03-12,2010,51,29,6,5,6,0103,0,0,0,,0,004,ADDISON,OXFORD,217.00,W,N,A,-,N,,,,,,,,,,N,3,0,2,2,A,-,09,21804,A,N,B,G,A,A,H,-,C,D,0,,Y,,,Y,Y,A,01,0,2,0,0,0,0,2,0,0,"- ","- ",37.8714599609375,-122.26596832275391,ALAMEDA,BERKELEY,-122.26679229736328,37.871353149414062
9436091,2022,2022-05-03,0103,2022-03-12,1900,97,3901,6,5,6,0103,0,0,0,,0,008,PRINCE,DEAKIN,0.00,,Y,B,-,N,,,,,,,,,,N,3,0,1,2,A,-,10,21950,A,F,G,B,B,A,H,-,C,A,0,Y,,,,Y,,A,01,0,1,0,0,1,0,0,0,0,"- ","- ",37.853641510009766,-122.26200866699219,ALAMEDA,BERKELEY,-122.26198577880859,37.853630065917969
9436092,2022,2022-05-03,0103,2022-03-12,1242,6,4001,6,5,6,0103,0,0,0,,0,009,ALCATRAZ,"ALCATRAZ 1623",0.00,,-,A,-,N,,,,,,,,,,N,3,0,1,2,A,-,17,22517,,N,B,G,A,A,H,-,A,A,0,,Y,,,Y,,A,01,0,1,0,0,0,0,1,0,0,"- ","- ",37.84857177734375,-122.27464294433594,ALAMEDA,BERKELEY,-122.27466699999999,37.848573999999999
9436093,2022,2022-05-03,0103,2022-03-12,1114,148,22,6,5,6,0103,0,0,0,,0,005,"MARTIN LUTHER KING JR",ALLSTON,0.00,,Y,A,-,N,,,,,,,,,,N,3,0,1,2,A,-,10,21950,A,N,G,B,B,A,H,-,A,A,0,Y,,,,Y,,A,01,0,1,0,0,1,0,0,0,0,"- ","- ",37.868770599365234,-122.27269744873047,ALAMEDA,BERKELEY,-122.27268218994141,37.868770599365234
9436094,2022,2022-05-03,0103,2022-03-10,1525,4,18,4,5,6,0103,0,0,0,,0,003,EDITH,ROSE,0.00,,Y,A,-,N,,,,,,,,,,N,3,0,1,2,A,-,03,22350,,N,C,E,A,A,H,-,A,D,0,,,,,Y,,A,01,0,1,0,0,0,0,0,0,0,"- ","- ",37.880809783935547,-122.27780151367188,ALAMEDA,BERKELEY,-122.27773284912109,37.880828857421875
9436095,2022,2022-05-03,0103,2022-03-10,0954,104,35,4,5,6,0103,0,0,0,,0,008,ADELINE,STUART,0.00,,Y,A,-,N,,,,,,,,,,Y,2,0,1,2,A,-,09,21802,A,N,D,C,A,A,H,-,A,A,0,,,,,Y,,A,01,1,0,0,0,0,0,0,0,0,"- ","- ",37.858421325683594,-122.26773071289062,ALAMEDA,BERKELEY,-122.26789855957031,37.858390808105469
9436107,2022,2022-04-28,0103,2022-03-06,1258,32,,7,5,6,0103,0,0,0,,0,015,STANNAGE,HOPKINS,0.00,,Y,A,-,N,,,,,,,,,,N,3,0,1,2,A,-,09,21802,A,N,D,C,A,A,H,-,A,A,0,,,Y,,Y,,A,01,0,1,0,0,0,0,0,0,1,"- ","- ",37.876018524169922,-122.29250335693359,ALAMEDA,BERKELEY,-122.29248809814453,37.876033782958984
9436109,2022,2022-04-28,0103,2022-03-03,1804,36,20,4,5,6,0103,0,0,0,,0,013,GRAYSON,7TH,0.00,,Y,A,-,N,,,,,,,,,,Y,2,0,1,2,A,-,08,22107,,N,A,C,A,A,H,-,C,D,0,,,Y,,Y,,C,02,1,0,0,0,0,0,0,0,1,"- ","- ",,,ALAMEDA,BERKELEY,-122.29248809814453,37.85528564453125
9436110,2022,2022-04-28,0103,2022-03-01,2202,49,,2,5,6,0103,0,0,0,,0,006,DURANT,"DURANT 2629",0.00,,Y,A,-,N,,,,,,,,,,N,3,0,1,1,A,-,03,22350,,N,E,-,A,A,H,-,E,D,0,,Y,,,Y,Y,L,04,0,1,0,0,0,0,1,0,0,"- ","- ",,,ALAMEDA,BERKELEY,-122.255662,37.868305999999997
9436112,2022,2022-04-28,0103,2022-03-01,1939,94,24,2,5,6,0103,0,0,0,,0,003,OXFORD,HEARST,0.00,,Y,A,-,N,,,,,,,,,,N,3,0,2,2,A,-,09,21801,A,N,A,C,A,A,H,-,C,A,0,,,,,Y,,A,01,0,2,0,0,0,0,0,0,0,"- ","- ",37.873889923095703,-122.26667022705078,ALAMEDA,BERKELEY,-122.26634979248047,37.874160766601562
9436209,2022,2022-05-02,0103,2022-02-10,1841,124,28,4,5,6,0103,0,0,0,,0,006,CHANNING,ELLSWORTH,0.00,,Y,A,-,N,,,,,,,,,,N,3,0,1,2,A,-,10,21950,A,F,G,B,B,A,H,-,C,D,0,Y,,,,Y,,A,01,0,1,0,0,1,0,0,0,0,"- ","- ",37.866321563720703,-122.26335906982422,ALAMEDA,BERKELEY,-122.26332855224609,37.866310119628906
9436216,2022,2022-05-02,0109,2022-01-25,1724,9582,1,2,5,7,0109,0,0,0,,0,26X,"HIGH ST","WATTLING ST",250.00,E,N,A,-,N,,,,,,,,,,N,3,0,1,2,A,-,03,22350,,M,D,G,A,A,H,-,C,D,0,,Y,,,Y,,A,01,0,1,0,0,0,0,1,0,0,"- ","- ",,,ALAMEDA,OAKLAND,-122.21749877929688,37.770339965820312
9437707,2022,2022-05-24,0109,2022-04-10,0450,9851,2,7,5,7,0109,0,0,0,,0,26X,"COLISEUM WY","50TH AV",250.00,E,N,A,-,N,,,,,,,,,,Y,3,0,3,3,A,-,08,22107,,N,B,E,A,A,H,-,C,A,0,,,,,Y,,A,01,0,1,2,0,0,0,0,0,0,"- ","- ",,,ALAMEDA,OAKLAND,-122.21379089355469,37.763599395751953
9437916,2022,2022-05-17,0109,2022-04-11,2140,9969,1,1,5,7,0109,0,0,0,,0,05X,"W GRAND AV","SAN PABLO AV",0.00,,Y,A,-,N,,,,,,,,,,N,3,0,2,2,A,-,12,21453,A,N,D,C,A,A,H,-,C,A,0,,,,,Y,,A,01,0,1,1,0,0,0,0,0,0,"- ","- ",,,ALAMEDA,OAKLAND,-122.2740478515625,37.812816619873047
9437917,2022,2022-05-24,0109,2022-04-17,1840,9874,2,7,5,7,0109,0,0,0,,0,23X,"FOOTHILL BL","25TH AV",0.00,,Y,A,-,N,,,,,,,,,,Y,3,0,2,7,A,-,08,22107,,N,A,C,A,A,H,-,C,D,0,,,Y,,Y,Y,A,01,0,1,1,0,0,0,0,0,0,"- ","- ",,,ALAMEDA,OAKLAND,-122.23065948486328,37.784683227539062
9437982,2021,2022-05-24,0109,2021-12-10,1652,9173,1,5,5,7,0109,0,0,0,,0,13X,"LA SALLE AV","TRAFALGAR PL",100.00,S,N,A,-,N,,,,,,,,,,N,3,0,1,2,A,-,08,22107,,M,G,B,E,A,A,-,B,A,0,Y,,,,Y,,D,22,0,1,0,0,1,0,0,0,0,"- ","- ",,,ALAMEDA,OAKLAND,-122.21138763427734,37.825702667236328