CASE_ID,ACCIDENT_YEAR,PROC_DATE,JURIS,COLLISION_DATE,COLLISION_TIME,OFFICER_ID,REPORTING_DISTRICT,DAY_OF_WEEK,CHP_SHIFT,POPULATION,CNTY_CITY_LOC,SPECIAL_COND,BEAT_TYPE,CHP_BEAT_TYPE,CITY_DIVISION_LAPD,CHP_BEAT_CLASS,BEAT_NUMBER,PRIMARY_RD,SECONDARY_RD,DISTANCE,DIRECTION,INTERSECTION,WEATHER_1,WEATHER_2,STATE_HWY_IND,CALTRANS_COUNTY,CALTRANS_DISTRICT,STATE_ROUTE,ROUTE_SUFFIX,POSTMILE_PREFIX,POSTMILE,LOCATION_TYPE,RAMP_INTERSECTION,SIDE_OF_HWY,TOW_AWAY,COLLISION_SEVERITY,NUMBER_KILLED,NUMBER_INJURED,PARTY_COUNT,PRIMARY_COLL_FACTOR,PCF_CODE_OF_VIOL,PCF_VIOL_CATEGORY,PCF_VIOLATION,PCF_VIOL_SUBSECTION,HIT_AND_RUN,TYPE_OF_COLLISION,MVIW,PED_ACTION,ROAD_SURFACE,ROAD_COND_1,ROAD_COND_2,LIGHTING,CONTROL_DEVICE,CHP_ROAD_TYPE,PEDESTRIAN_ACCIDENT,BICYCLE_ACCIDENT,MOTORCYCLE_ACCIDENT,TRUCK_ACCIDENT,NOT_PRIVATE_PROPERTY,ALCOHOL_INVOLVED,STWD_VEHTYPE_AT_FAULT,CHP_VEHTYPE_AT_FAULT,COUNT_SEVERE_INJ,COUNT_VISIBLE_INJ,COUNT_COMPLAINT_PAIN,COUNT_PED_KILLED,COUNT_PED_INJURED,COUNT_BICYCLIST_KILLED,COUNT_BICYCLIST_INJURED,COUNT_MC_KILLED,COUNT_MC_INJURED,PRIMARY_RAMP,SECONDARY_RAMP,LATITUDE,LONGITUDE,COUNTY,CITY,POINT_X,POINT_Y
9438001,2022,2022-06-03,0109,2022-04-19,1909,9960,1,2,5,7,0109,0,0,0,,0,05Y,"MANDELA PKWY","14TH ST",0.00,,Y,A,-,N,,,,,,,,,,N,3,0,1,2,D,-,00,,,N,G,B,B,A,H,-,A,A,0,Y,,,,Y,,-,"- ",0,1,0,0,1,0,0,0,0,"- ","- ",,,ALAMEDA,OAKLAND,-122.29174041748047,37.810855865478516
9438002,2022,2022-06-03,0109,2022-04-18,1239,9945,1,1,5,7,0109,0,0,0,,0,09X,"PLEASANT VALLEY AV","GILBERT ST",0.00,,Y,A,-,N,,,,,,,,,,Y,3,0,1,2,A,-,08,22107,,N,C,E,A,A,H,-,A,D,0,,,,,Y,,A,01,0,1,0,0,0,0,0,0,0,"- ","- ",,,ALAMEDA,OAKLAND,-122.25055694580078,37.833560943603516
9438004,2022,2022-06-03,0109,2022-04-10,0415,9913,2,7,5,7,0109,0,0,0,,0,21X,"FRUITVALE AV","29TH ST",10.00,S,N,A,-,N,,,,,,,,,,N,3,0,1,3,A,-,07,21658,A,N,C,E,A,A,H,-,C,D,0,,,,,Y,,A,01,0,1,0,0,0,0,0,0,0,"- ","- ",,,ALAMEDA,OAKLAND,-122.21952056884766,37.791885375976562
9438007,2022,2022-05-16,0109,2022-04-19,1152,88274,2,2,5,7,0109,0,0,0,,0,31X,"HEGENBERGER RD","BALDWIN ST",30.00,N,N,A,-,N,,,,,,,,,,N,3,0,2,5,A,-,03,22350,,M,C,C,A,A,H,-,A,A,0,,,,,Y,,A,01,0,2,0,0,0,0,0,0,0,"- ","- ",,,ALAMEDA,OAKLAND,-122.19626617431641,37.747631072998047
9438510,2022,2022-05-11,0103,2022-03-17,1708,111,,4,5,6,0103,0,0,0,,0,007,ASHBY,MAGNOLIA,0.00,,Y,A,-,Y,ALA,4,13,-,-,11.010,H,-,N,N,3,0,1,3,A,-,03,22350,,N,C,C,A,A,H,-,A,D,0,,,,,Y,,A,01,0,1,0,0,0,0,0,0,0,"- ","- ",37.857830047607422,-122.24907684326172,ALAMEDA,BERKELEY,-122.24927520751953,37.857841491699219
9438514,2022,2022-05-11,0103,2022-03-26,1351,26,,6,5,6,0103,0,0,0,,0,016,"SAN PABLO",VIRGINIA,0.00,,Y,A,-,Y,ALA,4,123,-,-,3.460,H,-,S,N,3,0,1,2,A,-,03,22350,,N,C,C,A,A,H,-,A,A,0,,,,,Y,,A,07,0,1,0,0,0,0,0,0,0,"- ","- ",37.873439788818359,-122.29353332519531,ALAMEDA,BERKELEY,-122.29358673095703,37.873336791992188
9438542,2022,2022-05-03,0103,2022-03-18,2150,10,20,5,5,6,0103,0,0,0,,0,013,ASHBY,9TH,0.00,,Y,A,-,Y,ALA,4,13,-,-,13.320,H,-,N,N,3,0,3,2,A,-,03,22350,,N,C,C,A,A,H,-,B,A,0,,,,,Y,,A,01,0,1,2,0,0,0,0,0,0,"- ","- ",37.851619720458984,-122.28936767578125,ALAMEDA,BERKELEY,-122.28892517089844,37.851730346679688
9438798,2022,2022-05-13,0109,2022-04-08,1909,8425,1,5,5,7,0109,0,0,0,,0,03X,"10TH ST","MADISON ST",0.00,,Y,A,-,N,,,,,,,,,,N,3,0,1,2,A,-,17,21657,,N,A,C,A,A,H,-,A,A,0,,,,,Y,,-,,0,1,0,0,0,0,0,0,0,"- ","- ",,,ALAMEDA,OAKLAND,-122.26577758789062,37.798748016357422
9438956,2022,2022-06-14,0109,2022-04-13,0733,8949,2,3,5,7,0109,0,0,0,,0,26X,"HIGH ST","SAN LEANDRO ST",0.00,,Y,B,-,N,,,,,,,,,,Y,3,0,1,2,A,-,03,22350,,N,C,C,A,A,H,-,A,A,0,,,Y,Y,Y,,C,02,0,1,0,0,0,0,0,0,1,"- ","- ",,,ALAMEDA,OAKLAND,-122.21713256835938,37.770622253417969
9438960,2021,2022-06-30,0109,2021-09-22,1620,9626,1,3,5,7,0109,0,0,0,,0,13X,"MORAGA AV","LA SALLE AV",30.00,E,N,A,-,N,,,,,,,,,,N,3,0,2,4,A,-,"- ",,,N,B,C,A,A,H,-,A,A,0,,,,,Y,,A,01,0,2,0,0,0,0,0,0,0,"- ","- ",,,ALAMEDA,OAKLAND,-122.21050262451172,37.826133728027344
9438962,2021,2022-05-18,0109,2021-03-27,1553,9914,1,6,5,7,0109,0,0,0,,0,19X,"INTERNATIONAL BL","19TH AV",75.00,W,N,A,-,N,,,,,,,,,,Y,3,0,1,2,A,-,08,22107,,N,D,C,A,A,H,-,A,D,0,,,,,Y,,D,22,0,1,0,0,0,0,0,0,0,"- ","- ",,,ALAMEDA,OAKLAND,-122.24121856689453,37.786575317382812
9439103,2021,2022-06-01,0109,2021-11-16,0645,8681,2,2,5,7,0109,0,0,0,,0,33X,"98TH AV","INTERNATIONAL BL",0.00,,Y,A,-,N,,,,,,,,,,N,3,0,1,3,A,-,12,21453,A,N,D,C,A,A,H,-,A,A,0,,,,,Y,,A,01,0,1,0,0,0,0,0,0,0,"- ","- ",,,ALAMEDA,OAKLAND,-122.17057800292969,37.744327545166016
9440580,2021,2022-05-10,0109,2021-06-28,1546,9470,2,1,5,7,0109,0,0,0,,0,32X,"E ST",98TH,100.00,E,N,A,-,N,,,,,,,,,,N,2,0,1,2,A,-,03,22350,,F,G,B,D,A,H,-,A,D,0,Y,,,,Y,,A,01,1,0,0,0,1,0,0,0,0,"- ","- ",,,ALAMEDA,OAKLAND,-122.17673492431641,37.741107940673828
9440586,2021,2022-05-10,0109,2021-05-30,0127,9517,2,7,5,7,0109,0,0,0,,0,26X,"INTERNATIONAL BL","57TH AV",0.00,,Y,A,-,N,,,,,,,,,,N,3,0,1,2,A,-,05,21460,A,F,B,C,A,A,H,-,C,A,0,,,Y,,Y,,A,01,0,1,0,0,0,0,0,0,1,"- ","- ",,,ALAMEDA,OAKLAND,-122.20160675048828,37.766098022460938
9440949,2022,2022-05-09,0109,2022-01-14,1800,9196,2,5,5,7,0109,0,0,0,,0,30X,"INTERNATIONAL BL","78TH AV",0.00,,Y,A,-,N,,,,,,,,,,N,3,0,1,2,A,-,11,21456,B,N,G,B,B,A,-,-,C,A,0,Y,,,,Y,,N,60,0,1,0,0,1,0,0,0,0,"- ","- ",,,ALAMEDA,OAKLAND,-122.18357086181641,37.757518768310547
9441321,2021,2022-05-17,0109,2021-12-30,2252,9764,1,4,5,7,0109,0,0,0,,0,19X,EMBARCADERO,"7TH AV",0.00,,Y,A,-,N,,,,,,,,,,Y,2,0,1,2,A,-,08,22107,,F,C,C,A,A,H,-,C,D,0,,,Y,,Y,,-,99,1,0,0,0,0,0,0,0,1,"- ","- ",,,ALAMEDA,OAKLAND,-122.25691223144531,37.789344787597656
9441325,2021,2022-05-17,0109,2021-12-17,1619,8609,1,5,5,7,0109,0,0,0,,0,20X,"FRUITVALE AV","E 17TH ST",0.00,,Y,A,-,N,,,,,,,,,,N,3,0,1,3,A,-,06,21750,,M,B,C,A,A,H,-,A,A,0,,,Y,,Y,,A,07,0,1,0,0,0,0,0,0,1,"- ","- ",,,ALAMEDA,OAKLAND,-122.22409057617188,37.7811279296875
9441330,2021,2022-05-17,0109,2021-12-04,1434,9165,2,6,5,7,0109,0,0,0,,0,27X,"SEMINARY LN","TRASK ST",1.00,E,N,B,-,N,,,,,,,,,,Y,3,0,1,2,A,-,09,21802,A,N,D,C,A,A,H,-,A,D,0,,,,,Y,,A,01,0,1,0,0,0,0,0,0,0,"- ","- ",,,ALAMEDA,OAKLAND,-122.19266510009766,37.769950866699219
9441335,2021,2022-05-17,0109,2021-12-09,2236,8425,1,4,5,7,0109,0,0,0,,0,03X,"7TH ST","WEBSTER ST",0.00,,Y,A,-,N,,,,,,,,,,N,3,0,4,3,A,-,12,21453,A,N,D,C,A,A,H,-,A,A,0,,,,,Y,,A,07,0,1,3,0,0,0,0,0,0,"- ","- ",,,ALAMEDA,OAKLAND,-122.27178955078125,37.798561096191406
9441337,2021,2022-05-17,0109,2021-12-03,1721,9165,2,5,5,7,0109,0,0,0,,0,27X,"INTERNATIONAL BL","69TH AV",2.00,W,N,B,-,N,,,,,,,,,,N,3,0,1,2,A,-,08,22107,,F,G,B,F,A,H,-,C,A,0,Y,,,,Y,,A,08,0,1,0,0,1,0,0,0,0,"- ","- ",,,ALAMEDA,OAKLAND,-122.1903076171875,37.760734558105469
9441401,2022,2022-05-23,0109,2022-04-10,1858,9286,2,7,5,7,0109,0,0,0,,0,29X,"SEMINARY AV","OAKDALE AV",0.00,,Y,A,-,N,,,,,,,,,,N,3,0,1,2,A,-,17,21657,,M,A,C,A,A,H,-,A,D,0,,,,,Y,,A,01,0,1,0,0,0,0,0,0,0,"- ","- ",,,ALAMEDA,OAKLAND,-122.17829895019531,37.779865264892578
9441461,2022,2022-06-27,0109,2022-03-27,1824,9880,2,7,5,7,0109,0,0,0,,0,23X,"33RD AV","INTERNATIONAL BL",0.00,,Y,A,-,N,,,,,,,,,,Y,2,0,2,6,A,-,08,22107,,F,A,C,A,A,H,-,A,A,0,,,,,Y,,A,01,1,0,1,0,0,0,0,0,0,"- ","- ",,,ALAMEDA,OAKLAND,-122.22453308105469,37.7769775390625
9441498,2022,2022-05-19,0109,2022-04-13,1222,9224,2,3,5,7,0109,0,0,0,,0,30Y,"73RD AV","GARFIELD AV",0.00,,Y,A,-,N,,,,,,,,,,Y,3,0,2,2,D,-,00,,,N,C,C,A,A,H,-,A,A,0,,,,,Y,,-,"- ",0,1,1,0,0,0,0,0,0,"- ","- ",,,ALAMEDA,OAKLAND,-122.17566680908203,37.766944885253906
9441763,2022,2022-05-13,0109,2022-04-02,1309,9742,1,6,5,7,0109,0,0,0,,0,05X,"ADELINE ST","18TH ST",0.00,,Y,A,-,N,,,,,,,,,,N,3,0,1,2,A,-,08,22107,,N,B,G,A,A,H,-,A,A,0,,Y,,,Y,,L,04,0,1,0,0,0,0,1,0,0,"- ","- ",,,ALAMEDA,OAKLAND,-122.28511047363281,37.812347412109375
9441766,2022,2022-05-13,0109,2022-04-01,1438,9533,1,5,5,7,0109,0,0,0,,0,03X,"FRANKLIN ST","8TH ST",30.00,N,N,A,-,N,,,,,,,,,,N,3,0,1,2,A,-,11,21954,A,N,G,B,E,A,H,-,A,A,0,Y,,,,Y,,N,60,0,1,0,0,1,0,0,0,0,"- ","- ",,,ALAMEDA,OAKLAND,-122.27247619628906,37.799785614013672
9441803,2022,2022-05-10,0109,2022-03-23,1821,8959,1,3,5,7,0109,0,0,0,,0,15X,"MACARTHUR BL","WESLEY AV",5.00,S,N,A,-,N,,,,,,,,,,N,3,0,1,2,A,-,08,22100,A,N,D,C,A,A,H,-,A,D,0,,Y,,,Y,,L,04,0,1,0,0,0,0,1,0,0,"- ","- ",,,ALAMEDA,OAKLAND,-122.24484252929688,37.808834075927734
9441805,2022,2022-05-11,0109,2022-03-20,1051,9786,1,7,5,7,0109,0,0,0,,0,10X,"ADELINE ST","8TH ST",0.00,,Y,A,-,N,,,,,,,,,,N,3,0,1,2,A,-,09,21801,A,N,D,C,A,A,H,-,A,A,0,,,,,Y,,A,01,0,1,0,0,0,0,0,0,0,"- ","- ",,,ALAMEDA,OAKLAND,-122.28782653808594,37.804851531982422
9441806,2022,2022-05-10,0109,2022-03-20,2030,9969,1,7,5,7,0109,0,0,0,,0,12X,"45TH ST","MARKET ST",0.00,,Y,A,-,N,,,,,,,,,,N,3,0,1,2,A,-,08,22107,,M,G,B,E,A,G,-,B,A,0,Y,,,,Y,,-,99,0,1,0,0,1,0,0,0,0,"- ","- ",,,ALAMEDA,OAKLAND,-122.27297210693359,37.834461212158203
9441807,2022,2022-05-10,0109,2022-03-19,2220,9851,2,6,5,7,0109,0,0,0,,0,35X,"BANCROFT AV","96TH AV",50.00,W,N,A,-,N,,,,,,,,,,N,3,0,1,2,A,-,03,22350,,M,G,B,D,A,H,-,C,D,0,Y,,,,Y,,A,08,0,1,0,0,1,0,0,0,0,"- ","- ",,,ALAMEDA,OAKLAND,-122.16309356689453,37.749889373779297
9441839,2022,2022-05-11,0109,2022-03-26,1749,9881,1,6,5,7,0109,0,0,0,,0,10X,"STANFORD AV","LOS ANGELES ST",0.00,,Y,A,-,N,,,,,,,,,,N,3,0,1,2,A,-,09,21801,A,N,C,C,A,-,H,-,A,A,0,,,Y,,Y,,C,02,0,1,0,0,0,0,0,0,1,"- ","- ",,,ALAMEDA,OAKLAND,-122.27883911132812,37.842605590820312
9441931,2022,2022-05-13,0109,2022-01-26,2033,9169,1,3,5,7,0109,0,0,0,,0,12X,"TELEGRAPH AV","45TH ST",0.00,,Y,A,-,N,,,,,,,,,,N,2,0,1,2,A,-,06,21754,,N,G,A,A,A,H,-,C,A,0,,,Y,,Y,,C,02,1,0,0,0,0,0,0,0,1,"- ","- ",,,ALAMEDA,OAKLAND,-122.26342010498047,37.833019256591797
9441935,2022,2022-05-12,0109,2022-01-30,1940,8549,1,7,5,7,0109,0,0,0,,0,03X,"7TH ST","FALLON ST",0.00,,Y,A,-,N,,,,,,,,,,N,3,0,1,2,A,-,03,22350,,F,G,B,E,A,H,-,C,A,0,Y,,,,Y,,A,01,0,1,0,0,1,0,0,0,0,"- ","- ",,,ALAMEDA,OAKLAND,-122.26470184326172,37.795780181884766
9442329,2021,2022-04-28,0109,2021-10-18,1708,9892,1,1,5,7,0109,0,0,0,,0,03X,"7TH ST","WEBSTER ST",75.00,E,N,A,-,N,,,,,,,,,,N,3,0,1,2,A,-,03,22350,,M,G,B,D,A,H,-,A,A,0,Y,,,,Y,,A,07,0,1,0,0,1,0,0,0,0,"- ","- ",,,ALAMEDA,OAKLAND,-122.27156066894531,37.798465728759766
9442334,2021,2022-05-11,0109,2021-10-05,0815,9942,2,2,5,7,0109,0,0,0,,0,30X,"73RD AV",INTERNATIONAL,0.00,,Y,A,-,N,,,,,,,,,,N,3,0,1,2,D,-,00,,,M,G,G,A,A,H,-,A,A,0,,Y,,,Y,,-,"- ",0,1,0,0,0,0,1,0,0,"- ","- ",,,ALAMEDA,OAKLAND,-122.18708038330078,37.759212493896484
9442337,2021,2022-04-28,0109,2021-10-07,0829,9479,1,4,5,7,0109,0,0,0,,0,21X,"23RD AV","E 27TH ST",0.00,,Y,B,-,N,,,,,,,,,,N,2,0,2,3,A,-,10,21950,A,F,G,B,B,A,-,-,A,A,0,Y,,,,Y,,A,01,1,0,1,0,2,0,0,0,0,"- ","- ",,,ALAMEDA,OAKLAND,-122.22673034667969,37.793556213378906
9442395,2021,2022-04-28,0109,2021-11-04,1824,9930,1,4,5,7,0109,0,0,0,,0,03X,"9TH ST","JACKSON ST",0.00,,Y,A,-,N,,,,,,,,,,N,3,0,1,2,A,-,12,21453,A,N,D,C,A,A,H,-,B,A,0,,,,,Y,,A,01,0,1,0,0,0,0,0,0,0,"- ","- ",,,ALAMEDA,OAKLAND,-122.26737213134766,37.798542022705078
9442406,2022,2022-04-29,0109,2022-03-15,1703,9832,1,2,5,7,0109,0,0,0,,0,19X,"E 12TH ST","14TH AV",0.00,,Y,A,-,N,,,,,,,,,,N,2,0,1,3,A,-,12,21453,A,N,D,G,A,A,H,-,A,A,0,,Y,,,Y,,A,01,1,0,0,0,0,0,1,0,0,"- ","- ",,,ALAMEDA,OAKLAND,-122.24722290039062,37.788272857666016
9442410,2022,2022-04-29,0109,2022-03-27,0732,9349,1,7,5,7,0109,0,0,0,,0,17X,"12TH AV","E 28TH ST",100.00,S,N,A,-,N,,,,,,,,,,N,3,0,1,1,A,-,08,22107,,N,A,I,A,A,H,-,A,A,0,,,,,Y,,A,01,0,1,0,0,0,0,0,0,0,"- ","- ",,,ALAMEDA,OAKLAND,-122.23628997802734,37.799243927001953
9442470,2022,2022-05-02,0109,2022-02-10,0009,9940,2,4,5,7,0109,0,0,0,,0,33X,"85TH AV","SAN LEANDRO ST",0.00,,Y,A,-,N,,,,,,,,,,Y,2,0,1,3,A,-,12,21453,A,F,H,C,A,A,H,-,C,A,0,,,,,Y,,A,01,1,0,0,0,0,0,0,0,0,"- ","- ",,,ALAMEDA,OAKLAND,-122.18907928466797,37.746997833251953
9442754,2022,2022-05-18,0109,2022-03-19,0522,9903,1,6,5,7,0109,0,0,0,,0,03X,"8TH ST","WEBSTER ST",12.00,S,N,A,-,N,,,,,,,,,,N,3,0,1,2,A,-,17,21657,,N,B,C,A,A,H,-,C,A,0,,,,,Y,,A,01,0,1,0,0,0,0,0,0,0,"- ","- ",,,ALAMEDA,OAKLAND,-122.27131652832031,37.799236297607422
9442762,2022,2022-05-18,0109,2022-03-23,0721,9395,2,3,5,7,0109,0,0,0,,0,20X,"FOOTHILL BL","28TH AV",0.00,,Y,B,-,N,,,,,,,,,,N,3,0,2,2,A,-,09,21801,A,N,A,C,A,A,H,-,A,A,0,,,,,Y,,D,22,0,1,1,0,0,0,0,0,0,"- ","- ",,,ALAMEDA,OAKLAND,-122.22550964355469,37.784366607666016
9443223,2021,2022-04-28,0109,2021-07-05,0316,9575,1,1,5,7,0109,0,0,0,,0,19X,"14TH AV","INTERNATIONAL BL",0.00,,Y,A,-,N,,,,,,,,,,N,2,0,1,2,A,-,12,21453,A,N,D,C,A,A,H,-,C,A,0,,,Y,,Y,,-,"- ",1,0,0,0,0,0,0,0,1,"- ","- ",,,ALAMEDA,OAKLAND,-122.24615478515625,37.789405822753906
9443225,2021,2022-04-28,0109,2021-09-18,0222,9807,1,6,5,7,0109,0,0,0,,0,02X,"14TH ST","PASLISADE DR",30.00,E,N,A,-,N,,,,,,,,,,Y,3,0,1,1,A,-,03,22350,,N,A,I,A,A,H,-,C,A,0,,,,,Y,,A,01,0,1,0,0,0,0,0,0,0,"- ","- ",,,ALAMEDA,OAKLAND,-122.29871368408203,37.813758850097656
9443232,2021,2022-04-28,0109,2021-10-15,2030,9869,1,5,5,7,0109,0,0,0,,0,,"FOOTHILL BL","17TH AV",0.00,,Y,A,-,N,,,,,,,,,,N,2,0,1,2,D,-,00,,,N,A,B,A,A,H,-,C,A,0,,Y,,,Y,,-,"- ",1,0,0,0,0,0,1,0,0,"- ","- ",,,ALAMEDA,OAKLAND,-122.24156188964844,37.789371490478516
9443236,2021,2022-04-28,0109,2021-11-23,1048,9949,1,2,5,7,0109,0,0,0,,0,12Y,"ALCATRAZ AV","HILLEGASS AV",25.00,E,N,A,-,N,,,,,,,,,,N,3,0,1,2,A,-,08,22107,,N,D,G,A,A,H,-,A,D,0,,Y,,,Y,,A,07,0,1,0,0,0,0,1,0,0,"- ","- ",,,ALAMEDA,OAKLAND,-122.25462341308594,37.850990295410156
9443779,2021,2022-05-17,0109,2021-12-09,2210,9765,2,4,5,7,0109,0,0,0,,0,33X,"INTERNATIONAL BL","92ND AV",135.00,E,N,A,-,N,,,,,,,,,,Y,3,0,1,2,A,-,01,23152,A,N,C,E,A,A,H,-,C,A,0,,,,,Y,Y,A,01,0,1,0,0,0,0,0,0,0,"- ","- ",,,ALAMEDA,OAKLAND,-122.17340087890625,37.748157501220703
9444191,2022,2022-05-17,0109,2022-02-13,2044,9675,1,7,5,7,0109,0,0,0,,0,14X,"GRAND AV","EUCLID AV",6.00,W,N,A,-,N,,,,,,,,,,Y,3,0,1,1,A,-,08,22107,,N,E,I,A,A,H,-,C,A,0,,,,,Y,,A,01,0,1,0,0,0,0,0,0,0,"- ","- ",,,ALAMEDA,OAKLAND,-122.251708984375,37.808570861816406
9444194,2022,2022-06-02,0109,2022-02-19,2238,9675,1,6,5,7,0109,0,0,0,,0,14X,"VERNON ST","MACARTHUR BL",100.00,S,N,A,-,N,,,,,,,,,,N,2,0,1,2,A,-,08,22107,,F,G,B,A,A,A,-,C,D,0,,,Y,,Y,,-,99,1,0,0,0,0,0,0,0,1,"- ","- ",,,ALAMEDA,OAKLAND,-122.25302886962891,37.817020416259766
9444400,2022,2022-05-25,0109,2022-03-31,1440,9142,2,4,5,7,0109,0,0,0,,0,25X,"38TH AV","REDDING ST",0.00,,Y,A,-,N,,,,,,,,,,N,3,0,1,2,A,-,12,22450,A,N,D,-,A,A,H,-,A,A,0,,,,,Y,,A,01,0,1,0,0,0,0,0,0,0,"- ","- ",,,ALAMEDA,OAKLAND,-122.19879150390625,37.790271759033203
9444517,2021,2022-05-25,0109,2021-10-03,0031,9682,2,7,5,7,0109,0,0,0,,0,29X,"SEMINARY AV","BRANN ST",174.00,N,N,A,-,N,,,,,,,,,,Y,3,0,1,2,A,-,01,23152,A,N,B,E,A,A,H,-,C,D,0,,,,,Y,Y,A,01,0,1,0,0,0,0,0,0,0,"- ","- ",,,ALAMEDA,OAKLAND,-122.18603515625,37.774818420410156
9444518,2021,2022-05-25,0109,2021-10-19,1350,8245,1,2,5,7,0109,0,0,0,,0,09X,"WEST MACARTHUR BL","HOWE ST",0.00,,Y,A,-,N,,,,,,,,,,N,3,0,1,2,A,-,12,21453,A,F,G,B,B,A,H,-,A,A,0,Y,,,,Y,Y,A,01,0,1,0,0,1,0,0,0,0,"- ","- ",,,ALAMEDA,OAKLAND,-122.25742340087891,37.823795318603516
9444519,2021,2022-05-25,0109,2021-10-19,1749,8245,1,2,5,7,0109,0,0,0,,0,09X,"WEST MACARTHUR BL","PIEDMONT AV",0.00,,Y,A,-,N,,,,,,,,,,N,3,0,1,2,A,-,08,22107,,F,C,C,A,A,H,-,A,A,0,,,Y,,Y,Y,A,07,0,1,0,0,0,0,0,0,1,"- ","- ",,,ALAMEDA,OAKLAND,-122.25663757324219,37.823200225830078
9444724,2021,2022-06-23,0109,2021-02-10,0830,9896,2,3,5,7,0109,0,0,0,,0,31X,"85TH AV","BALDWIN ST",15.00,N,N,A,-,N,,,,,,,,,,Y,3,0,1,3,A,-,08,22107,,N,A,C,A,A,A,-,A,D,0,,,,,Y,,-,"- ",0,1,0,0,0,0,0,0,0,"- ","- ",,,ALAMEDA,OAKLAND,-122.1912841796875,37.744068145751953
9444765,2021,2022-05-24,0109,2021-09-08,2040,9172,1,3,5,7,0109,0,0,0,,0,04X,"HARRISON ST","21ST ST",18.00,N,N,A,-,N,,,,,,,,,,Y,3,0,1,2,A,-,01,23152,,F,C,G,A,A,H,-,C,A,0,,Y,,,Y,Y,A,01,0,1,0,0,0,0,1,0,0,"- ","- ",,,ALAMEDA,OAKLAND,-122.26302337646484,37.809375762939453
9444768,2021,2022-05-24,0109,2021-08-19,1600,9947,2,4,5,7,0109,0,0,0,,0,27X,"48TH AV","BANCROFT AV",0.00,,Y,A,-,N,,,,,,,,,,Y,3,0,1,3,A,-,12,22450,A,F,D,C,A,A,H,-,A,C,0,,,,,Y,,A,01,0,1,0,0,0,0,0,0,0,"- ","- ",,,ALAMEDA,OAKLAND,-122.20838165283203,37.771759033203125
9444769,2021,2022-05-24,0109,2021-12-22,1624,9917,2,3,5,7,0109,0,0,0,,0,26X,"OAKPORT ST","HIGH ST",528.00,E,N,A,-,N,,,,,,,,,,Y,3,0,2,2,A,-,01,23152,A,M,A,C,A,A,H,-,A,A,0,,,,,Y,Y,A,01,0,1,1,0,0,0,0,0,0,"- ","- ",,,ALAMEDA,OAKLAND,-122.21963500976562,37.766765594482422
9444773,2021,2022-05-24,0109,2021-11-21,1752,9930,1,7,5,7,0109,0,0,0,,0,06X,"40TH ST","MARTIN LUTHER KING WY",0.00,,Y,A,-,N,,,,,,,,,,N,2,0,1,2,D,-,00,,,F,G,B,E,A,H,-,C,A,0,Y,,,,Y,,-,"- ",1,0,0,0,1,0,0,0,0,"- ","- ",,,ALAMEDA,OAKLAND,-122.2684326171875,37.82977294921875
9444774,2021,2022-05-24,0109,2021-11-28,1512,9570,1,7,5,7,0109,0,0,0,,0,02X,"7TH ST","MARKET ST",125.00,E,N,A,-,N,,,,,,,,,,N,3,0,1,2,A,-,08,22107,,M,B,C,A,A,H,-,B,A,0,,,Y,,Y,,A,01,0,1,0,0,0,0,0,0,1,"- ","- ",,,ALAMEDA,OAKLAND,-122.28256225585938,37.80267333984375
9444775,2021,2022-05-24,0109,2021-11-21,0712,9936,1,7,5,7,0109,0,0,0,,0,02X,"5TH ST","BRUSH ST",0.00,,Y,A,-,N,,,,,,,,,,N,3,0,1,2,A,-,12,21453,A,M,H,B,C,A,H,-,A,A,0,Y,,,,Y,,A,01,0,1,0,0,1,0,0,0,0,"- ","- ",,,ALAMEDA,OAKLAND,-122.28219604492188,37.800918579101562
9444777,2022,2022-05-31,0109,2022-03-12,1923,9855,2,6,5,7,0109,0,0,0,,0,24Y,"MACARTHUR BL","24TH AV",240.00,E,N,A,-,N,,,,,,,,,,N,3,0,1,3,D,-,00,,,N,B,C,A,A,H,-,B,D,0,,,Y,,Y,,-,"- ",0,1,0,0,0,0,0,0,1,"- ","- ",,,ALAMEDA,OAKLAND,-122.20516204833984,37.793704986572266
9444779,2022,2022-05-31,0109,2022-03-10,1737,9929,1,4,5,7,0109,0,0,0,,0,02X,"14TH ST","BRUSH ST",0.00,,Y,A,-,N,,,,,,,,,,N,3,0,1,2,A,-,11,21453,D,N,G,B,B,A,H,-,A,A,0,Y,,,,Y,,N,60,0,1,0,0,1,0,0,0,0,"- ","- ",,,ALAMEDA,OAKLAND,-122.27864837646484,37.807216644287109
9444823,2022,2022-05-31,0109,2022-04-29,1523,9689,1,5,5,7,0109,0,0,0,,0,13X,"PROCTOR AV","ALTA RD",50.00,E,N,A,-,N,,,,,,,,,,N,3,0,1,2,A,-,09,21801,A,N,B,G,A,A,H,-,A,B,0,,Y,,,Y,,A,01,0,1,0,0,0,0,1,0,0,"- ","- ",,,ALAMEDA,OAKLAND,-122.22797393798828,37.841449737548828
9444894,2022,2022-06-27,0109,2022-03-25,1925,9929,1,5,5,7,0109,0,0,0,,0,02X,"10TH ST","ADELINE ST",0.00,,Y,A,-,N,,,,,,,,,,N,3,0,1,4,A,-,12,21453,A,N,D,C,A,A,H,-,C,A,0,,,,,Y,,-,"- ",0,1,0,0,0,0,0,0,0,"- ","- ",,,ALAMEDA,OAKLAND,-122.28719329833984,37.806625366210938
9445114,2021,2022-05-25,0109,2021-07-12,1204,9747,1,1,5,7,0109,0,0,0,,0,02X,"8TH ST","CHESTER ST",50.00,E,N,A,-,N,,,,,,,,,,N,3,0,2,3,A,-,08,22107,,N,A,E,A,A,H,-,A,A,0,,,,,Y,,A,01,0,2,0,0,0,0,0,0,0,"- ","- ",,,ALAMEDA,OAKLAND,-122.29545593261719,37.806560516357422
9445115,2021,2022-05-25,0109,2021-05-22,2250,9870,2,6,5,7,0109,0,0,0,,0,27X,"INTERNATIONAL BL","52ND AV",0.00,,Y,A,-,N,,,,,,,,,,Y,2,0,3,2,A,-,01,23152,A,F,D,C,A,A,H,-,C,A,0,,,,,Y,Y,A,01,1,1,1,0,0,0,0,0,0,"- ","- ",,,ALAMEDA,OAKLAND,-122.20706939697266,37.768562316894531