CASE_ID,ACCIDENT_YEAR,PROC_DATE,JURIS,COLLISION_DATE,COLLISION_TIME,OFFICER_ID,REPORTING_DISTRICT,DAY_OF_WEEK,CHP_SHIFT,POPULATION,CNTY_CITY_LOC,SPECIAL_COND,BEAT_TYPE,CHP_BEAT_TYPE,CITY_DIVISION_LAPD,CHP_BEAT_CLASS,BEAT_NUMBER,PRIMARY_RD,SECONDARY_RD,DISTANCE,DIRECTION,INTERSECTION,WEATHER_1,WEATHER_2,STATE_HWY_IND,CALTRANS_COUNTY,CALTRANS_DISTRICT,STATE_ROUTE,ROUTE_SUFFIX,POSTMILE_PREFIX,POSTMILE,LOCATION_TYPE,RAMP_INTERSECTION,SIDE_OF_HWY,TOW_AWAY,COLLISION_SEVERITY,NUMBER_KILLED,NUMBER_INJURED,PARTY_COUNT,PRIMARY_COLL_FACTOR,PCF_CODE_OF_VIOL,PCF_VIOL_CATEGORY,PCF_VIOLATION,PCF_VIOL_SUBSECTION,HIT_AND_RUN,TYPE_OF_COLLISION,MVIW,PED_ACTION,ROAD_SURFACE,ROAD_COND_1,ROAD_COND_2,LIGHTING,CONTROL_DEVICE,CHP_ROAD_TYPE,PEDESTRIAN_ACCIDENT,BICYCLE_ACCIDENT,MOTORCYCLE_ACCIDENT,TRUCK_ACCIDENT,NOT_PRIVATE_PROPERTY,ALCOHOL_INVOLVED,STWD_VEHTYPE_AT_FAULT,CHP_VEHTYPE_AT_FAULT,COUNT_SEVERE_INJ,COUNT_VISIBLE_INJ,COUNT_COMPLAINT_PAIN,COUNT_PED_KILLED,COUNT_PED_INJURED,COUNT_BICYCLIST_KILLED,COUNT_BICYCLIST_INJURED,COUNT_MC_KILLED,COUNT_MC_INJURED,PRIMARY_RAMP,SECONDARY_RAMP,LATITUDE,LONGITUDE,COUNTY,CITY,POINT_X,POINT_Y
9445117,2021,2022-06-29,0109,2021-05-30,1213,9514,2,7,5,7,0109,0,0,0,,0,34X,"90TH AV","OLIVE ST",90.00,S,N,A,-,N,,,,,,,,,,Y,3,0,1,2,A,-,05,21460,A,N,D,C,A,A,H,-,A,D,0,,,Y,,Y,,-,"- ",0,1,0,0,0,0,0,0,1,"- ","- ",,,ALAMEDA,OAKLAND,-122.16812896728516,37.752487182617188
9445118,2021,2022-06-29,0109,2021-04-18,2150,9899,2,7,5,7,0109,0,0,0,,0,34X,"BANCROFT AV","96TH AV",0.00,,Y,A,-,N,,,,,,,,,,N,3,0,5,2,A,-,09,21800,,N,D,C,A,A,H,-,C,A,0,,,,,Y,,A,01,0,1,4,0,0,0,0,0,0,"- ","- ",,,ALAMEDA,OAKLAND,-122.16300964355469,37.749771118164062
9445232,2022,2022-05-19,0109,2022-04-19,1521,9960,1,2,5,7,0109,0,0,0,,0,18X,"E 19TH ST","19TH AV",5.00,E,N,A,-,N,,,,,,,,,,N,3,0,1,2,A,-,10,21950,A,F,G,B,B,A,H,-,A,D,0,Y,,,,Y,,A,01,0,1,0,0,1,0,0,0,0,"- ","- ",,,ALAMEDA,OAKLAND,-122.23784637451172,37.789772033691406
9445236,2022,2022-05-19,0109,2022-04-06,2246,9966,2,3,5,7,0109,0,0,0,,0,27Y,"BANCROFT AV","FORTUNE WY",0.00,,Y,A,-,N,,,,,,,,,,N,2,0,1,2,A,-,08,22107,,F,C,G,A,A,H,-,C,D,0,,Y,,,Y,,A,01,1,0,0,0,0,0,1,0,0,"- ","- ",,,ALAMEDA,OAKLAND,-122.19013214111328,37.770679473876953
9445292,2022,2022-06-09,0103,2022-03-18,0307,70,,5,5,6,0103,0,0,0,,0,010,"ASHBY AV","SACRAMENTO ST",214.00,E,N,A,-,Y,ALA,4,13,-,-,12.710,H,-,N,N,3,0,1,2,A,-,08,22107,,N,B,E,A,A,H,-,C,D,0,,,,,Y,,A,01,0,1,0,0,0,0,0,0,0,"- ","- ",37.853279113769531,-122.27900695800781,ALAMEDA,BERKELEY,-122.27816009521484,37.853412628173828
9445312,2022,2022-06-09,0103,2022-04-05,0640,112,,2,5,6,0103,0,0,0,,0,013,"RT 13",7TH,0.00,,Y,A,-,Y,ALA,4,13,-,-,13.420,H,-,N,Y,3,0,3,2,A,-,03,22350,,N,C,C,A,A,H,-,A,A,0,,,,,Y,,A,01,0,1,2,0,0,0,0,0,0,"- ","- ",37.851360321044922,-122.29087829589844,ALAMEDA,BERKELEY,-122.29079437255859,37.851146697998047
9445316,2022,2022-06-09,0103,2022-04-02,1545,51,34,6,5,6,0103,0,0,0,,0,011,ASHBY,SACRAMENTO,0.00,,Y,A,-,Y,ALA,4,13,-,-,12.760,I,5,N,N,3,0,1,1,A,-,03,22350,,N,E,I,A,A,H,-,A,A,0,,Y,,,Y,,L,04,0,1,0,0,0,0,1,0,0,"- ","- ",37.853279113769531,-122.27900695800781,ALAMEDA,BERKELEY,-122.27902221679688,37.853305816650391
9445320,2022,2022-06-09,0103,2022-04-09,1700,94,20,6,5,6,0103,0,0,0,,0,013,ASHBY,9TH,0.00,,Y,A,-,Y,ALA,4,13,-,-,13.330,I,5,N,N,3,0,1,2,A,-,09,21801,A,N,D,C,A,A,H,-,A,A,0,,,,,Y,,A,01,0,1,0,0,0,0,0,0,0,"- ","- ",37.851619720458984,-122.28936767578125,ALAMEDA,BERKELEY,-122.28938293457031,37.851634979248047
9445328,2022,2022-06-09,0103,2022-04-14,1849,36,20,4,5,6,0103,0,0,0,,0,013,"ASHBY AV",7TH,0.00,,Y,A,-,Y,ALA,4,13,-,-,13.420,H,-,N,N,3,0,1,2,A,-,03,22350,,N,C,C,A,A,H,-,A,A,0,,,,,Y,,A,01,0,1,0,0,0,0,0,0,0,"- ","- ",,,ALAMEDA,BERKELEY,-122.29079437255859,37.851146697998047
9445336,2022,2022-06-09,0103,2022-04-29,1357,100,,5,5,6,0103,0,0,0,,0,008,"ASHBY AV","SHATTUCK AV",0.00,,Y,A,-,Y,ALA,4,13,-,-,12.058,I,5,S,N,2,0,1,2,A,-,12,21453,A,N,H,C,A,A,H,-,A,A,0,,,,,Y,,A,07,1,0,0,0,0,0,0,0,0,"- ","- ",37.855300903320312,-122.26648712158203,ALAMEDA,BERKELEY,-122.26652526855469,37.855300903320312
9445893,2021,2022-05-24,0109,2021-08-12,2026,9917,2,4,5,7,0109,0,0,0,,0,27X,"FOOTHILL BL","50TH AV",60.00,W,N,A,-,N,,,,,,,,,,Y,3,0,1,2,A,-,01,23152,A,M,E,I,A,A,H,-,C,D,0,,,,,Y,Y,A,01,0,1,0,0,0,0,0,0,0,"- ","- ",,,ALAMEDA,OAKLAND,-122.20661926269531,37.772647857666016
9445976,2022,2022-06-07,0109,2022-05-04,1915,9196,2,3,5,7,0109,0,0,0,,0,30X,"INTERNATIONAL BL","72ND AV",50.00,E,N,A,-,N,,,,,,,,,,N,3,0,1,2,A,-,03,22350,,M,C,C,A,A,H,-,A,D,0,,,,,Y,,A,07,0,1,0,0,0,0,0,0,0,"- ","- ",,,ALAMEDA,OAKLAND,-122.18804931640625,37.759662628173828
9445977,2022,2022-06-07,0109,2022-05-05,1640,9126,1,4,5,7,0109,0,0,0,,0,06X,"MARKET ST","31ST ST",20.00,N,N,B,-,N,,,,,,,,,,N,3,0,2,2,A,-,04,21703,,N,C,C,A,A,H,-,A,D,0,,,,,Y,,A,01,0,2,0,0,0,0,0,0,0,"- ","- ",,,ALAMEDA,OAKLAND,-122.27620697021484,37.821502685546875
9446168,2021,2022-05-24,0109,2021-10-12,2130,9754,1,2,5,7,0109,0,0,0,,0,12X,"MORAGA AV","PLEASANT VALLEY",297.00,N,N,A,-,N,,,,,,,,,,Y,3,0,1,2,A,-,01,23152,A,N,C,E,A,A,H,-,C,A,0,,,,,Y,Y,A,01,0,1,0,0,0,0,0,0,0,"- ","- ",,,ALAMEDA,OAKLAND,-122.24506378173828,37.829315185546875
9446217,2022,2022-05-27,0109,2022-02-02,0900,9562,1,3,5,7,0109,0,0,0,,0,05X,"GRAND AV","ADELINE ST",0.00,,Y,A,-,N,,,,,,,,,,N,3,0,2,2,A,-,12,21453,A,N,B,C,A,A,-,-,A,A,0,,,,,Y,,A,01,0,1,1,0,0,0,0,0,0,"- ","- ",,,ALAMEDA,OAKLAND,-122.28397369384766,37.815505981445312
9446221,2022,2022-05-27,0109,2022-02-26,0808,9951,2,6,5,7,0109,0,0,0,,0,29X,"73RD AV","INTERNATIONAL BL",5.00,N,N,A,-,N,,,,,,,,,,Y,3,0,2,2,A,-,03,22350,,N,C,C,A,A,H,-,A,A,0,,,,,Y,,A,01,0,1,1,0,0,0,0,0,0,"- ","- ",,,ALAMEDA,OAKLAND,-122.18707275390625,37.759220123291016
9446229,2022,2022-06-01,0109,2022-01-20,1310,8681,2,4,5,7,0109,0,0,0,,0,35X,"BANCROFT AV","82ND AV",115.00,E,N,A,-,N,,,,,,,,,,N,3,0,2,2,A,-,03,22350,,N,C,C,A,A,H,-,A,A,0,,,,,Y,Y,A,01,0,1,1,0,0,0,0,0,0,"- ","- ",,,ALAMEDA,OAKLAND,-122.17039489746094,37.759716033935547
9447861,2022,2022-09-16,0109,2022-08-20,0846,8077,1,6,5,7,0109,0,0,0,,0,03X,"FRANKLIN ST","8TH ST",25.00,N,N,A,-,N,,,,,,,,,,N,3,0,1,2,D,-,00,,,N,B,B,D,A,G,-,A,A,0,Y,,,,Y,,-,"- ",0,1,0,0,1,0,0,0,0,"- ","- ",,,ALAMEDA,OAKLAND,-122.27248382568359,37.799770355224609
9447866,2022,2022-09-15,0109,2022-08-19,1940,9196,2,5,5,7,0109,0,0,0,,0,35X,"FONTAINE ST","GOLF LINKS RD",900.00,E,N,A,-,N,,,,,,,,,,Y,3,0,1,1,A,-,03,22350,,N,E,I,A,A,H,-,B,D,0,,,,,Y,,A,01,0,1,0,0,0,0,0,0,0,"- ","- ",,,ALAMEDA,OAKLAND,-122.15603637695312,37.761924743652344
9447867,2022,2022-09-15,0109,2022-08-16,1720,9814,2,2,5,7,0109,0,0,0,,0,30X,"BANCROFT AV","67TH AV",20.00,E,N,A,-,N,,,,,,,,,,N,3,0,1,2,A,-,08,22107,,N,H,G,A,A,H,-,A,D,0,,Y,,,Y,,A,07,0,1,0,0,0,0,1,0,0,"- ","- ",,,ALAMEDA,OAKLAND,-122.18065643310547,37.769096374511719
9447869,2022,2022-10-04,0109,2022-08-13,1704,9912,1,6,5,7,0109,0,0,0,,0,03X,"JACKSON ST","6TH ST",0.00,,Y,A,-,N,,,,,,,,,,N,3,0,2,2,A,-,12,21453,A,N,D,C,A,A,H,-,A,A,0,,,,,Y,,-,"- ",0,2,0,0,0,0,0,0,0,"- ","- ",,,ALAMEDA,OAKLAND,-122.26872253417969,37.796417236328125
9447880,2022,2022-09-15,0109,2022-08-05,1020,9501,1,5,5,7,0109,0,0,0,,0,02X,"PERALTA ST","14TH ST",25.00,S,N,A,-,N,,,,,,,,,,N,3,0,1,2,A,-,08,22107,,N,B,C,A,A,H,-,A,D,0,,,Y,,Y,,A,01,0,1,0,0,0,0,0,0,1,"- ","- ",,,ALAMEDA,OAKLAND,-122.29398345947266,37.811302185058594
9449709,2022,2022-06-03,0109,2022-03-02,1946,9167,2,3,5,7,0109,0,0,0,,0,24X,"HIGH ST","BROOKDALE AV",0.00,,Y,A,-,N,,,,,,,,,,N,3,0,2,2,A,-,09,21801,A,N,D,C,A,A,H,-,C,A,0,,,,,Y,,A,01,0,1,1,0,0,0,0,0,0,"- ","- ",,,ALAMEDA,OAKLAND,-122.20416259765625,37.782539367675781
9449780,2022,2022-05-31,0109,2022-03-30,0956,9492,2,3,5,7,0109,0,0,0,,0,30X,"INTERNATIONAL BL","79TH AV",70.00,E,N,B,-,N,,,,,,,,,,N,2,0,1,2,A,-,00,21655,1,F,A,B,D,A,H,-,A,D,0,Y,,,,Y,,A,01,1,0,0,0,1,0,0,0,0,"- ","- ",,,ALAMEDA,OAKLAND,-122.18254852294922,37.757026672363281
9449839,2022,2022-06-03,0109,2022-02-21,0308,9691,1,1,5,7,0109,0,0,0,,0,19X,"E 12TH ST","14TH AV",200.00,W,N,A,-,N,,,,,,,,,,Y,3,0,1,1,A,-,08,22107,,N,B,I,A,A,H,-,C,D,0,,,,,Y,,A,01,0,1,0,0,0,0,0,0,0,"- ","- ",,,ALAMEDA,OAKLAND,-122.24765014648438,37.788700103759766
9449882,2022,2022-06-30,0109,2022-03-17,1707,9953,2,4,5,7,0109,0,0,0,,0,33X,"SAN LEANDRO ST","98TH AV",0.00,,Y,A,-,N,,,,,,,,,,N,2,0,1,2,A,-,17,21235,G,N,D,C,A,A,H,-,A,A,0,,,Y,,Y,,C,03,1,0,0,0,0,0,0,0,1,"- ","- ",,,ALAMEDA,OAKLAND,-122.17976379394531,37.739177703857422
9449884,2022,2022-06-03,0109,2022-03-25,2110,9929,1,5,5,7,0109,0,0,0,,0,07X,"34TH ST","HELEN ST",0.00,,Y,A,-,N,,,,,,,,,,N,3,0,1,2,A,-,09,21800,A,F,D,G,A,A,H,-,C,C,0,,Y,,,Y,,-,99,0,1,0,0,0,0,1,0,0,"- ","- ",,,ALAMEDA,OAKLAND,-122.28630065917969,37.825450897216797
9449886,2022,2022-06-03,0109,2022-04-24,1338,9933,2,7,5,7,0109,0,0,0,,0,27Y,"INTERNATIONAL BL","65TH AV",0.00,,Y,A,-,N,,,,,,,,,,N,3,0,3,2,A,-,00,21655,1,N,D,C,A,A,H,-,A,D,0,,,,,Y,,A,01,0,1,2,0,0,0,0,0,0,"- ","- ",,,ALAMEDA,OAKLAND,-122.19458770751953,37.76275634765625
9449888,2022,2022-06-03,0109,2022-03-05,0820,9514,2,6,5,7,0109,0,0,0,,0,26X,"60TH AV","TEVIS ST",240.00,S,N,A,-,N,,,,,,,,,,N,3,0,1,2,A,-,21,22106,,N,G,B,E,A,H,-,A,D,0,Y,,,,Y,,A,01,0,1,0,0,1,0,0,0,0,"- ","- ",,,ALAMEDA,OAKLAND,-122.20276641845703,37.761890411376953
9449890,2022,2022-06-27,0109,2022-03-17,2119,9921,2,4,5,7,0109,0,0,0,,0,26Y,"INTERNATIONAL BL","81ST AV",15.00,W,N,A,-,N,,,,,,,,,,N,3,0,1,2,A,-,05,21202,A,N,H,G,A,A,H,-,C,D,0,,Y,,,Y,Y,L,04,0,1,0,0,0,0,1,0,0,"- ","- ",,,ALAMEDA,OAKLAND,-122.18069458007812,37.756141662597656
9449900,2022,2022-06-03,0109,2022-03-27,1948,9807,1,7,5,7,0109,0,0,0,,0,01X,"CENTER ST","7TH ST",20.00,N,N,C,-,N,,,,,,,,,,N,3,0,1,2,A,-,12,21453,A,F,G,B,B,B,H,-,C,A,0,Y,,,,Y,Y,A,01,0,1,0,0,1,0,0,0,0,"- ","- ",,,ALAMEDA,OAKLAND,-122.29487609863281,37.805362701416016
9449902,2022,2022-06-07,0109,2022-04-15,1624,9940,2,5,5,7,0109,0,0,0,,0,22Y,"35TH AV","WILLIS CT",35.00,N,N,A,-,N,,,,,,,,,,N,3,0,1,2,A,-,08,22107,,N,B,G,A,A,H,-,A,D,0,,Y,,,Y,,-,,0,1,0,0,0,0,1,0,0,"- ","- ",,,ALAMEDA,OAKLAND,-122.19236755371094,37.798709869384766
9449903,2022,2022-06-07,0109,2022-04-17,0054,9517,2,7,5,7,0109,0,0,0,,0,26X,"OAKPORT ST","ZHONE WY",200.00,W,N,A,-,N,,,,,,,,,,N,2,0,1,1,A,-,03,22350,,N,F,J,A,A,H,-,D,D,0,,,,,Y,,A,01,1,0,0,0,0,0,0,0,0,"- ","- ",,,ALAMEDA,OAKLAND,-122.21074676513672,37.753387451171875
9449904,2022,2022-06-07,0109,2022-04-22,0401,9851,2,5,5,7,0109,0,0,0,,0,29X,"BRANN ST","64TH AV",50.00,E,N,B,-,N,,,,,,,,,,N,3,0,1,3,A,-,03,22350,,N,C,E,A,A,H,-,C,D,0,,,,,Y,,A,01,0,1,0,0,0,0,0,0,0,"- ","- ",,,ALAMEDA,OAKLAND,-122.18313598632812,37.771495819091797
9449941,2022,2022-06-06,0109,2022-04-17,1543,9919,2,7,5,7,0109,0,0,0,,0,26X,"73RD AV","SAN LEANDRO ST",0.00,,Y,A,-,N,,,,,,,,,,N,2,0,1,3,B,-,22,,,F,E,B,B,A,H,-,A,A,0,Y,,,,Y,,D,22,1,0,0,0,1,0,0,0,0,"- ","- ",,,ALAMEDA,OAKLAND,-122.19659423828125,37.753128051757812
9449953,2022,2022-06-13,0109,2022-03-24,1051,9142,2,4,5,7,0109,0,0,0,,0,23X,"35TH AV","E 15TH ST",100.00,N,N,A,-,N,,,,,,,,,,N,3,0,1,2,A,-,11,21950,B,N,G,B,D,A,H,-,A,D,0,Y,,,,Y,Y,N,60,0,1,0,0,1,0,0,0,0,"- ","- ",,,ALAMEDA,OAKLAND,-122.22199249267578,37.777606964111328
9450257,2022,2022-07-06,0109,2022-02-26,1258,9940,1,6,5,7,0109,0,0,0,,0,14X,"GRAND AV","PERKINS ST",10.00,E,N,A,-,N,,,,,,,,,,Y,3,0,5,1,B,-,22,,,N,H,I,A,A,H,-,A,A,0,,,,,Y,,J,43,0,3,2,0,0,0,0,0,0,"- ","- ",,,ALAMEDA,OAKLAND,-122.25608825683594,37.808944702148438
9450419,2022,2022-06-03,0109,2022-04-26,0905,9963,2,2,5,7,0109,0,0,0,,0,26X,"HIGH ST","TIDEWATER AV",0.00,,Y,A,-,N,,,,,,,,,,N,2,0,1,2,A,-,03,22350,,N,G,G,A,A,H,-,A,D,0,,Y,,,Y,,A,01,1,0,0,0,0,0,1,0,0,"- ","- ",,,ALAMEDA,OAKLAND,-122.22377014160156,37.765602111816406
9450643,2022,2022-06-06,0109,2022-01-24,1500,9833,2,1,5,7,0109,0,0,0,,0,22X,"REDWOOD RD","VIA RIALTO",0.00,,Y,A,-,N,,,,,,,,,,N,3,0,1,1,A,-,08,22107,,N,A,I,A,A,H,-,A,D,0,,,,,Y,,A,01,0,1,0,0,0,0,0,0,0,"- ","- ",,,ALAMEDA,OAKLAND,-122.17353820800781,37.797245025634766
9450647,2022,2022-06-06,0109,2022-01-27,0655,9968,1,4,5,7,0109,0,0,0,,0,13Z,"SERVICE RD","GRAND AV",350.00,S,N,A,-,N,,,,,,,,,,N,3,0,1,2,A,-,03,22350,,N,D,G,A,A,H,-,D,D,0,,Y,,,Y,,L,04,0,1,0,0,0,0,1,0,0,"- ","- ",,,ALAMEDA,OAKLAND,,
9450649,2022,2022-06-06,0109,2022-01-14,1025,9671,2,5,5,7,0109,0,0,0,,0,26Y,"66TH AV","INTERNATIONAL BL",0.00,,Y,A,-,N,,,,,,,,,,N,2,0,3,4,A,-,12,21453,A,N,D,C,A,A,H,-,A,A,0,,,,,Y,,A,01,1,2,0,0,0,0,0,0,0,"- ","- ",,,ALAMEDA,OAKLAND,-122.19374084472656,37.762371063232422
9450652,2022,2022-06-06,0109,2022-01-27,0806,9786,1,4,5,7,0109,0,0,0,,0,11X,"SHATTUCK AV","51ST ST",40.00,N,N,A,-,N,,,,,,,,,,N,3,0,1,2,A,-,03,22350,,N,C,G,A,A,H,-,A,D,0,,Y,,,Y,,A,01,0,1,0,0,0,0,1,0,0,"- ","- ",,,ALAMEDA,OAKLAND,-122.26417541503906,37.837867736816406
9450656,2022,2022-08-11,0109,2022-01-31,0903,9709,1,1,5,7,0109,0,0,0,,0,16X,"LAKESHORE AV","MANDANA BL",0.00,,Y,A,-,N,,,,,,,,,,N,3,0,1,2,A,-,10,21950,A,N,B,B,B,A,H,-,A,A,0,Y,,,,Y,,A,07,0,1,0,0,1,0,0,0,0,"- ","- ",,,ALAMEDA,OAKLAND,-122.24254608154297,37.811717987060547
9450672,2022,2022-06-07,0109,2022-03-30,0634,9958,2,3,5,7,0109,0,0,0,,0,26X,"HIGH ST","WATTLING ST",0.00,,Y,A,-,N,,,,,,,,,,N,2,0,2,3,A,-,10,21950,A,N,G,B,B,A,H,-,B,D,0,Y,,,,Y,,A,01,2,0,0,0,2,0,0,0,0,"- ","- ",,,ALAMEDA,OAKLAND,-122.21812438964844,37.769866943359375
9451000,2022,2022-06-21,0109,2022-05-16,1830,9892,1,1,5,7,0109,0,0,0,,0,19X,"E 12TH ST","12TH AV",30.00,W,N,A,-,N,,,,,,,,,,N,3,0,1,3,A,-,12,22450,,M,D,E,A,A,H,-,A,A,0,,,,Y,Y,,A,01,0,1,0,0,0,0,0,0,0,"- ","- ",,,ALAMEDA,OAKLAND,-122.24905395507812,37.790000915527344
9451008,2022,2022-06-21,0109,2022-05-19,0737,8557,1,4,5,7,0109,0,0,0,,0,04X,"TELEGRAPH AV","16TH ST",120.00,S,N,A,-,N,,,,,,,,,,N,3,0,1,2,A,-,03,22350,,N,A,E,A,A,H,-,A,D,0,,,,,Y,,A,01,0,1,0,0,0,0,0,0,0,"- ","- ",,,ALAMEDA,OAKLAND,-122.2705078125,37.805763244628906
9451016,2022,2022-06-27,0109,2022-05-15,0728,9742,1,7,5,7,0109,0,0,0,,0,03X,"7TH ST",BROADWAY,0.00,,Y,A,-,N,,,,,,,,,,Y,2,0,2,4,A,-,12,21453,A,N,A,C,A,A,H,-,B,A,0,,,,,Y,,A,01,1,1,0,0,0,0,0,0,0,"- ","- ",,,ALAMEDA,OAKLAND,-122.27419281005859,37.799488067626953
9451036,2022,2022-06-24,0109,2022-02-17,1425,8347,1,4,5,7,0109,0,0,0,,0,09X,"MACARTHUR BL","HARRISON ST",0.00,,Y,A,-,N,,,,,,,,,,Y,3,0,2,3,A,-,12,21453,A,N,D,C,A,-,H,-,A,A,0,,,,,Y,,A,07,0,1,1,0,0,0,0,0,0,"- ","- ",,,ALAMEDA,OAKLAND,-122.25412750244141,37.819854736328125
9451089,2021,2022-06-23,0109,2021-10-24,2332,9517,2,7,5,7,0109,0,0,0,,0,23X,"35TH AV","E 15TH ST",2.00,S,N,A,-,N,,,,,,,,,,N,3,0,1,3,A,-,01,23152,,N,A,E,A,B,H,-,C,D,0,,,,,Y,Y,A,01,0,1,0,0,0,0,0,0,0,"- ","- ",,,ALAMEDA,OAKLAND,-122.22214508056641,37.777355194091797
9451166,2022,2022-06-15,0109,2022-01-06,1841,9480,1,4,5,7,0109,0,0,0,,0,06X,"WEST MACARTHUR BL","MARKET ST",0.00,,Y,A,-,N,,,,,,,,,,N,2,0,1,2,A,-,11,21456,B,N,G,G,A,A,H,-,C,A,0,,Y,,,Y,,L,04,1,0,0,0,0,0,1,0,0,"- ","- ",,,ALAMEDA,OAKLAND,-122.27458953857422,37.827991485595703
9451167,2022,2022-06-15,0109,2022-01-10,0806,9052,1,1,5,7,0109,0,0,0,,0,19X,"12TH ST","12TH AV",0.00,,Y,A,-,N,,,,,,,,,,N,2,0,1,2,A,-,10,21950,A,M,G,B,B,A,H,-,A,D,0,Y,,,,Y,,A,01,1,0,0,0,1,0,0,0,0,"- ","- ",,,ALAMEDA,OAKLAND,-122.24897766113281,37.789939880371094
9451361,2022,2022-06-24,0109,2022-05-12,2251,8459,1,4,5,7,0109,0,0,0,,0,06X,"36TH ST","WEST ST",185.00,E,N,A,-,N,,,,,,,,,,N,2,0,1,3,A,-,08,22107,,N,C,E,A,A,H,-,C,D,0,,,,,Y,,A,01,1,0,0,0,0,0,0,0,0,"- ","- ",,,ALAMEDA,OAKLAND,-122.27153778076172,37.825462341308594
9451369,2022,2022-06-24,0109,2022-05-16,0433,9644,1,1,5,7,0109,0,0,0,,0,18X,"E 21ST ST","21ST AV",75.00,E,N,A,-,N,,,,,,,,,,N,3,0,1,2,A,-,08,22107,,F,G,B,E,A,H,-,B,D,0,Y,,,,Y,,-,99,0,1,0,0,1,0,0,0,0,"- ","- ",,,ALAMEDA,OAKLAND,-122.23391723632812,37.790081024169922
9451373,2022,2022-06-24,0109,2022-05-19,2135,9924,1,4,5,7,0109,0,0,0,,0,02X,"7TH ST","ADELINE ST",0.00,,Y,A,-,N,,,,,,,,,,N,2,0,1,3,A,-,09,21801,A,N,D,C,F,A,H,-,C,A,0,Y,,,,Y,,A,01,1,0,0,0,1,0,0,0,0,"- ","- ",,,ALAMEDA,OAKLAND,-122.28820037841797,37.803806304931641
9451374,2022,2022-06-24,0109,2022-05-18,2319,9961,2,3,5,7,0109,0,0,0,,0,30Y,"FOOTHILL BL","68TH AV",0.00,,Y,A,-,N,,,,,,,,,,Y,3,0,1,2,A,-,12,21453,A,M,D,C,A,A,H,-,C,A,0,,,,,Y,Y,A,07,0,1,0,0,0,0,0,0,0,"- ","- ",,,ALAMEDA,OAKLAND,-122.17848205566406,37.769966125488281
9452023,2021,2022-06-21,0109,2021-05-09,0104,9796,2,7,5,7,0109,0,0,0,,0,19X,EMBERCADERO,"6TH AV",0.00,,Y,A,-,N,,,,,,,,,,Y,3,0,2,2,A,-,12,21453,A,N,A,C,A,A,H,-,B,A,0,,,,,Y,,-,"- ",0,1,1,0,0,0,0,0,0,"- ","- ",,,ALAMEDA,OAKLAND,-122.25893402099609,37.789623260498047
9452041,2021,2022-06-01,0109,2021-09-17,1543,8959,1,5,5,7,0109,0,0,0,,0,08X,"HARRISON ST","GRAND AV",0.00,,Y,A,-,N,,,,,,,,,,Y,3,0,3,4,A,-,09,21801,A,F,D,C,B,A,H,-,A,A,0,Y,,Y,,Y,,A,01,0,3,0,0,2,0,0,0,1,"- ","- ",,,ALAMEDA,OAKLAND,-122.26245880126953,37.810909271240234
9452043,2021,2022-06-01,0109,2021-09-26,0238,9874,2,7,5,7,0109,0,0,0,,0,32X,"INTERNATIONAL BL","102ND AV",30.00,W,N,-,-,N,,,,,,,,,,N,2,0,1,2,A,-,03,22350,,F,G,B,E,A,H,-,C,A,0,Y,,,,Y,Y,-,99,1,0,0,0,1,0,0,0,0,"- ","- ",,,ALAMEDA,OAKLAND,-122.16843414306641,37.741592407226562
9452046,2021,2022-06-01,0109,2021-10-04,0845,9142,1,1,5,7,0109,0,0,0,,0,03X,"14TH ST","CASTRO ST",0.00,,Y,A,-,N,,,,,,,,,,Y,3,0,1,2,A,-,09,21801,A,N,D,C,A,A,H,-,A,A,0,,,,,Y,,A,07,0,1,0,0,0,0,0,0,0,"- ","- ",,,ALAMEDA,OAKLAND,-122.27711486816406,37.806659698486328
9452047,2021,2022-06-01,0109,2021-10-28,0719,9142,1,4,5,7,0109,0,0,0,,0,,"7TH ST","JACKSON ST",0.00,,Y,A,-,N,,,,,,,,,,Y,3,0,1,2,A,-,12,21453,A,N,D,C,A,A,H,-,A,A,0,,,,,Y,,A,01,0,1,0,0,0,0,0,0,0,"- ","- ",,,ALAMEDA,OAKLAND,-122.26824951171875,37.797172546386719
9452052,2021,2022-06-01,0109,2021-11-14,0021,9644,1,7,5,7,0109,0,0,0,,0,21X,"FRUITVALE AV","HYDE ST",75.00,S,N,A,-,N,,,,,,,,,,Y,3,0,1,2,A,-,01,23152,A,N,C,E,A,A,H,-,C,D,0,,,,,Y,Y,A,07,0,1,0,0,0,0,0,0,0,"- ","- ",,,ALAMEDA,OAKLAND,-122.22095489501953,37.788230895996094
9452054,2021,2022-06-01,0109,2021-11-27,2124,9889,1,6,5,7,0109,0,0,0,,0,04X,"THOMAS BERKLEY WY",BROADWAY,0.00,,Y,A,-,N,,,,,,,,,,N,3,0,1,2,A,-,12,21453,A,N,G,G,A,A,H,-,C,A,0,,Y,,,Y,,L,04,0,1,0,0,0,0,1,0,0,"- ","- ",,,ALAMEDA,OAKLAND,-122.26823425292969,37.809055328369141
9452141,2022,2022-07-13,0103,2022-04-16,1915,58,,6,5,6,0103,0,0,0,,0,014,UNIVERSITY,10TH,0.00,,Y,A,-,N,,,,,,,,,,N,3,0,1,2,A,-,03,22350,,F,C,C,A,A,H,-,C,A,0,,,,,Y,,A,01,0,1,0,0,0,0,0,0,0,"- ","- ",37.868480682373047,-122.29412078857422,ALAMEDA,BERKELEY,-122.2933349609375,37.868930816650391
9452142,2022,2022-07-13,0103,2022-04-18,1150,112,,1,5,6,0103,0,0,0,,0,004,SHATTUCK,"UNIVERSITY AV",160.00,S,N,A,-,N,,,,,,,,,,N,3,0,1,2,A,-,17,22517,,N,H,J,A,A,H,-,A,A,0,,,,,Y,,A,08,0,1,0,0,0,0,0,0,0,"- ","- ",37.871421813964844,-122.268798828125,ALAMEDA,BERKELEY,-122.26836395263672,37.871662139892578