CASE_ID,ACCIDENT_YEAR,PROC_DATE,JURIS,COLLISION_DATE,COLLISION_TIME,OFFICER_ID,REPORTING_DISTRICT,DAY_OF_WEEK,CHP_SHIFT,POPULATION,CNTY_CITY_LOC,SPECIAL_COND,BEAT_TYPE,CHP_BEAT_TYPE,CITY_DIVISION_LAPD,CHP_BEAT_CLASS,BEAT_NUMBER,PRIMARY_RD,SECONDARY_RD,DISTANCE,DIRECTION,INTERSECTION,WEATHER_1,WEATHER_2,STATE_HWY_IND,CALTRANS_COUNTY,CALTRANS_DISTRICT,STATE_ROUTE,ROUTE_SUFFIX,POSTMILE_PREFIX,POSTMILE,LOCATION_TYPE,RAMP_INTERSECTION,SIDE_OF_HWY,TOW_AWAY,COLLISION_SEVERITY,NUMBER_KILLED,NUMBER_INJURED,PARTY_COUNT,PRIMARY_COLL_FACTOR,PCF_CODE_OF_VIOL,PCF_VIOL_CATEGORY,PCF_VIOLATION,PCF_VIOL_SUBSECTION,HIT_AND_RUN,TYPE_OF_COLLISION,MVIW,PED_ACTION,ROAD_SURFACE,ROAD_COND_1,ROAD_COND_2,LIGHTING,CONTROL_DEVICE,CHP_ROAD_TYPE,PEDESTRIAN_ACCIDENT,BICYCLE_ACCIDENT,MOTORCYCLE_ACCIDENT,TRUCK_ACCIDENT,NOT_PRIVATE_PROPERTY,ALCOHOL_INVOLVED,STWD_VEHTYPE_AT_FAULT,CHP_VEHTYPE_AT_FAULT,COUNT_SEVERE_INJ,COUNT_VISIBLE_INJ,COUNT_COMPLAINT_PAIN,COUNT_PED_KILLED,COUNT_PED_INJURED,COUNT_BICYCLIST_KILLED,COUNT_BICYCLIST_INJURED,COUNT_MC_KILLED,COUNT_MC_INJURED,PRIMARY_RAMP,SECONDARY_RAMP,LATITUDE,LONGITUDE,COUNTY,CITY,POINT_X,POINT_Y
9452143,2022,2022-06-02,0103,2022-04-14,2004,34,,4,5,6,0103,0,0,0,,0,003,UNIVERSITY,"MARTIN LUTHER KING JR",0.00,,Y,C,-,N,,,,,,,,,,N,2,0,1,2,A,-,10,21950,A,N,G,B,B,A,H,-,C,A,0,Y,,,,Y,,A,01,1,0,0,0,1,0,0,0,0,"- ","- ",37.871559143066406,-122.27300262451172,ALAMEDA,BERKELEY,-122.27300262451172,37.871524810791016
9452144,2022,2022-06-30,0103,2022-04-13,1152,118,,3,5,6,0103,0,0,0,,0,006,TELEGRAPH,PARKER,0.00,,Y,A,-,N,,,,,,,,,,N,3,0,1,2,A,-,05,21650,,N,D,C,A,A,A,-,A,D,0,,,,,Y,,A,01,0,1,0,0,0,0,0,0,0,"- ","- ",37.863258361816406,-122.25868988037109,ALAMEDA,BERKELEY,-122.25871276855469,37.863235473632812
9452145,2022,2022-06-02,0103,2022-04-10,1338,108,20,7,5,6,0103,0,0,0,,0,015,PAGE,6TH,0.00,,Y,A,-,N,,,,,,,,,,Y,3,0,2,2,A,-,09,21802,A,N,D,C,A,A,H,-,A,D,0,,,,,Y,,A,01,0,2,0,0,0,0,0,0,0,"- ","- ",37.876438140869141,-122.30036163330078,ALAMEDA,BERKELEY,-122.30039978027344,37.876426696777344
9452146,2022,2022-06-02,0103,2022-04-09,2057,88,26,6,5,6,0103,0,0,0,,0,004,KITTREDGE,"OXFORD ST",0.00,,Y,-,-,N,,,,,,,,,,N,2,0,1,2,A,-,12,22450,A,F,D,C,A,A,H,-,C,A,0,,,Y,,Y,,A,01,1,0,0,0,0,0,0,0,1,"- ","- ",37.868721008300781,-122.26619720458984,ALAMEDA,BERKELEY,-122.26625823974609,37.868705749511719
9452147,2022,2022-07-13,0103,2022-04-06,1818,42,,3,5,6,0103,0,0,0,,0,006,DANA,CHANNING,0.00,,Y,A,-,N,,,,,,,,,,N,3,0,1,1,A,-,08,22107,,N,E,I,A,A,H,-,A,A,0,,,,,Y,Y,M,94,0,1,0,0,0,0,0,0,0,"- ","- ",37.866661071777344,-122.26109313964844,ALAMEDA,BERKELEY,-122.26107025146484,37.866619110107422
9452148,2022,2022-06-02,0103,2022-04-07,1415,104,17,4,5,6,0103,0,0,0,,0,003,CEDAR,GRANT,0.00,,Y,A,-,N,,,,,,,,,,N,2,0,1,2,A,-,09,21801,A,N,D,C,A,A,H,-,A,D,0,,,Y,,Y,,A,07,1,0,0,0,0,0,0,0,1,"- ","- ",37.877540588378906,-122.27594757080078,ALAMEDA,BERKELEY,-122.27592468261719,37.877525329589844
9452150,2022,2022-07-15,0103,2022-04-08,0645,32,,5,5,6,0103,0,0,0,,0,004,"MILVIA ST",BERKELEY,0.00,,Y,A,-,N,,,,,,,,,,N,2,0,1,1,C,-,18,,,N,H,-,A,A,A,-,A,D,0,,Y,,,Y,,-,"- ",1,0,0,0,0,0,1,0,0,"- ","- ",37.872699737548828,-122.27072143554688,ALAMEDA,BERKELEY,-122.27074432373047,37.872665405273438
9452151,2022,2022-06-02,0103,2022-04-08,0900,5,,5,5,6,0103,0,0,0,,0,015,6TH,CAMELIA,0.00,,Y,A,-,N,,,,,,,,,,Y,2,0,1,3,A,-,01,23152,F,N,A,C,A,A,H,-,A,D,0,,,,,Y,,A,01,1,0,0,0,0,0,0,0,0,"- ","- ",37.877620697021484,-122.30072784423828,ALAMEDA,BERKELEY,-122.30078887939453,37.877597808837891
9452154,2022,2022-06-02,0103,2022-04-04,1541,45,,1,5,6,0103,0,0,0,,0,005,SHATTUCK,DWIGHT,0.00,,Y,A,-,N,,,,,,,,,,N,3,0,1,2,A,-,12,21453,A,N,D,C,A,A,H,-,A,A,0,,,,,Y,,A,01,0,1,0,0,0,0,0,0,0,"- ","- ",37.863971710205078,-122.26735687255859,ALAMEDA,BERKELEY,-122.26741027832031,37.863971710205078
9452155,2022,2022-06-02,0103,2022-04-04,0902,112,,1,5,6,0103,0,0,0,,0,016,SACRAMENTO,VIRGINIA,0.00,,Y,A,-,N,,,,,,,,,,N,3,0,2,2,A,-,17,21461,A,N,B,G,A,A,H,-,A,A,0,,Y,,,Y,,A,01,0,2,0,0,0,0,2,0,0,"- ","- ",37.874870300292969,-122.28244018554688,ALAMEDA,BERKELEY,-122.28253173828125,37.874843597412109
9452168,2022,2022-06-13,0103,2022-04-14,1404,104,33,4,5,6,0103,0,0,0,,0,008,ASHBY,BENVENUE,0.00,,Y,C,-,Y,ALA,4,13,-,-,11.300,I,5,N,N,2,0,1,2,A,-,10,21950,A,N,G,B,B,B,H,-,A,D,0,Y,,,,Y,,D,22,1,0,0,0,1,0,0,0,0,"- ","- ",37.856891632080078,-122.25424194335938,ALAMEDA,BERKELEY,-122.2542724609375,37.85687255859375
9452170,2022,2022-06-07,0103,2022-04-10,1055,107,11,7,5,6,0103,0,0,0,,0,001,"GRIZZLY PEAK","EUCLID AV",175.00,N,N,A,-,N,,,,,,,,,,N,2,0,1,2,A,-,05,21650,,N,C,E,A,A,H,-,A,A,0,,Y,,,Y,,L,04,1,0,0,0,0,0,1,0,0,"- ","- ",37.902248382568359,-122.26770782470703,ALAMEDA,BERKELEY,-122.26746368408203,37.902347564697266
9452173,2022,2022-06-07,0103,2022-04-01,1430,23,,5,5,6,0103,0,0,0,,0,001,SHASTA,KEITH,0.00,,Y,A,-,N,,,,,,,,,,N,2,0,1,2,A,-,21,22106,,N,G,B,E,A,E,-,A,D,0,Y,,,,Y,,D,22,1,0,0,0,1,0,0,0,0,"- ","- ",37.886829376220703,-122.25865173339844,ALAMEDA,BERKELEY,-122.25862121582031,37.886848449707031
9452174,2022,2022-06-06,0103,2022-03-22,0014,70,,2,5,6,0103,0,0,0,,0,009,"MARTIN LUTHER KING JR","62ND ST",55.00,N,N,A,-,N,,,,,,,,,,Y,2,0,1,3,A,-,01,23152,A,F,C,E,A,A,H,-,C,D,0,,,,,Y,Y,A,01,1,0,0,0,0,0,0,0,0,"- ","- ",37.846969604492188,-122.27102661132812,ALAMEDA,BERKELEY,-122.27102661132812,37.847110748291016
9452251,2021,2022-06-01,0109,2021-08-21,1813,9913,1,6,5,7,0109,0,0,0,,0,19X,"FOOTHILL BL","14TH AV",20.00,E,N,B,-,N,,,,,,,,,,Y,3,0,1,2,A,-,08,22100,A,N,A,C,A,A,H,-,A,A,0,,,,,Y,,A,01,0,1,0,0,0,0,0,0,0,"- ","- ",,,ALAMEDA,OAKLAND,-122.24406433105469,37.790912628173828
9452298,2022,2022-06-03,0103,2022-03-28,1736,70,,1,5,6,0103,0,0,0,,0,009,SACRAMENTO,PRINCE,0.00,,Y,A,-,N,,,,,,,,,,N,3,0,1,2,A,-,10,21950,A,F,G,B,B,A,H,-,A,D,0,Y,,,,Y,,A,01,0,1,0,0,1,0,0,0,0,"- ","- ",37.851490020751953,-122.27858734130859,ALAMEDA,BERKELEY,-122.27866363525391,37.851478576660156
9452299,2022,2022-06-03,0103,2022-03-31,1838,61,31,4,5,6,0103,0,0,0,,0,012,SACRAMENTO,BANCROFT,0.00,,Y,A,-,N,,,,,,,,,,Y,3,0,3,3,A,-,09,21802,A,N,D,C,A,A,H,-,A,A,0,,,,,Y,,A,01,0,3,0,0,0,0,0,0,0,"- ","- ",37.865821838378906,-122.28147888183594,ALAMEDA,BERKELEY,-122.28157806396484,37.865798950195312
9452492,2022,2022-06-10,0103,2022-04-29,1724,7,17,5,5,6,0103,0,0,0,,0,001,BONITA,ROSE,0.00,,Y,A,-,N,,,,,,,,,,N,3,0,1,2,A,-,09,21802,A,N,D,C,A,-,H,-,A,A,0,,,,,Y,,A,01,0,1,0,0,0,0,0,0,0,"- ","- ",37.881591796875,-122.27297210693359,ALAMEDA,BERKELEY,-122.27301788330078,37.881595611572266
9452493,2022,2022-07-21,0103,2022-04-28,1230,140,26,4,5,6,0103,0,0,0,,0,006,ELLSWORTH,BANCROFT,0.00,,Y,A,-,N,,,,,,,,,,N,3,0,1,2,A,-,09,21801,A,N,D,C,A,A,H,-,A,A,0,,,,,Y,,A,01,0,1,0,0,0,0,0,0,0,"- ","- ",37.868141174316406,-122.26373291015625,ALAMEDA,BERKELEY,-122.26374816894531,37.868167877197266
9452495,2022,2022-06-10,0103,2022-04-26,1905,55,,2,5,6,0103,0,0,0,,0,014,6TH,"ALLSTON WY",281.00,S,N,A,-,N,,,,,,,,,,Y,3,0,1,2,A,-,09,21804,A,N,D,C,A,A,H,-,B,A,0,,,,,Y,,A,01,0,1,0,0,0,0,0,0,0,"- ","- ",37.864261627197266,-122.29676055908203,ALAMEDA,BERKELEY,-122.29655456542969,37.864509582519531
9452496,2022,2022-06-10,0103,2022-04-23,1243,28,,6,5,6,0103,0,0,0,,0,002,HEARST,EUCLID,0.00,,Y,A,-,N,,,,,,,,,,N,3,0,1,2,A,-,09,21804,A,N,D,G,A,A,H,-,A,A,0,,Y,,,Y,,A,01,0,1,0,0,0,0,1,0,0,"- ","- ",37.875419616699219,-122.25956726074219,ALAMEDA,BERKELEY,-122.26013946533203,37.875087738037109
9452497,2022,2022-06-10,0103,2022-04-20,1920,25,,3,5,6,0103,0,0,0,,0,006,CHANNING,"ATHERTON ST",100.00,E,N,A,-,N,,,,,,,,,,N,3,0,1,2,A,-,08,22107,,N,D,G,A,A,H,-,A,D,0,,Y,,,Y,,A,08,0,1,0,0,0,0,1,0,0,"- ","- ",37.866531372070312,-122.26383209228516,ALAMEDA,BERKELEY,-122.26419067382812,37.866203308105469
9452498,2022,2022-06-10,0103,2022-04-19,1835,5,,2,5,6,0103,0,0,0,,0,007,CLAREMONT,HILLCREST,0.00,,Y,A,-,N,,,,,,,,,,N,2,0,1,2,A,-,01,23152,A,M,C,E,A,A,H,-,-,D,0,,,,,Y,Y,A,01,1,0,0,0,0,0,0,0,0,"- ","- ",37.853199005126953,-122.24899291992188,ALAMEDA,BERKELEY,-122.24906921386719,37.853424072265625
9452500,2022,2022-06-10,0103,2022-04-16,1914,69,29,6,5,6,0103,0,0,0,,0,004,SHATTUCK,KITTREDGE,0.00,,Y,A,-,N,,,,,,,,,,N,2,0,1,2,A,-,08,22107,,N,C,G,A,A,H,-,A,A,0,,Y,,,Y,,L,04,1,0,0,0,0,0,1,0,0,"- ","- ",37.868488311767578,-122.26786804199219,ALAMEDA,BERKELEY,-122.26793670654297,37.868480682373047
9453306,2022,2022-07-01,0109,2022-04-15,1612,9582,2,5,5,7,0109,0,0,0,,0,26X,"SPENCER ST","72ND AV",36.00,E,N,A,-,N,,,,,,,,,,Y,3,0,3,2,A,-,08,22107,,N,A,C,A,A,H,-,A,D,0,,,,,Y,,A,01,0,1,2,0,0,0,0,0,0,"- ","- ",,,ALAMEDA,OAKLAND,-122.19298553466797,37.756191253662109
9453615,2022,2022-06-21,0109,2022-05-05,0042,9727,2,4,5,7,0109,0,0,0,,0,32X,"98TH AV","PLYMOUTH ST",45.00,N,N,A,-,N,,,,,,,,,,N,2,0,1,2,A,-,03,22350,,N,D,C,A,A,H,-,C,A,0,,,,,Y,,A,01,1,0,0,0,0,0,0,0,0,"- ","- ",,,ALAMEDA,OAKLAND,-122.16710662841797,37.7459716796875
9453616,2022,2022-06-21,0109,2022-05-01,1657,9689,1,7,5,7,0109,0,0,0,,0,04X,"W GRAND AV","MARTIN LUTHER KING JR WY",0.00,,Y,A,-,N,,,,,,,,,,N,3,0,1,2,A,-,09,21801,A,N,B,G,A,A,H,-,A,A,0,,Y,,,Y,,A,01,0,1,0,0,0,0,1,0,0,"- ","- ",,,ALAMEDA,OAKLAND,-122.27278137207031,37.812484741210938
9453618,2022,2022-06-21,0109,2022-05-23,1443,9196,2,1,5,7,0109,0,0,0,,0,08X,BROADWAY,"27TH ST",135.00,S,N,A,-,N,,,,,,,,,,N,3,0,1,3,A,-,08,22107,,N,B,G,A,A,H,-,A,D,0,,Y,,,Y,,A,07,0,1,0,0,0,0,1,0,0,"- ","- ",,,ALAMEDA,OAKLAND,-122.26434326171875,37.815284729003906
9454572,2022,2022-07-06,0109,2022-04-07,0555,9576,1,4,5,7,0109,0,0,0,,0,05X,"MYRTLE ST","18TH ST",0.00,,Y,A,-,N,,,,,,,,,,N,3,0,1,2,A,-,09,21802,A,N,D,C,A,A,H,-,B,A,0,,,Y,,Y,,A,01,0,1,0,0,0,0,0,0,1,"- ","- ",,,ALAMEDA,OAKLAND,-122.28089141845703,37.811374664306641
9454976,2022,2022-07-19,0103,2022-05-04,0647,112,,3,5,6,0103,0,0,0,,0,009,ASHBY,SACRAMENTO,0.00,,Y,A,-,Y,ALA,4,13,-,-,12.760,I,5,N,Y,3,0,1,2,A,-,09,21801,A,N,A,C,A,A,H,-,A,A,0,,,,,Y,,D,22,0,1,0,0,0,0,0,0,0,"- ","- ",37.853279113769531,-122.27900695800781,ALAMEDA,BERKELEY,-122.27902221679688,37.853305816650391
9455023,2022,2022-07-19,0103,2022-05-12,1812,144,,4,5,6,0103,0,0,0,,0,010,ASHBY,SHATTUCK,0.00,,Y,A,-,Y,ALA,4,13,-,-,12.058,I,5,S,Y,3,0,2,2,A,-,12,21453,A,N,B,C,A,A,H,-,A,A,0,,,,,Y,,D,22,0,2,0,0,0,0,0,0,0,"- ","- ",,,ALAMEDA,BERKELEY,-122.26652526855469,37.855300903320312
9455031,2022,2022-07-19,0103,2022-05-25,1810,144,,3,5,6,0103,0,0,0,,0,007,ASHBY,CLAREMONT,45.00,E,N,A,-,Y,ALA,4,13,-,-,10.760,H,-,N,N,3,0,1,2,A,-,09,21804,A,N,D,C,A,A,H,-,A,D,0,,,,,Y,,D,22,0,1,0,0,0,0,0,0,0,"- ","- ",,,ALAMEDA,BERKELEY,-122.244873046875,37.858100891113281
9455078,2022,2022-06-30,0109,2022-06-08,0619,8257,1,3,5,7,0109,0,0,0,,0,15X,"LAKESHORE AV","FOOTHILL BL",15.00,N,N,A,-,N,,,,,,,,,,N,3,0,1,2,A,-,03,22350,,N,C,C,A,A,H,-,B,A,0,,,,,Y,,A,01,0,1,0,0,0,0,0,0,0,"- ","- ",,,ALAMEDA,OAKLAND,-122.25505828857422,37.800041198730469
9455084,2022,2022-06-30,0103,2022-04-03,1230,13,,7,5,6,0103,0,0,0,,0,005,"CARLETON ST","MCGEE AV",0.00,,Y,A,-,N,,,,,,,,,,N,2,0,1,2,A,-,09,21800,A,N,D,C,A,A,H,-,A,A,0,,,,,Y,,A,01,1,0,0,0,0,0,0,0,0,"- ","- ",37.860149383544922,-122.27597045898438,ALAMEDA,BERKELEY,-122.27594757080078,37.860157012939453
9455170,2022,2022-06-30,0109,2022-05-19,2156,9926,2,4,5,7,0109,0,0,0,,0,34X,"85TH AV","INTERNATIONAL BL",20.00,E,N,-,-,N,,,,,,,,,,Y,3,0,1,2,A,-,12,21453,A,N,D,C,A,A,-,-,C,A,0,,,,,Y,,A,01,0,1,0,0,0,0,0,0,0,"- ","- ",,,ALAMEDA,OAKLAND,-122.17713928222656,37.753330230712891
9455382,2022,2022-07-01,0103,2022-05-01,1338,6,,7,5,6,0103,0,0,0,,0,009,ALCATRAZ,"SACRAMENTO ST",0.00,,Y,A,-,N,,,,,,,,,,Y,2,0,1,2,A,-,21,22106,,N,C,C,A,A,H,-,A,A,0,,,,,Y,,A,01,1,0,0,0,0,0,0,0,0,"- ","- ",37.847900390625,-122.27774047851562,ALAMEDA,BERKELEY,-122.27783966064453,37.847915649414062
9455402,2022,2022-07-11,0103,2022-05-15,0930,26,,7,5,6,0103,0,0,0,,0,015,GILMAN,"RT 80",0.00,,Y,A,-,Y,ALA,4,80,-,-,6.479,R,4,E,Y,3,0,1,2,A,-,09,21802,A,N,D,C,A,A,H,-,A,A,0,,,,,Y,,A,01,0,1,0,0,0,0,0,0,0,"- ",EF,37.878089904785156,-122.30760955810547,ALAMEDA,BERKELEY,-122.30648803710938,37.875808715820312
9455403,2022,2022-07-01,0103,2022-05-14,1802,108,,6,5,6,0103,0,0,0,,0,005,SHATTUCK,BLAKE,0.00,,Y,A,-,N,,,,,,,,,,N,3,0,1,2,A,-,06,21951,,N,A,B,B,A,H,-,A,D,0,Y,,,,Y,,A,01,0,1,0,0,1,0,0,0,0,"- ","- ",37.863071441650391,-122.26725769042969,ALAMEDA,BERKELEY,-122.26731109619141,37.863063812255859
9455404,2022,2022-07-11,0103,2022-05-14,1857,55,20,6,5,6,0103,0,0,0,,0,015,"RT 80","GILMAN ST",0.00,,Y,A,-,Y,ALA,4,80,-,-,6.790,R,4,E,Y,3,0,1,2,A,-,05,21650,,N,D,G,A,A,H,-,A,D,0,,Y,,,Y,,L,04,0,1,0,0,0,0,1,0,0,"- ","- ",37.876201629638672,-122.30618286132812,ALAMEDA,BERKELEY,-122.30770111083984,37.880172729492188
9455405,2022,2022-07-01,0103,2022-05-14,1211,124,26,6,5,6,0103,0,0,0,,0,002,OXFORD,HEARST,0.00,,Y,A,-,N,,,,,,,,,,N,3,0,3,4,A,-,09,21801,A,N,D,C,B,A,H,-,A,A,0,Y,,,,Y,,A,01,0,3,0,0,2,0,0,0,0,"- ","- ",37.874149322509766,-122.26628875732422,ALAMEDA,BERKELEY,-122.26634979248047,37.874160766601562
9455407,2022,2022-07-01,0103,2022-05-13,0452,97,29,5,5,6,0103,0,0,0,,0,005,DWIGHT,SHATTUCK,0.00,,Y,A,-,N,,,,,,,,,,Y,3,0,1,2,A,-,12,21457,A,N,D,C,A,A,H,-,C,A,0,,,,,Y,,A,01,0,1,0,0,0,0,0,0,0,"- ","- ",37.864299774169922,-122.26627349853516,ALAMEDA,BERKELEY,-122.26741027832031,37.863971710205078
9455408,2022,2022-07-01,0103,2022-05-13,1124,148,35,5,5,6,0103,0,0,0,,0,005,"MARTIN LUTHER KING JR",BLAKE,0.00,,Y,A,-,N,,,,,,,,,,Y,3,0,1,2,A,-,09,21801,A,N,D,C,A,A,H,-,A,D,0,,,,,Y,,A,01,0,1,0,0,0,0,0,0,0,"- ","- ",37.862449645996094,-122.27200317382812,ALAMEDA,BERKELEY,-122.27201080322266,37.862442016601562
9455409,2022,2022-07-01,0103,2022-05-12,1057,109,,4,5,6,0103,0,0,0,,0,006,CHANNING,ELLSWORTH,0.00,,Y,A,-,N,,,,,,,,,,N,3,0,1,2,A,-,08,22107,,N,B,G,A,A,H,-,A,D,0,,Y,,,Y,,A,01,0,1,0,0,0,0,1,0,0,"- ","- ",,,ALAMEDA,BERKELEY,-122.26332855224609,37.866310119628906
9455410,2022,2022-07-01,0103,2022-05-12,2313,94,35,4,5,6,0103,0,0,0,,0,008,ADELINE,STUART,0.00,,Y,A,-,N,,,,,,,,,,N,3,0,1,2,A,-,05,21651,B,N,D,G,A,A,H,-,C,D,0,,Y,,,Y,Y,L,04,0,1,0,0,0,0,1,0,0,"- ","- ",37.858421325683594,-122.26773071289062,ALAMEDA,BERKELEY,-122.26789855957031,37.858390808105469
9455411,2022,2022-07-01,0103,2022-05-11,1345,15,,3,5,6,0103,0,0,0,,0,016,GILMAN,"HOPKINS ST",5.00,W,N,A,-,N,,,,,,,,,,N,3,0,1,2,A,-,03,22350,,F,C,C,A,A,H,-,-,D,0,,,,,Y,,A,01,0,1,0,0,0,0,0,0,0,"- ","- ",37.880180358886719,-122.28478240966797,ALAMEDA,BERKELEY,-122.28479766845703,37.880184173583984
9455412,2022,2022-07-05,0103,2022-05-11,1729,111,,3,5,6,0103,0,0,0,,0,003,HOPKINS,"COLUSA AV",60.00,W,N,A,-,N,,,,,,,,,,N,3,0,1,3,A,-,08,22107,,N,B,C,A,A,H,-,A,D,0,,,,,Y,,A,01,0,1,0,0,0,0,0,0,0,"- ","- ",37.882961273193359,-122.27935791015625,ALAMEDA,BERKELEY,-122.27951812744141,37.882892608642578
9455413,2022,2022-07-01,0103,2022-05-06,1915,61,35,5,5,6,0103,0,0,0,,0,008,SHATTUCK,OREGON,0.00,,Y,A,-,N,,,,,,,,,,N,3,0,1,2,A,-,10,21950,A,F,D,B,B,A,H,-,A,A,0,Y,,,,Y,,A,01,0,1,0,0,1,0,0,0,0,"- ","- ",37.857631683349609,-122.26679992675781,ALAMEDA,BERKELEY,-122.26680755615234,37.857616424560547
9455414,2022,2022-07-01,0103,2022-05-07,1350,87,29,6,5,6,0103,0,0,0,,0,004,"MILVIA ST",CENTER,0.00,,Y,A,-,N,,,,,,,,,,N,3,0,1,2,A,-,11,21954,A,F,D,B,D,A,H,-,A,A,0,Y,Y,,,Y,Y,N,60,0,1,0,0,1,0,0,0,0,"- ","- ",37.869979858398438,-122.27055358886719,ALAMEDA,BERKELEY,-122.27054595947266,37.869956970214844
9455415,2022,2022-07-05,0103,2022-05-05,2128,83,27,4,5,6,0103,0,0,0,,0,006,COLLEGE,HASTE,0.00,,Y,A,-,N,,,,,,,,,,N,3,0,1,2,A,-,12,21453,A,F,G,B,B,A,H,-,C,A,0,Y,,,,Y,,A,01,0,1,0,0,1,0,0,0,0,"- ","- ",37.866611480712891,-122.25408172607422,ALAMEDA,BERKELEY,-122.25411224365234,37.866607666015625
9455416,2022,2022-07-05,0103,2022-05-06,1544,42,,5,5,6,0103,0,0,0,,0,005,MILVIA,DWIGHT,0.00,,Y,A,-,N,,,,,,,,,,N,3,0,1,2,D,-,00,,,N,D,G,A,A,H,-,A,A,0,,Y,,,Y,,-,"- ",0,1,0,0,0,0,1,0,0,"- ","- ",37.863651275634766,-122.26979827880859,ALAMEDA,BERKELEY,-122.26985168457031,37.863639831542969
9455418,2022,2022-07-05,0103,2022-05-05,2100,128,,4,5,6,0103,0,0,0,,0,006,"BOWDITCH ST","CHANNING WY",0.00,,Y,A,-,N,,,,,,,,,,N,3,0,1,2,A,-,08,22107,,F,D,C,A,A,H,-,C,D,0,,,,,Y,,A,01,0,1,0,0,0,0,0,0,0,"- ","- ",37.867210388183594,-122.25653076171875,ALAMEDA,BERKELEY,-122.25653076171875,37.867202758789062
9455420,2022,2022-07-05,0103,2022-05-05,1307,7,13,4,5,6,0103,0,0,0,,0,001,SOLANO,MODOC,0.00,,Y,A,-,N,,,,,,,,,,N,3,0,1,2,A,-,10,21950,A,N,G,B,B,A,H,-,A,A,0,Y,,,,Y,,A,01,0,1,0,0,1,0,0,0,0,"- ","- ",37.891059875488281,-122.28005218505859,ALAMEDA,BERKELEY,-122.28031158447266,37.891315460205078
9455421,2022,2022-08-03,0103,2022-05-29,1457,7,14,7,5,6,0103,0,0,0,,0,001,HENRY,EUNICE,0.00,,Y,A,-,N,,,,,,,,,,N,3,0,1,1,C,-,18,,,N,E,I,A,A,H,-,-,D,0,,,Y,,Y,,-,"- ",0,1,0,0,0,0,0,0,1,"- ","- ",37.885478973388672,-122.27115631103516,ALAMEDA,BERKELEY,-122.27130126953125,37.885482788085938
9455422,2022,2022-07-13,0103,2022-05-31,0715,3,,2,5,6,0103,0,0,0,,0,004,SHATTUCK,CENTER,0.00,,Y,A,-,N,,,,,,,,,,N,3,0,1,2,A,-,12,21453,A,F,D,C,A,A,H,-,B,A,0,,,,,Y,,A,01,0,1,0,0,0,0,0,0,0,"- ","- ",37.87030029296875,-122.26804351806641,ALAMEDA,BERKELEY,-122.26805114746094,37.870315551757812
9455423,2022,2022-08-09,0103,2022-05-27,1807,4,29,5,5,6,0103,0,0,0,,0,004,MILVIA,CENTER,0.00,,Y,A,-,N,,,,,,,,,,N,3,0,1,2,A,-,08,22107,,N,D,-,A,A,H,-,A,A,0,,Y,,,Y,,A,01,0,1,0,0,0,0,1,0,0,"- ","- ",37.869979858398438,-122.27055358886719,ALAMEDA,BERKELEY,-122.27054595947266,37.869956970214844
9455424,2022,2022-08-09,0103,2022-05-28,1139,124,35,6,5,6,0103,0,0,0,,0,005,"MARTIN LUTHER KING JR",BLAKE,0.00,,Y,B,-,N,,,,,,,,,,N,3,0,1,2,A,-,09,21802,A,N,D,C,A,A,H,-,A,D,0,,,,,Y,,-,,0,1,0,0,0,0,0,0,0,"- ","- ",37.862449645996094,-122.27200317382812,ALAMEDA,BERKELEY,-122.27201080322266,37.862442016601562
9455425,2022,2022-08-09,0103,2022-05-24,2237,19,29,2,5,6,0103,0,0,0,,0,004,ALLSTON,"MARTIN LUTHER KING JR WY",0.00,,Y,A,-,N,,,,,,,,,,N,3,0,1,2,A,-,11,21456,B,N,G,B,B,A,H,-,C,A,0,Y,,,,Y,,N,60,0,1,0,0,1,0,0,0,0,"- ","- ",37.868770599365234,-122.27269744873047,ALAMEDA,BERKELEY,-122.27268218994141,37.868770599365234
9455426,2022,2022-07-06,0103,2022-05-26,1409,104,20,4,5,6,0103,0,0,0,,0,015,6TH,GILMAN,263.00,N,N,A,-,N,,,,,,,,,,Y,2,0,2,2,A,-,09,21804,A,N,D,C,A,A,H,-,A,D,0,,,,,Y,,A,07,1,1,0,0,0,0,0,0,0,"- ","- ",37.879848480224609,-122.30190277099609,ALAMEDA,BERKELEY,-122.30155944824219,37.880062103271484
9455427,2022,2022-07-06,0103,2022-05-26,0943,111,,4,5,6,0103,0,0,0,,0,005,"MARTIN LUTHER KING JR",ALLSTON,0.00,,Y,A,-,N,,,,,,,,,,Y,3,0,1,2,A,-,12,21453,A,N,D,C,A,A,H,-,-,A,0,,,,,Y,,A,07,0,1,0,0,0,0,0,0,0,"- ","- ",37.868770599365234,-122.27269744873047,ALAMEDA,BERKELEY,-122.27268218994141,37.868770599365234
9455429,2022,2022-07-06,0103,2022-05-23,0057,61,26,1,5,6,0103,0,0,0,,0,004,OXFORD,"KITTREDGE ST",70.00,N,N,A,-,N,,,,,,,,,,Y,3,0,1,1,A,-,01,23152,A,N,E,I,A,A,H,-,C,D,0,,,,,Y,Y,A,01,0,1,0,0,0,0,0,0,0,"- ","- ",37.869678497314453,-122.26579284667969,ALAMEDA,BERKELEY,-122.2662353515625,37.868900299072266