CASE_ID,ACCIDENT_YEAR,PROC_DATE,JURIS,COLLISION_DATE,COLLISION_TIME,OFFICER_ID,REPORTING_DISTRICT,DAY_OF_WEEK,CHP_SHIFT,POPULATION,CNTY_CITY_LOC,SPECIAL_COND,BEAT_TYPE,CHP_BEAT_TYPE,CITY_DIVISION_LAPD,CHP_BEAT_CLASS,BEAT_NUMBER,PRIMARY_RD,SECONDARY_RD,DISTANCE,DIRECTION,INTERSECTION,WEATHER_1,WEATHER_2,STATE_HWY_IND,CALTRANS_COUNTY,CALTRANS_DISTRICT,STATE_ROUTE,ROUTE_SUFFIX,POSTMILE_PREFIX,POSTMILE,LOCATION_TYPE,RAMP_INTERSECTION,SIDE_OF_HWY,TOW_AWAY,COLLISION_SEVERITY,NUMBER_KILLED,NUMBER_INJURED,PARTY_COUNT,PRIMARY_COLL_FACTOR,PCF_CODE_OF_VIOL,PCF_VIOL_CATEGORY,PCF_VIOLATION,PCF_VIOL_SUBSECTION,HIT_AND_RUN,TYPE_OF_COLLISION,MVIW,PED_ACTION,ROAD_SURFACE,ROAD_COND_1,ROAD_COND_2,LIGHTING,CONTROL_DEVICE,CHP_ROAD_TYPE,PEDESTRIAN_ACCIDENT,BICYCLE_ACCIDENT,MOTORCYCLE_ACCIDENT,TRUCK_ACCIDENT,NOT_PRIVATE_PROPERTY,ALCOHOL_INVOLVED,STWD_VEHTYPE_AT_FAULT,CHP_VEHTYPE_AT_FAULT,COUNT_SEVERE_INJ,COUNT_VISIBLE_INJ,COUNT_COMPLAINT_PAIN,COUNT_PED_KILLED,COUNT_PED_INJURED,COUNT_BICYCLIST_KILLED,COUNT_BICYCLIST_INJURED,COUNT_MC_KILLED,COUNT_MC_INJURED,PRIMARY_RAMP,SECONDARY_RAMP,LATITUDE,LONGITUDE,COUNTY,CITY,POINT_X,POINT_Y
9455430,2022,2022-08-09,0103,2022-05-24,0856,101,,2,5,6,0103,0,0,0,,0,015,GILMAN,10TH,0.00,,Y,A,-,N,,,,,,,,,,N,3,0,2,2,A,-,09,21802,A,N,D,C,A,A,H,-,A,A,0,,,,,Y,,A,01,0,2,0,0,0,0,0,0,0,"- ","- ",,,ALAMEDA,BERKELEY,-122.29696655273438,37.880252838134766
9455431,2022,2022-08-09,0103,2022-05-21,0022,99,27,6,5,6,0103,0,0,0,,0,007,PROSPECT,CHANNING,0.00,,Y,A,-,N,,,,,,,,,,Y,3,0,1,2,A,-,01,23152,A,N,F,-,A,A,H,-,C,D,0,,,,,Y,Y,A,01,0,1,0,0,0,0,0,0,0,"- ","- ",37.868038177490234,-122.24993896484375,ALAMEDA,BERKELEY,-122.24993133544922,37.868030548095703
9455432,2022,2022-07-05,0103,2022-05-21,1533,28,,6,5,6,0103,0,0,0,,0,002,EUCLID,"BUENA VISTA",0.00,,Y,A,-,N,,,,,,,,,,N,3,0,1,2,A,-,09,21802,A,N,D,G,A,A,H,-,A,A,0,,Y,,,Y,,A,01,0,1,0,0,0,0,1,0,0,"- ","- ",37.880439758300781,-122.26148223876953,ALAMEDA,BERKELEY,-122.26145172119141,37.880458831787109
9455433,2022,2022-07-05,0103,2022-05-17,2313,97,29,2,5,6,0103,0,0,0,,0,005,SHATTUCK,HASTE,0.00,,Y,A,-,N,,,,,,,,,,Y,2,0,2,2,A,-,12,21453,A,N,D,C,A,A,H,-,C,A,0,,,,,Y,,A,01,1,1,0,0,0,0,0,0,0,"- ","- ",37.8648681640625,-122.26747131347656,ALAMEDA,BERKELEY,-122.26750946044922,37.864879608154297
9455434,2022,2022-08-09,0103,2022-05-18,1144,9,,3,5,6,0103,0,0,0,,0,006,BANCROFT,"DANA ST",200.00,W,N,A,-,N,,,,,,,,,,N,3,0,1,2,A,-,03,22350,,N,C,C,A,A,H,-,A,D,0,,,Y,,Y,,C,02,0,1,0,0,0,0,0,0,1,"- ","- ",,,ALAMEDA,BERKELEY,-122.26214599609375,37.86834716796875
9455435,2022,2022-08-03,0103,2022-05-16,1756,145,22,1,5,6,0103,0,0,0,,0,012,"DELAWARE ST","SAN PABLO AV",74.00,E,N,A,-,N,,,,,,,,,,N,3,0,1,1,C,-,18,,,N,E,-,A,A,A,-,A,D,0,,Y,,,Y,,-,"- ",0,1,0,0,0,0,1,0,0,"- ","- ",37.871891021728516,-122.29271697998047,ALAMEDA,BERKELEY,-122.29264831542969,37.871707916259766
9455436,2022,2022-09-21,0103,2022-05-17,1523,33,,2,5,6,0103,0,0,0,,0,012,UNIVERSITY,ACTION,0.00,,Y,A,C,N,,,,,,,,,,Y,3,0,2,2,A,-,07,21658,A,N,A,C,A,A,H,-,A,A,0,,,,,Y,,A,01,0,2,0,0,0,0,0,0,0,"- ","- ",37.870109558105469,-122.28424835205078,ALAMEDA,BERKELEY,-122.28426361083984,37.870182037353516
9455437,2022,2022-07-05,0103,2022-05-02,1245,13,,1,5,6,0103,0,0,0,,0,012,CHANNING,BONAR,0.00,,Y,A,-,N,,,,,,,,,,N,3,0,1,2,A,-,08,22107,,F,A,G,A,A,H,-,-,A,0,,Y,,,Y,Y,A,01,0,1,0,0,0,0,1,0,0,"- ","- ",37.863368988037109,-122.28617858886719,ALAMEDA,BERKELEY,-122.28619384765625,37.863376617431641
9455438,2022,2022-07-05,0103,2022-05-03,1547,144,,2,5,6,0103,0,0,0,,0,013,7TH,"DWIGHT CRECENT",0.00,,Y,A,-,N,,,,,,,,,,Y,3,0,2,2,A,-,08,22100,B,N,D,C,A,A,H,-,A,A,0,,,,,Y,,A,01,0,2,0,0,0,0,0,0,0,"- ","- ",,,ALAMEDA,BERKELEY,-122.29405212402344,37.860191345214844
9455439,2022,2022-07-13,0103,2022-05-16,0749,85,3602,1,5,6,0103,0,0,0,,0,005,FULTON,CARLETON,0.00,,Y,A,-,N,,,,,,,,,,N,3,0,1,2,A,-,09,21802,A,N,D,C,A,-,H,-,-,A,0,,,,,Y,,A,01,0,1,0,0,0,0,0,0,0,"- ","- ",37.861568450927734,-122.26467895507812,ALAMEDA,BERKELEY,-122.26467895507812,37.861568450927734
9455440,2022,2022-07-05,0103,2022-05-01,1730,87,27,7,5,6,0103,0,0,0,,0,006,COLLEGE,HASTE,0.00,,Y,A,-,N,,,,,,,,,,Y,3,0,1,2,A,-,08,22107,,N,B,C,A,A,H,-,A,A,0,,,,,Y,,A,01,0,1,0,0,0,0,0,0,0,"- ","- ",37.866611480712891,-122.25408172607422,ALAMEDA,BERKELEY,-122.25411224365234,37.866607666015625
9455458,2022,2022-07-12,0109,2022-05-31,1702,9516,1,2,5,7,0109,0,0,0,,0,07X,"WOOD ST","34TH ST",10.00,N,N,A,-,N,,,,,,,,,,N,3,0,2,2,A,-,08,22107,,N,D,E,A,A,-,-,A,B,0,,,,,Y,,A,01,0,2,0,0,0,0,0,0,0,"- ","- ",,,ALAMEDA,OAKLAND,-122.2906494140625,37.824596405029297
9455462,2022,2022-07-13,0109,2022-05-24,1133,8557,1,2,5,7,0109,0,0,0,,0,01X,"5TH ST",BROADWAY,36.00,N,N,A,-,N,,,,,,,,,,N,3,0,1,3,A,-,03,22350,,N,A,C,F,A,H,-,A,A,0,Y,,,,Y,,D,22,0,1,0,0,1,0,0,0,0,"- ","- ",,,ALAMEDA,OAKLAND,-122.27516174316406,37.798187255859375
9456666,2022,2022-07-20,0103,2022-05-04,0903,112,,3,5,6,0103,0,0,0,,0,011,ASHBY,SACRAMENTO,0.00,,Y,A,-,Y,ALA,4,13,-,-,12.760,I,6,S,N,3,0,1,2,A,-,07,21658,A,N,B,C,A,A,H,-,A,A,0,,,,,Y,,A,01,0,1,0,0,0,0,0,0,0,"- ","- ",37.853279113769531,-122.27900695800781,ALAMEDA,BERKELEY,-122.27902221679688,37.853305816650391
9456674,2022,2022-07-20,0103,2022-05-07,1731,S19,,6,5,6,0103,0,0,0,,0,011,ASHBY,"MABEL ST",174.00,W,N,A,-,Y,ALA,4,13,-,-,13.050,H,-,S,Y,3,0,1,3,A,-,09,21804,A,N,D,C,A,A,H,-,A,D,0,,,Y,,Y,,A,01,0,1,0,0,0,0,0,0,1,"- ","- ",37.852458953857422,-122.28424835205078,ALAMEDA,BERKELEY,-122.28427886962891,37.852649688720703
9456678,2022,2022-07-20,0103,2022-05-14,1317,108,,6,5,6,0103,0,0,0,,0,014,UNIVERSITY,"SAN PABLO",0.00,,Y,A,-,Y,ALA,4,123,-,-,3.150,I,5,S,N,3,0,1,2,A,-,05,21650,,F,D,G,A,A,H,-,-,A,0,,Y,,,Y,,L,04,0,1,0,0,0,0,1,0,0,"- ","- ",37.869098663330078,-122.29212188720703,ALAMEDA,BERKELEY,-122.29224395751953,37.869098663330078
9456686,2022,2022-07-20,0103,2022-05-30,1720,94,35,1,5,6,0103,0,0,0,,0,008,SHATTUCK,ASHBY,0.00,,Y,A,-,Y,ALA,4,13,-,-,12.058,I,6,N,N,3,0,1,2,A,-,09,21801,A,N,A,C,A,A,H,-,A,A,0,,,,,Y,,A,01,0,1,0,0,0,0,0,0,0,"- ","- ",37.855300903320312,-122.26648712158203,ALAMEDA,BERKELEY,-122.26652526855469,37.855300903320312
9456858,2022,2022-06-24,0109,2022-02-14,2230,9727,2,1,5,7,0109,0,0,0,,0,35X,"90TH AV","BANCROFT AV",0.00,,Y,A,-,N,,,,,,,,,,N,3,0,1,2,A,-,10,21950,A,F,G,B,B,A,H,-,C,A,0,Y,,,,Y,,A,01,0,1,0,0,1,0,0,0,0,"- ","- ",,,ALAMEDA,OAKLAND,-122.16580963134766,37.753559112548828
9456861,2022,2022-07-27,0109,2022-02-16,2124,9872,2,3,5,7,0109,0,0,0,,0,30X,"73RD AV","BANCROFT AV",0.00,,Y,A,-,N,,,,,,,,,,N,3,0,2,2,A,-,12,21453,A,N,B,C,A,A,H,-,C,A,0,,,,,Y,,-,"- ",0,1,1,0,0,0,0,0,0,"- ","- ",,,ALAMEDA,OAKLAND,-122.17720794677734,37.765819549560547
9456863,2022,2022-06-24,0109,2022-02-13,0002,9876,2,7,5,7,0109,0,0,0,,0,31X,"98TH AV","EDES AV",0.00,,Y,A,-,N,,,,,,,,,,N,3,0,1,2,A,-,12,21453,A,F,G,B,B,A,H,-,C,A,0,Y,,,,Y,,A,01,0,1,0,0,1,0,0,0,0,"- ","- ",,,ALAMEDA,OAKLAND,-122.18331146240234,37.736431121826172
9457688,2022,2022-06-09,0109,2022-01-05,1445,9524,2,3,5,7,0109,0,0,0,,0,31X,"EDGEWATER RD","HEGENBERGER RD",0.00,,Y,A,-,N,,,,,,,,,,N,3,0,1,2,A,-,03,22350,,N,C,C,A,A,H,-,A,A,0,,,,,Y,,A,01,0,1,0,0,0,0,0,0,0,"- ","- ",,,ALAMEDA,OAKLAND,-122.19699096679688,37.736946105957031
9457691,2022,2022-06-29,0109,2022-01-15,1544,9912,1,6,5,7,0109,0,0,0,,0,03X,"WEBSTER ST","7TH ST",0.00,,Y,A,-,N,,,,,,,,,,N,3,0,2,2,A,-,12,21453,A,N,D,C,A,A,H,-,A,A,0,,,,,Y,,-,"- ",0,1,1,0,0,0,0,0,0,"- ","- ",,,ALAMEDA,OAKLAND,-122.27178955078125,37.798561096191406
9457729,2022,2022-06-09,0109,2022-02-15,1536,9533,1,2,5,7,0109,0,0,0,,0,05X,"MARKET ST","21ST ST",0.00,,Y,A,-,N,,,,,,,,,,N,3,0,1,2,A,-,17,21209,A,M,C,G,A,A,H,-,A,D,0,,Y,,,Y,,A,01,0,1,0,0,0,0,1,0,0,"- ","- ",,,ALAMEDA,OAKLAND,-122.27913665771484,37.813129425048828
9457730,2022,2022-06-09,0109,2022-02-17,1617,9872,2,4,5,7,0109,0,0,0,,0,30Y,"BANCROFT AV","CHURCH ST",0.00,,Y,A,-,N,,,,,,,,,,N,3,0,1,3,A,-,12,21453,A,N,D,C,A,A,H,-,A,A,0,,,,,Y,,A,01,0,1,0,0,0,0,0,0,0,"- ","- ",,,ALAMEDA,OAKLAND,-122.17955780029297,37.768032073974609
9457731,2022,2022-06-09,0109,2022-02-07,1446,9914,2,1,5,7,0109,0,0,0,,0,31X,"HEGENBERGER RD","EDES AV",0.00,,Y,A,-,N,,,,,,,,,,Y,3,0,1,2,A,-,12,21453,A,F,D,C,A,-,H,-,A,A,0,,,,,Y,,A,01,0,1,0,0,0,0,0,0,0,"- ","- ",,,ALAMEDA,OAKLAND,-122.19596099853516,37.744739532470703
9457732,2022,2022-06-09,0109,2022-02-02,0645,9562,1,3,5,7,0109,0,0,0,,0,03X,"JACKSON ST","8TH ST",0.00,,Y,A,-,N,,,,,,,,,,N,3,0,2,2,A,-,12,21453,A,N,B,C,A,A,H,-,A,A,0,,,,,Y,,A,01,0,1,1,0,0,0,0,0,0,"- ","- ",,,ALAMEDA,OAKLAND,-122.26780700683594,37.797859191894531
9457736,2022,2022-06-09,0109,2022-02-11,1445,8347,1,5,5,7,0109,0,0,0,,0,10Y,"MARTIN LUTHER KING JR WY","53RD ST",0.00,,Y,A,-,N,,,,,,,,,,N,3,0,1,2,A,-,12,21453,A,N,D,G,A,A,H,-,A,A,0,,Y,,,Y,,-,"- ",0,1,0,0,0,0,1,0,0,"- ","- ",,,ALAMEDA,OAKLAND,-122.26924133300781,37.838016510009766
9457745,2022,2022-06-14,0109,2022-05-18,0510,8610,1,3,5,7,0109,0,0,0,,0,03X,"JACKSON ST","8TH ST",4.00,S,N,A,-,N,,,,,,,,,,N,2,0,1,2,A,-,10,21950,A,N,G,B,B,A,H,-,A,A,0,Y,,,,Y,,A,01,1,0,0,0,1,0,0,0,0,"- ","- ",,,ALAMEDA,OAKLAND,-122.26781463623047,37.7978515625
9458253,2022,2022-06-14,0109,2022-05-18,0855,8681,2,3,5,7,0109,0,0,0,,0,34X,"INTERNATIONAL BL","96TH AV",10.00,E,N,A,-,N,,,,,,,,,,N,3,0,1,3,A,-,08,22107,,M,B,C,A,A,H,-,A,A,0,,,Y,,Y,,C,03,0,1,0,0,0,0,0,0,1,"- ","- ",,,ALAMEDA,OAKLAND,-122.17159271240234,37.745716094970703
9458260,2022,2022-06-14,0109,2022-05-19,1605,9128,2,4,5,7,0109,0,0,0,,0,25X,"CAMPUS DR","REDWOOD RD",500.00,E,N,A,-,N,,,,,,,,,,N,3,0,2,1,A,-,03,22350,,N,F,A,A,A,H,-,A,D,0,,,,,Y,,A,01,0,2,0,0,0,0,0,0,0,"- ","- ",,,ALAMEDA,OAKLAND,-122.17421722412109,37.794506072998047
9459030,2022,2022-06-16,0109,2022-02-06,1610,9855,2,7,5,7,0109,0,0,0,,0,22X,"SKYLINE BL","MELVILLE DR",6201.00,,N,A,-,N,,,,,,,,,,N,3,0,1,1,A,-,08,22107,,N,A,I,A,A,H,-,A,D,0,,,,,Y,,A,01,0,1,0,0,0,0,0,0,0,"- ","- ",,,ALAMEDA,OAKLAND,-122.18836212158203,37.819908142089844
9461088,2021,2022-06-27,0109,2021-09-25,0148,9840,1,6,5,7,0109,0,0,0,,0,D4X,"TELEGRAPH AV","24TH ST",50.00,S,N,A,-,N,,,,,,,,,,Y,2,0,1,2,A,-,01,23152,A,M,B,C,A,A,H,-,B,D,0,,,,,Y,Y,A,01,1,0,0,0,0,0,0,0,0,"- ","- ",,,ALAMEDA,OAKLAND,-122.26862335205078,37.813304901123047
9461361,2021,2022-06-23,0109,2021-10-26,1736,9565,1,2,5,7,0109,0,0,0,,0,19X,"INTERNATIONAL BL","5TH AV",80.00,E,N,A,-,N,,,,,,,,,,Y,3,0,1,1,A,-,01,23152,A,N,E,I,A,A,H,-,A,D,0,,,,,Y,Y,A,07,0,1,0,0,0,0,0,0,0,"- ","- ",,,ALAMEDA,OAKLAND,-122.25358581542969,37.795528411865234
9462935,2022,2022-08-09,0103,2022-06-03,2227,55,,5,5,6,0103,0,0,0,,0,006,"RT 123","GILMAN ST",0.00,,Y,A,-,Y,ALA,4,123,-,-,3.980,I,5,S,Y,3,0,1,2,A,-,01,23152,F,N,D,C,A,A,H,-,C,A,0,,,,,Y,,A,01,0,1,0,0,0,0,0,0,0,"- ","- ",37.880470275878906,-122.29579925537109,ALAMEDA,BERKELEY,-122.2958984375,37.880466461181641
9462939,2022,2022-08-09,0103,2022-06-09,2145,19,,4,5,6,0103,0,0,0,,0,011,"ASHBY AV","MABEL ST",331.00,W,N,A,-,Y,ALA,4,13,-,-,13.180,H,-,N,N,3,0,1,2,A,-,11,21955,,N,G,B,D,A,H,-,C,D,0,Y,,,,Y,,N,60,0,1,0,0,1,0,0,0,0,"- ","- ",37.852249145507812,-122.28471374511719,ALAMEDA,BERKELEY,-122.28667449951172,37.852169036865234
9462941,2021,2022-07-26,0109,2021-10-21,2314,9744,1,4,5,7,0109,0,0,0,,0,31Y,"SAN LEANDRO ST","81ST AV",300.00,E,N,A,-,N,,,,,,,,,,Y,3,0,1,1,A,-,03,22350,,N,E,I,A,A,H,-,B,C,0,,,,,Y,,A,01,0,1,0,0,0,0,0,0,0,"- ","- ",,,ALAMEDA,OAKLAND,-122.19164276123047,37.749160766601562
9462943,2022,2022-08-09,0103,2022-06-17,2023,51,40,5,5,6,0103,0,0,0,,0,011,"ASHBY AV","MABEL AV",242.00,E,N,A,-,Y,ALA,4,13,-,-,12.970,H,-,S,Y,2,0,1,2,A,-,09,21801,A,N,F,I,A,A,H,-,A,D,0,,,Y,,Y,,A,01,1,0,0,0,0,0,0,0,1,"- ","- ",37.852821350097656,-122.28315734863281,ALAMEDA,BERKELEY,-122.28282165527344,37.852935791015625
9462947,2022,2022-08-09,0103,2022-06-25,2245,99,37,6,5,6,0103,0,0,0,,0,008,"ASHBY AV","SHATTUCK AV",0.00,,Y,A,-,Y,ALA,4,13,-,-,12.058,I,5,N,Y,3,0,1,2,A,-,03,22350,,F,D,C,A,A,A,H,C,A,0,,,,,Y,,A,01,0,1,0,0,0,0,0,0,0,"- ","- ",37.857040405273438,-122.25303649902344,ALAMEDA,BERKELEY,-122.26652526855469,37.855300903320312
9463442,2022,2022-06-30,0109,2022-05-08,0423,9644,1,7,5,7,0109,0,0,0,,0,18X,"FOOTHILL BL","16TH AV",0.00,,Y,A,-,N,,,,,,,,,,Y,3,0,3,2,A,-,01,23152,A,N,A,C,A,A,H,-,C,A,0,,,,,Y,Y,A,01,0,1,2,0,0,0,0,0,0,"- ","- ",,,ALAMEDA,OAKLAND,-122.24259185791016,37.789993286132812
9464167,2022,2023-03-21,0109,2022-01-19,2150,8881,2,3,5,7,0109,0,0,0,,0,30X,"75TH AV","GARFIELD AV",305.00,N,N,A,-,N,,,,,,,,,,Y,1,1,0,1,A,-,01,23152,F,N,E,I,A,A,H,-,A,D,0,,,,,Y,,-,,0,0,0,0,0,0,0,0,0,"- ","- ",,,ALAMEDA,OAKLAND,-122.17363739013672,37.766254425048828
9464218,2021,2023-03-29,0109,2021-10-01,1956,8259,2,5,5,7,0109,0,0,0,,0,34X,"BANCROFT AV","85TH AV",0.00,,Y,A,-,N,,,,,,,,,,Y,1,1,1,4,A,-,03,22350,,N,G,B,E,A,H,-,C,D,0,Y,,,,Y,,A,01,0,1,0,1,0,0,0,0,0,"- ","- ",,,ALAMEDA,OAKLAND,-122.16883087158203,37.75762939453125
9464230,2021,2023-04-07,0109,2021-03-28,0449,8414,1,7,5,7,0109,0,0,0,,0,02X,"5TH ST","MARKET ST",27.00,E,N,A,-,N,,,,,,,,,,Y,1,1,0,1,A,-,01,23152,A,N,D,E,A,A,H,-,C,A,0,,,,,Y,Y,A,01,0,0,0,0,0,0,0,0,0,"- ","- ",,,ALAMEDA,OAKLAND,-122.28325653076172,37.801364898681641
9464234,2022,2023-04-07,0109,2022-08-17,1810,9644,1,3,5,7,0109,0,0,0,,0,02X,"POPLAR ST","14TH ST",0.00,,Y,A,-,N,,,,,,,,,,Y,1,1,0,2,A,-,09,21801,B,F,D,C,A,A,H,-,A,D,0,,,,,Y,,A,01,0,0,0,0,0,0,0,0,0,"- ","- ",,,ALAMEDA,OAKLAND,-122.28929138183594,37.810222625732422
9464587,2022,2022-07-18,0109,2022-05-01,2115,8549,1,7,5,7,0109,0,0,0,,0,02Y,"MANDELA PKWY","14TH ST",0.00,,Y,A,-,N,,,,,,,,,,Y,3,0,2,2,A,-,09,21806,A,N,D,C,A,A,H,-,A,D,0,,,,,Y,,A,01,0,1,1,0,0,0,0,0,0,"- ","- ",,,ALAMEDA,OAKLAND,-122.29174041748047,37.810855865478516
9465255,2022,2023-01-13,0109,2022-11-27,1516,9832,1,7,5,7,0109,0,0,0,,0,19X,EMBARCADERO,"9TH AV",300.00,E,N,A,-,N,,,,,,,,,,N,3,0,1,2,A,-,03,22350,,M,D,C,A,A,H,-,A,D,0,,,Y,,Y,,C,02,0,1,0,0,0,0,0,0,1,"- ","- ",,,ALAMEDA,OAKLAND,-122.25302886962891,37.78863525390625
9465381,2022,2022-12-21,0109,2022-10-06,1318,10021,2,4,5,7,0109,0,0,0,,0,30X,"98TH AV","INTERNATIONAL BL",0.00,,Y,A,-,N,,,,,,,,,,Y,2,0,2,2,A,-,12,21453,A,N,B,C,A,A,H,-,A,A,0,,,Y,,Y,,C,06,1,0,1,0,0,0,0,0,1,"- ","- ",,,ALAMEDA,OAKLAND,-122.17057800292969,37.744327545166016
9465580,2022,2023-01-11,0109,2022-09-20,1728,8959,1,2,5,7,0109,0,0,0,,0,17X,"E 18TH ST","11TH AV",5.00,W,N,A,-,N,,,,,,,,,,Y,3,0,2,2,A,-,01,23152,A,N,D,E,A,A,H,-,A,C,0,,,,,Y,Y,A,01,0,1,1,0,0,0,0,0,0,"- ","- ",,,ALAMEDA,OAKLAND,-122.24517059326172,37.793991088867188
9465712,2022,2023-01-04,0109,2022-11-18,1425,10040,2,5,5,7,0109,0,0,0,,0,22Y,"REDWOOD RD","MOUNTAIN BL",500.00,N,N,A,-,N,,,,,,,,,,N,3,0,1,2,A,-,11,21955,,N,G,B,D,A,H,-,A,D,0,Y,,,,Y,,N,60,0,1,0,0,1,0,0,0,0,"- ","- ",,,ALAMEDA,OAKLAND,-122.18629455566406,37.798763275146484
9466820,2022,2023-01-31,0109,2022-10-01,2032,8658,2,6,5,7,0109,0,0,0,,0,30X,"BANCROFT AV","HAVENSCOURT BL",0.00,,Y,A,-,N,,,,,,,,,,Y,3,0,3,5,A,-,01,23152,A,N,D,C,A,A,H,-,C,A,0,,,,,Y,Y,A,01,0,1,2,0,0,0,0,0,0,"- ","- ",,,ALAMEDA,OAKLAND,-122.18215179443359,37.769641876220703
9466823,2022,2023-01-31,0109,2022-05-05,2124,8881,1,4,5,7,0109,0,0,0,,0,04X,BROADWAY,"20TH ST",0.00,,Y,A,-,N,,,,,,,,,,N,3,0,1,3,A,-,08,22107,,M,G,-,E,A,H,-,C,A,0,Y,,,,Y,,A,01,0,1,0,0,1,0,0,0,0,"- ","- ",,,ALAMEDA,OAKLAND,-122.26823425292969,37.809055328369141
9466826,2022,2023-02-02,0109,2022-11-19,2021,10016,1,6,5,7,0109,0,0,0,,0,03X,"10TH ST","OAK ST",0.00,,Y,A,-,N,,,,,,,,,,N,3,0,3,3,A,-,12,21453,A,N,A,C,A,A,H,-,A,A,0,,,,,Y,,D,22,0,1,2,0,0,0,0,0,0,"- ","- ",,,ALAMEDA,OAKLAND,-122.26456451416016,37.798309326171875
9466983,2022,2023-02-13,0109,2022-12-16,0924,10042,2,5,5,7,0109,0,0,0,,0,23X,"ALAMEDA AV","FRUITVALE AV",0.00,E,N,A,-,N,,,,,,,,,,N,2,0,1,2,A,-,"- ",,,M,A,E,A,A,H,-,A,D,0,,,,,Y,,A,07,1,0,0,0,0,0,0,0,0,"- ","- ",,,ALAMEDA,OAKLAND,-122.22975921630859,37.769580841064453
9466987,2022,2023-01-18,0109,2022-05-21,2236,9887,2,6,5,7,0109,0,0,0,,0,23X,"SAN LEANDRO ST","40TH ST",17.00,W,N,A,-,N,,,,,,,,,,Y,2,0,1,2,A,-,01,23152,A,N,A,C,A,A,H,-,C,A,0,,,,,Y,Y,A,08,1,0,0,0,0,0,0,0,0,"- ","- ",,,ALAMEDA,OAKLAND,-122.21971130371094,37.771854400634766
9466997,2022,2023-02-02,0109,2022-12-03,0255,9961,1,6,5,7,0109,0,0,0,,0,15X,"E 10TH ST","5TH AV",0.00,,Y,C,-,N,,,,,,,,,,N,2,0,1,2,A,-,03,22350,,F,G,B,F,B,H,-,C,A,0,Y,,,,Y,Y,A,01,1,0,0,0,1,0,0,0,0,"- ","- ",,,ALAMEDA,OAKLAND,-122.25669097900391,37.793708801269531
9468112,2022,2023-02-16,0109,2022-09-19,2348,8549,1,1,5,7,0109,0,0,0,,0,08X,"TELEGRAPH AV","30T ST",25.00,N,N,A,-,N,,,,,,,,,,Y,3,0,2,3,A,-,01,23152,A,N,D,C,E,A,H,-,C,A,0,Y,,,,Y,Y,A,01,0,1,1,0,1,0,0,0,0,"- ","- ",,,ALAMEDA,OAKLAND,-122.267082,37.819391000000003
9472107,2022,2022-07-15,0109,2022-06-19,2144,8046,1,7,5,7,0109,0,0,0,,0,18X,"21ST AV","E 19TH ST",0.00,,Y,A,-,N,,,,,,,,,,N,3,0,2,4,A,-,09,21802,A,N,D,C,A,A,H,-,C,A,0,,,,,Y,,A,01,0,1,1,0,0,0,0,0,0,"- ","- ",,,ALAMEDA,OAKLAND,-122.23575592041016,37.788532257080078
9472263,2022,2022-07-20,0109,2022-03-17,0547,9869,1,4,5,7,0109,0,0,0,,0,19X,"22ND AV","E 12TH ST",0.00,,Y,A,-,N,,,,,,,,,,N,3,0,1,2,A,-,11,21954,A,N,G,B,E,A,H,-,B,D,0,Y,,,,Y,,N,60,0,1,0,0,1,0,0,0,0,"- ","- ",,,ALAMEDA,OAKLAND,-122.23863220214844,37.783737182617188
9472386,2021,2022-08-08,0109,2021-04-07,2107,9879,2,3,5,7,0109,0,0,0,,0,31X,"DOOLITTLE DR","HEGENBERGER RD",0.00,,Y,A,-,N,,,,,,,,,,Y,2,0,1,3,A,-,12,21453,A,N,D,C,A,A,H,-,C,A,0,,,,,Y,,A,01,1,0,0,0,0,0,0,0,0,"- ","- ",,,ALAMEDA,OAKLAND,-122.20168304443359,37.726531982421875
9472567,2022,2022-07-21,0109,2022-02-28,0916,9597,2,1,5,7,0109,0,0,0,,0,23X,"35TH AV","INTERNATIONAL BL",70.00,N,N,A,-,N,,,,,,,,,,N,3,0,1,2,A,-,11,21954,A,N,G,B,D,A,H,-,A,D,0,Y,,,,Y,,N,60,0,1,0,0,1,0,0,0,0,"- ","- ",,,ALAMEDA,OAKLAND,-122.22264099121094,37.776317596435547
9472568,2022,2022-07-21,0109,2022-02-17,0935,9968,1,4,5,7,0109,0,0,0,,0,05X,"W GRAND AV","MARKET ST",265.00,E,N,A,-,N,,,,,,,,,,N,3,0,1,2,A,-,08,22107,,N,B,E,A,A,H,-,A,D,0,,,,,Y,,A,01,0,1,0,0,0,0,0,0,0,"- ","- ",,,ALAMEDA,OAKLAND,-122.27784729003906,37.814132690429688
9472579,2022,2022-07-21,0109,2022-02-12,0223,9879,2,6,5,7,0109,0,0,0,,0,32X,"MACARTHUR BL","TRUMAN AV",26.00,E,N,A,-,N,,,,,,,,,,Y,2,0,4,4,A,-,03,22350,,N,A,E,A,A,H,-,C,D,0,,,,,Y,,A,01,3,0,1,0,0,0,0,0,0,"- ","- ",,,ALAMEDA,OAKLAND,-122.15670776367188,37.746616363525391
9472791,2021,2022-07-21,0109,2021-07-29,1729,9946,2,4,5,7,0109,0,0,0,,0,26X,"INTERNATIONAL BL","62ND AV",0.00,,Y,A,-,N,,,,,,,,,,Y,3,0,1,5,A,-,01,23152,A,N,D,C,A,A,H,-,A,A,0,,,,,Y,Y,A,08,0,1,0,0,0,0,0,0,0,"- ","- ",,,ALAMEDA,OAKLAND,-122.19718170166016,37.763992309570312
9473870,2022,2022-08-22,0109,2022-07-05,1602,9893,2,2,5,7,0109,0,0,0,,0,30X,"73RD AV","ARTHUR ST",145.00,S,N,A,-,N,,,,,,,,,,N,2,0,1,2,A,-,03,22350,,F,A,G,A,A,H,-,A,A,0,,Y,,,Y,,A,01,1,0,0,0,0,0,1,0,0,"- ","- ",,,ALAMEDA,OAKLAND,-122.18077850341797,37.763446807861328