CASE_ID,ACCIDENT_YEAR,PROC_DATE,JURIS,COLLISION_DATE,COLLISION_TIME,OFFICER_ID,REPORTING_DISTRICT,DAY_OF_WEEK,CHP_SHIFT,POPULATION,CNTY_CITY_LOC,SPECIAL_COND,BEAT_TYPE,CHP_BEAT_TYPE,CITY_DIVISION_LAPD,CHP_BEAT_CLASS,BEAT_NUMBER,PRIMARY_RD,SECONDARY_RD,DISTANCE,DIRECTION,INTERSECTION,WEATHER_1,WEATHER_2,STATE_HWY_IND,CALTRANS_COUNTY,CALTRANS_DISTRICT,STATE_ROUTE,ROUTE_SUFFIX,POSTMILE_PREFIX,POSTMILE,LOCATION_TYPE,RAMP_INTERSECTION,SIDE_OF_HWY,TOW_AWAY,COLLISION_SEVERITY,NUMBER_KILLED,NUMBER_INJURED,PARTY_COUNT,PRIMARY_COLL_FACTOR,PCF_CODE_OF_VIOL,PCF_VIOL_CATEGORY,PCF_VIOLATION,PCF_VIOL_SUBSECTION,HIT_AND_RUN,TYPE_OF_COLLISION,MVIW,PED_ACTION,ROAD_SURFACE,ROAD_COND_1,ROAD_COND_2,LIGHTING,CONTROL_DEVICE,CHP_ROAD_TYPE,PEDESTRIAN_ACCIDENT,BICYCLE_ACCIDENT,MOTORCYCLE_ACCIDENT,TRUCK_ACCIDENT,NOT_PRIVATE_PROPERTY,ALCOHOL_INVOLVED,STWD_VEHTYPE_AT_FAULT,CHP_VEHTYPE_AT_FAULT,COUNT_SEVERE_INJ,COUNT_VISIBLE_INJ,COUNT_COMPLAINT_PAIN,COUNT_PED_KILLED,COUNT_PED_INJURED,COUNT_BICYCLIST_KILLED,COUNT_BICYCLIST_INJURED,COUNT_MC_KILLED,COUNT_MC_INJURED,PRIMARY_RAMP,SECONDARY_RAMP,LATITUDE,LONGITUDE,COUNTY,CITY,POINT_X,POINT_Y
9473872,2022,2022-08-29,0109,2022-07-07,1759,10010,1,4,5,7,0109,0,0,0,,0,16X,"PARK BL","LEIMERT BL",0.00,,Y,A,-,N,,,,,,,,,,N,2,0,1,2,A,-,10,21950,A,N,A,B,B,A,H,-,A,A,0,Y,,,,Y,,A,08,1,0,0,0,1,0,0,0,0,"- ","- ",,,ALAMEDA,OAKLAND,-122.21468353271484,37.812698364257812
9473874,2022,2022-08-29,0109,2022-07-21,2317,9614,2,4,5,7,0109,0,0,0,,0,20X,"29TH AV","RT 880",0.00,,Y,A,-,Y,ALA,4,880,-,-,28.603,R,4,N,Y,3,0,3,2,A,-,12,21453,A,N,D,C,A,A,H,-,C,A,0,,,,,Y,,A,01,0,1,2,0,0,0,0,0,0,"- ",NF,,,ALAMEDA,OAKLAND,-122.23183441162109,37.774600982666016
9473877,2022,2022-08-22,0109,2022-07-20,0554,9347,2,3,5,7,0109,0,0,0,,0,26X,"79TH AV","RUDSDALE ST",0.00,,-,A,-,N,,,,,,,,,,N,2,0,1,2,A,-,03,22350,,F,G,B,B,A,H,-,A,D,0,Y,,,,Y,,-,99,1,0,0,0,1,0,0,0,0,"- ","- ",,,ALAMEDA,OAKLAND,-122.18647766113281,37.754730224609375
9473973,2022,2022-08-24,0109,2022-06-26,1118,9953,1,7,5,7,0109,0,0,0,,0,19X,"INTERNATIONAL BL","4TH AV",125.00,W,N,A,-,N,,,,,,,,,,N,2,0,2,2,A,-,03,22350,,N,D,C,A,A,-,-,A,A,0,,,Y,,Y,,C,02,1,0,1,0,0,0,0,0,1,"- ","- ",,,ALAMEDA,OAKLAND,-122.25495147705078,37.796737670898438
9473977,2022,2022-08-31,0109,2022-06-08,1954,9960,1,3,5,7,0109,0,0,0,,0,06X,"WEST ST","36TH ST",0.00,,Y,A,-,N,,,,,,,,,,N,3,0,4,2,A,-,12,21453,A,N,D,C,A,A,H,-,A,A,0,,,,,Y,,-,"- ",0,2,2,0,0,0,0,0,0,"- ","- ",,,ALAMEDA,OAKLAND,-122.27214050292969,37.825630187988281
9473984,2022,2022-09-06,0109,2022-06-24,2320,10003,2,5,5,7,0109,0,0,0,,0,21Y,"FRUITVALE AV","HAROLD ST",0.00,,Y,A,-,N,,,,,,,,,,Y,2,0,1,2,A,-,12,21453,A,N,B,C,A,A,H,-,B,A,0,,,Y,,Y,,-,"- ",1,0,0,0,0,0,0,0,1,"- ","- ",,,ALAMEDA,OAKLAND,-122.21713256835938,37.797931671142578
9473985,2022,2022-09-19,0109,2022-06-24,1744,9294,1,5,5,7,0109,0,0,0,,0,10X,"55TH ST","ADELINE ST",0.00,,-,A,-,N,,,,,,,,,,N,2,0,1,2,A,-,09,21801,A,N,D,G,A,A,-,-,A,A,0,,Y,,,Y,,A,01,1,0,0,0,0,0,1,0,0,"- ","- ",,,ALAMEDA,OAKLAND,-122.27526092529297,37.839096069335938
9473987,2022,2022-08-25,0109,2022-06-10,2226,9915,2,5,5,7,0109,0,0,0,,0,27X,"INTERNATIONAL BL","77TH AV",20.00,W,N,A,-,N,,,,,,,,,,N,3,0,1,2,A,-,08,22107,,M,G,B,A,A,H,-,C,A,0,,Y,,,Y,,-,99,0,1,0,0,0,0,1,0,0,"- ","- ",,,ALAMEDA,OAKLAND,-122.18445587158203,37.757938385009766
9474038,2022,2022-08-25,0109,2022-07-18,1532,9994,1,1,5,7,0109,0,0,0,,0,14X,"27TH ST","HARRISON ST",0.00,,Y,A,-,N,,,,,,,,,,N,3,0,1,2,A,-,10,21950,A,N,G,B,B,A,H,-,A,A,0,Y,,,,Y,,A,01,0,1,0,0,1,0,0,0,0,"- ","- ",,,ALAMEDA,OAKLAND,-122.26149749755859,37.81280517578125
9474040,2022,2022-08-25,0109,2022-07-04,1542,9968,2,1,5,7,0109,0,0,0,,0,31Z,"105TH AV","RUSSET ST",0.00,,Y,A,-,N,,,,,,,,,,N,3,0,1,2,A,-,12,22450,A,N,D,C,A,A,H,-,A,A,0,,,Y,,Y,,C,03,0,1,0,0,0,0,0,0,1,"- ","- ",,,ALAMEDA,OAKLAND,-122.17514801025391,37.735309600830078
9474289,2022,2022-07-01,0109,2022-03-28,0045,8226,1,1,5,7,0109,0,0,0,,0,13X,"OCEAN VIEW DR","MARGARIDO DR",0.00,,Y,B,-,N,,,,,,,,,,Y,3,0,2,2,A,-,01,23152,A,M,C,C,A,B,H,-,C,D,0,,,,,Y,Y,A,01,0,1,1,0,0,0,0,0,0,"- ","- ",,,ALAMEDA,OAKLAND,-122.2421875,37.847312927246094
9474578,2022,2022-07-06,0103,2022-05-04,1423,26,,3,5,6,0103,0,0,0,,0,014,6TH,UNIVERSITY,0.00,,Y,A,-,N,,,,,,,,,,N,3,0,2,2,A,-,03,22350,,N,C,C,A,A,H,-,A,A,0,,,,,Y,,A,01,0,2,0,0,0,0,0,0,0,"- ","- ",37.867988586425781,-122.29766082763672,ALAMEDA,BERKELEY,-122.29771423339844,37.867969512939453
9474662,2022,2022-07-06,0109,2022-05-24,1824,9874,2,2,5,7,0109,0,0,0,,0,23X,"SAN LEANDRO ST","33RD AV",25.00,E,N,A,-,N,,,,,,,,,,N,3,0,1,1,A,-,03,22350,,N,A,I,A,A,H,-,A,D,0,,,,,Y,,A,01,0,1,0,0,0,0,0,0,0,"- ","- ",,,ALAMEDA,OAKLAND,-122.22605133056641,37.774856567382812
9474663,2022,2022-07-06,0109,2022-05-21,2322,9582,2,6,5,7,0109,0,0,0,,0,30X,"INTERNATIONAL BL","73RD AV",20.00,E,N,A,-,N,,,,,,,,,,Y,3,0,3,2,A,-,03,22350,,M,C,C,A,A,H,-,C,A,0,,,,,Y,,A,01,0,1,2,0,0,0,0,0,0,"- ","- ",,,ALAMEDA,OAKLAND,-122.18701934814453,37.759178161621094
9474715,2022,2022-07-07,0109,2022-05-30,1630,9814,2,1,5,7,0109,0,0,0,,0,27X,"BANCROFT AV","50TH AV",40.00,E,N,A,-,N,,,,,,,,,,N,3,0,1,3,A,-,03,22350,,N,C,C,A,A,H,-,A,D,0,,,,,Y,,A,01,0,1,0,0,0,0,0,0,0,"- ","- ",,,ALAMEDA,OAKLAND,-122.20689392089844,37.771778106689453
9475478,2022,2022-07-21,0109,2022-05-26,0301,9385,1,4,5,7,0109,0,0,0,,0,07X,"UNION ST","PERALTA ST",30.00,E,N,A,-,N,,,,,,,,,,N,3,0,2,1,A,-,08,22107,,N,A,I,A,A,H,-,C,D,0,,,,,Y,,A,01,0,2,0,0,0,0,0,0,0,"- ","- ",,,ALAMEDA,OAKLAND,-122.2830810546875,37.824832916259766
9475479,2022,2022-07-21,0109,2022-05-06,2030,9968,1,5,5,7,0109,0,0,0,,0,14Y,"ADAMS ST","PERKINS ST",100.00,S,N,A,-,N,,,,,,,,,,N,3,0,1,2,D,-,00,,,N,H,G,A,A,H,-,B,D,0,,Y,,,Y,,-,"- ",0,1,0,0,0,0,1,0,0,"- ","- ",,,ALAMEDA,OAKLAND,-122.25570678710938,37.814464569091797
9475493,2022,2022-07-20,0109,2022-05-27,1752,9929,1,5,5,7,0109,0,0,0,,0,12X,"51ST ST","CLARKE ST",0.00,,Y,B,-,N,,,,,,,,,,N,3,0,1,2,A,-,10,21950,A,N,G,B,B,A,H,-,A,C,0,Y,,,,Y,,A,01,0,1,0,0,1,0,0,0,0,"- ","- ",,,ALAMEDA,OAKLAND,-122.26089477539062,37.837009429931641
9475494,2022,2022-07-20,0109,2022-05-26,2049,9173,1,4,5,7,0109,0,0,0,,0,04X,"MARTIN LUTHER KING JR WY","WEST GRAND AV",0.00,,Y,A,-,N,,,,,,,,,,Y,3,0,2,2,A,-,12,21453,A,M,D,C,A,A,H,-,C,A,0,,,,,Y,,A,01,0,1,1,0,0,0,0,0,0,"- ","- ",,,ALAMEDA,OAKLAND,-122.27278137207031,37.812484741210938
9475495,2022,2022-07-20,0109,2022-05-30,2320,9070,1,1,5,7,0109,0,0,0,,0,08X,"NORTHGATE AV","SYCAMORE ST",0.00,,Y,A,-,N,,,,,,,,,,N,3,0,1,2,A,-,12,22450,A,F,H,G,A,A,H,-,C,D,0,,Y,,,Y,,A,07,0,1,0,0,0,0,1,0,0,"- ","- ",,,ALAMEDA,OAKLAND,-122.27024078369141,37.815418243408203
9475753,2022,2022-07-15,0109,2022-02-01,1126,9481,1,2,5,7,0109,0,0,0,,0,04X,"JEFFERSON ST","14TH ST",0.00,,Y,A,-,N,,,,,,,,,,N,3,0,1,2,A,-,12,21453,A,M,D,-,A,A,H,-,A,A,0,,,,,Y,,-,99,0,1,0,0,0,0,0,0,0,"- ","- ",,,ALAMEDA,OAKLAND,-122.27479553222656,37.805740356445312
9475755,2022,2022-07-15,0109,2022-02-01,0810,8862,2,2,5,7,0109,0,0,0,,0,22X,"LAGUNA AV","CHARLESTON ST",0.00,,Y,A,-,N,,,,,,,,,,N,3,0,1,2,A,-,12,22450,A,N,D,G,A,A,H,-,A,A,0,,Y,,,Y,,A,01,0,1,0,0,0,0,1,0,0,"- ","- ",,,ALAMEDA,OAKLAND,-122.20225524902344,37.806667327880859
9476840,2022,2022-07-19,0109,2022-06-02,1900,9173,1,4,5,7,0109,0,0,0,,0,17Y,"8TH AV","22ND ST",0.00,,Y,A,-,N,,,,,,,,,,N,3,0,2,2,A,-,12,22450,A,N,D,C,A,A,H,-,A,A,0,,,,,Y,,A,01,0,1,1,0,0,0,0,0,0,"- ","- ",,,ALAMEDA,OAKLAND,-122.24393463134766,37.798812866210938
9477154,2022,2022-07-22,0109,2022-02-06,1530,1,1,7,5,7,0109,0,0,0,,0,09X,"OAKLAND AV","MONTE VISTA AV",0.00,,Y,A,-,N,,,,,,,,,,N,3,0,1,2,A,-,10,21950,A,N,G,B,B,A,H,-,A,A,0,Y,,,,Y,,A,01,0,1,0,0,1,0,0,0,0,"- ","- ",,,ALAMEDA,OAKLAND,-122.24839782714844,37.821277618408203
9477157,2022,2022-07-22,0109,2022-02-23,0930,9381,2,3,5,7,0109,0,0,0,,0,27X,"HIGH ST","COURTLAND AV",0.00,,Y,A,-,N,,,,,,,,,,N,2,0,1,2,A,-,11,21954,A,N,G,B,D,A,H,-,A,A,0,Y,,,,Y,,N,60,1,0,0,0,1,0,0,0,0,"- ","- ",,,ALAMEDA,OAKLAND,-122.21074676513672,37.77557373046875
9477302,2022,2022-07-22,0109,2022-04-12,2130,9960,1,2,5,7,0109,0,0,0,,0,15X,"E 18TH ST","3RD AV",0.00,,Y,A,-,N,,,,,,,,,,N,2,0,1,2,A,-,10,21950,A,F,G,B,B,A,H,-,C,A,0,Y,,,,Y,,A,01,1,0,0,0,1,0,0,0,0,"- ","- ",,,ALAMEDA,OAKLAND,-122.251953125,37.799701690673828
9477367,2022,2022-07-22,0109,2022-06-20,1314,8658,2,1,5,7,0109,0,0,0,,0,24X,"HIGH ST","FLEMING AV",0.00,,Y,A,-,N,,,,,,,,,,Y,3,0,4,2,A,-,08,22107,,N,C,C,A,A,H,-,A,A,0,,,,,Y,,A,01,0,1,3,0,0,0,0,0,0,"- ","- ",,,ALAMEDA,OAKLAND,-122.20176696777344,37.783763885498047
9477651,2022,2022-08-02,0103,2022-06-01,1707,42,,3,5,6,0103,0,0,0,,0,013,"7TH AV","CARLETON ST",0.00,,Y,A,-,N,,,,,,,,,,Y,3,0,1,2,A,-,09,21801,A,F,D,C,A,A,H,-,A,D,0,,,Y,,Y,,A,01,0,1,0,0,0,0,0,0,1,"- ","- ",37.856361389160156,-122.29371643066406,ALAMEDA,BERKELEY,-122.29300689697266,37.856941223144531
9477653,2022,2022-08-08,0103,2022-05-29,1424,13,,7,5,6,0103,0,0,0,,0,009,ADELINE,ALCATRAZ,0.00,,Y,A,-,N,,,,,,,,,,Y,3,0,1,2,A,-,12,21453,A,N,D,C,A,A,H,-,A,A,0,,,,,Y,,A,01,0,1,0,0,0,0,0,0,0,"- ","- ",37.848751068115234,-122.27144622802734,ALAMEDA,BERKELEY,-122.27153015136719,37.848724365234375
9478011,2022,2022-08-03,0103,2022-06-27,0925,37,,1,5,6,0103,0,0,0,,0,014,UNIVERSITY,9TH,0.00,,Y,A,-,N,,,,,,,,,,Y,3,0,1,2,A,-,12,21453,A,N,D,C,A,A,H,-,A,A,0,,,,,Y,,D,22,0,1,0,0,0,0,0,0,0,"- ","- ",37.868640899658203,-122.29441070556641,ALAMEDA,BERKELEY,-122.29441833496094,37.868705749511719
9478012,2022,2022-08-02,0103,2022-06-22,0939,68,,3,5,6,0103,0,0,0,,0,012,UNIVERSITY,CURTIS,0.00,,Y,A,-,N,,,,,,,,,,N,3,0,1,2,A,-,09,21802,A,N,D,C,A,-,H,-,A,D,0,,,,,Y,,A,01,0,1,0,0,0,0,0,0,0,"- ","- ",37.869438171386719,-122.28952026367188,ALAMEDA,BERKELEY,-122.28952789306641,37.869388580322266
9478013,2022,2022-08-03,0103,2022-06-14,0945,107,35,2,5,6,0103,0,0,0,,0,004,OXFORD,"ALLSTON WY",55.00,S,N,A,-,N,,,,,,,,,,Y,3,0,1,2,A,-,08,22100,B,N,D,C,A,-,H,-,A,A,0,,,Y,Y,Y,,F,26,0,1,0,0,0,0,0,0,1,"- ","- ",37.869678497314453,-122.26579284667969,ALAMEDA,BERKELEY,-122.26593017578125,37.869533538818359
9478321,2022,2022-08-02,0103,2022-06-22,0948,107,19,3,5,6,0103,0,0,0,,0,016,"GILMAN AV",KAINS,0.00,,Y,A,-,N,,,,,,,,,,N,3,0,1,2,A,-,09,21802,B,N,D,G,A,-,H,-,A,A,0,,Y,,,Y,,L,04,0,1,0,0,0,0,1,0,0,"- ","- ",37.880500793457031,-122.29503631591797,ALAMEDA,BERKELEY,-122.29486846923828,37.88067626953125
9478322,2022,2022-08-02,0103,2022-06-21,0816,112,,2,5,6,0103,0,0,0,,0,008,"MILVIA ST","RUSSELL AV",0.00,,Y,A,-,N,,,,,,,,,,Y,3,0,1,3,A,-,03,22350,,N,F,C,F,A,H,-,A,A,0,Y,,,,Y,,A,01,0,1,0,0,0,0,0,0,0,"- ","- ",37.856418609619141,-122.26902008056641,ALAMEDA,BERKELEY,-122.26904296875,37.856410980224609
9478323,2022,2022-08-02,0103,2022-06-19,0030,107,35,7,5,6,0103,0,0,0,,0,008,"ADELINE AV","STUART ST",0.00,,Y,A,-,N,,,,,,,,,,N,3,0,2,3,A,-,12,22450,A,N,B,C,A,A,H,-,C,A,0,,,,,Y,,A,01,0,2,0,0,0,0,0,0,0,"- ","- ",37.854820251464844,-122.26773071289062,ALAMEDA,BERKELEY,-122.26789855957031,37.858390808105469
9478324,2022,2022-08-02,0103,2022-06-18,1619,107,19,6,5,6,0103,0,0,0,,0,016,"GILMAN AV",PERLTA,0.00,,Y,A,-,N,,,,,,,,,,N,3,0,1,2,A,-,12,22450,A,N,D,G,A,-,H,-,A,A,0,,Y,,,Y,,A,01,0,1,0,0,0,0,1,0,0,"- ","- ",37.880908966064453,-122.28780364990234,ALAMEDA,BERKELEY,-122.28775024414062,37.880901336669922
9478325,2022,2022-08-02,0103,2022-06-17,1135,148,34,5,5,6,0103,0,0,0,,0,005,"MCGEE AV","CARLETON ST",0.00,,Y,A,-,N,,,,,,,,,,N,3,0,1,2,A,-,12,22450,A,N,D,G,A,A,H,-,A,A,0,,Y,,,Y,,L,04,0,1,0,0,0,0,1,0,0,"- ","- ",37.860149383544922,-122.27597045898438,ALAMEDA,BERKELEY,-122.27594757080078,37.860157012939453
9478326,2022,2022-08-02,0103,2022-06-17,0736,30,,5,5,6,0103,0,0,0,,0,006,ELLSWORTH,BLAKE,0.00,,Y,A,-,N,,,,,,,,,,N,3,0,1,2,A,-,12,22450,A,N,D,G,A,A,H,-,A,A,0,,Y,,,Y,,A,01,0,1,0,0,0,0,1,0,0,"- ","- ",37.863639831542969,-122.26280212402344,ALAMEDA,BERKELEY,-122.26280212402344,37.8636474609375
9478328,2022,2022-08-02,0103,2022-06-15,0925,68,,3,5,6,0103,0,0,0,,0,005,"BANCROFT AV","SACRAMENTO AV",0.00,,Y,A,-,N,,,,,,,,,,N,3,0,1,1,A,-,03,22350,,N,E,I,A,A,H,-,A,D,0,,Y,,,Y,,L,04,0,1,0,0,0,0,1,0,0,"- ","- ",37.865821838378906,-122.28147888183594,ALAMEDA,BERKELEY,-122.28157806396484,37.865798950195312
9478329,2022,2022-08-02,0103,2022-06-16,1141,33,,4,5,6,0103,0,0,0,,0,009,"MARTIN LUTHER KING JR WY","PRINCE ST",155.00,N,N,A,-,N,,,,,,,,,,Y,3,0,6,4,A,-,03,22350,,N,C,C,A,A,C,-,A,A,0,,,,,Y,,A,01,0,6,0,0,0,0,0,0,0,"- ","- ",37.854221343994141,-122.27110290527344,ALAMEDA,BERKELEY,-122.27111053466797,37.854286193847656
9478331,2022,2022-08-02,0103,2022-06-12,2229,149,,7,5,6,0103,0,0,0,,0,006,"PROSPECT AV","CHANNING WY",10.00,S,N,A,-,N,,,,,,,,,,Y,3,0,1,1,A,-,01,23152,A,N,E,I,A,A,H,-,C,D,0,,,,,Y,Y,A,01,0,1,0,0,0,0,0,0,0,"- ","- ",37.867790222167969,-122.25012969970703,ALAMEDA,BERKELEY,-122.24992370605469,37.868003845214844
9478332,2022,2022-08-02,0103,2022-06-09,1736,14,,4,5,6,0103,0,0,0,,0,010,"MARTIN LUTHER KING JR WY","RUSSELL AV",0.00,,Y,A,-,N,,,,,,,,,,Y,3,0,2,2,A,-,09,21801,A,N,A,C,A,A,H,-,A,A,0,,,,,Y,,A,01,0,2,0,0,0,0,0,0,0,"- ","- ",37.856128692626953,-122.27127838134766,ALAMEDA,BERKELEY,-122.27133178710938,37.85614013671875
9478333,2022,2022-08-02,0103,2022-06-09,1157,85,26,4,5,6,0103,0,0,0,,0,006,BANCROFT,"ELLSWORTH ST",0.00,,Y,A,-,N,,,,,,,,,,N,3,0,1,2,A,-,09,21802,A,N,D,J,A,A,H,-,A,A,0,,,,,Y,,A,01,0,1,0,0,0,0,0,0,0,"- ","- ",37.868141174316406,-122.26373291015625,ALAMEDA,BERKELEY,-122.26374816894531,37.868167877197266
9478334,2022,2022-08-02,0103,2022-06-07,0411,32,,2,5,6,0103,0,0,0,,0,003,"MARTIN LUTHER KING JR WY","HEARST AV",0.00,,Y,A,-,N,,,,,,,,,,Y,2,0,2,2,A,-,12,21453,A,N,D,D,A,-,H,-,-,A,0,,,,,Y,,A,01,1,0,1,0,0,0,0,0,0,"- ","- ",37.873298645019531,-122.27320098876953,ALAMEDA,BERKELEY,-122.27320098876953,37.873332977294922
9478337,2022,2022-08-02,0103,2022-06-04,1600,107,28,6,5,6,0103,0,0,0,,0,006,"SHATTUCK AV","HASTE AV",0.00,,Y,A,-,N,,,,,,,,,,Y,3,0,1,2,A,-,12,21453,A,N,D,C,A,A,H,-,A,A,0,,,,,Y,,A,07,0,1,0,0,0,0,0,0,0,"- ","- ",37.864879608154297,-122.26747131347656,ALAMEDA,BERKELEY,-122.26750946044922,37.864879608154297
9478338,2022,2022-08-02,0103,2022-06-04,1011,28,,6,5,6,0103,0,0,0,,0,001,MARIN,MONTEREY,0.00,,Y,A,-,N,,,,,,,,,,Y,3,0,2,2,A,-,04,21703,,N,C,C,A,A,H,-,A,A,0,,,,,Y,,A,01,0,2,0,0,0,0,0,0,0,"- ","- ",37.889270782470703,-122.27477264404297,ALAMEDA,BERKELEY,-122.27558135986328,37.888938903808594
9478339,2022,2022-08-02,0103,2022-06-03,1220,149,,5,5,6,0103,0,0,0,,0,008,"ASHBY AV","TELEGRAPH AV",0.00,,Y,A,-,N,,,,,,,,,,N,3,0,1,2,A,-,05,21650,1,F,D,G,A,-,H,-,-,D,0,,Y,,,Y,,L,04,0,1,0,0,0,0,1,0,0,"- ","- ",37.856189727783203,-122.25968170166016,ALAMEDA,BERKELEY,-122.25977325439453,37.856197357177734
9478340,2022,2022-08-02,0103,2022-06-03,1605,51,31,5,5,6,0103,0,0,0,,0,012,"ALLSTON ST","BYRON AV",0.00,,Y,A,-,N,,,,,,,,,,N,3,0,1,1,A,-,03,22350,,N,E,I,A,A,H,-,A,D,0,,Y,,,Y,,L,04,0,1,0,0,0,0,1,0,0,"- ","- ",37.866550445556641,-122.28999328613281,ALAMEDA,BERKELEY,-122.29002380371094,37.866565704345703
9478354,2022,2022-08-03,0103,2022-06-28,0740,107,19,2,5,6,0103,0,0,0,,0,016,"ROSE AV","JUANITA WY",193.00,W,N,A,-,N,,,,,,,,,,N,3,0,1,2,A,-,09,21804,A,N,D,G,A,A,H,-,A,A,0,,Y,,,Y,,L,04,0,1,0,0,0,0,1,0,0,"- ","- ",37.876590728759766,-122.28871917724609,ALAMEDA,BERKELEY,-122.28713226318359,37.877399444580078
9478355,2022,2022-08-03,0103,2022-06-26,1300,2,,7,5,6,0103,0,0,0,,0,004,"UNIVERSITY AV",MILVIA,0.00,,Y,A,-,N,,,,,,,,,,N,3,0,1,2,A,-,08,22107,,N,D,C,A,-,H,-,A,A,0,,,Y,,Y,,A,07,0,1,0,0,0,0,0,0,1,"- ","- ",37.871849060058594,-122.27072143554688,ALAMEDA,BERKELEY,-122.27075958251953,37.871902465820312
9478356,2022,2022-08-03,0103,2022-06-24,1702,109,,5,5,6,0103,0,0,0,,0,012,UNIVERSITY,CURTIS,0.00,,Y,A,-,N,,,,,,,,,,Y,3,0,2,2,A,-,09,21802,A,N,D,C,A,A,H,-,A,D,0,,,,,Y,,A,07,0,2,0,0,0,0,0,0,0,"- ","- ",37.869438171386719,-122.28952026367188,ALAMEDA,BERKELEY,-122.28952789306641,37.869388580322266
9478357,2022,2022-08-03,0103,2022-06-22,2128,126,,3,5,6,0103,0,0,0,,0,003,"MARTIN LUTHER KING JR WY","BERKELEY WY",0.00,,Y,B,-,N,,,,,,,,,,N,3,0,2,3,A,-,10,21950,A,F,G,B,B,A,H,-,C,A,0,Y,,,,Y,,A,01,0,2,0,0,2,0,0,0,0,"- ","- ",37.872451782226562,-122.27307891845703,ALAMEDA,BERKELEY,-122.27310943603516,37.872451782226562
9478358,2022,2022-08-03,0103,2022-06-22,2013,94,39,3,5,6,0103,0,0,0,,0,008,WEBSTER,TELEGRAPH,0.00,,Y,A,-,N,,,,,,,,,,N,3,0,1,2,A,-,03,22350,,N,C,G,A,A,H,-,B,D,0,,Y,,,Y,,A,01,0,1,0,0,0,0,1,0,0,"- ","- ",37.855190277099609,-122.25981140136719,ALAMEDA,BERKELEY,-122.25988006591797,37.855205535888672
9478359,2022,2022-08-03,0103,2022-06-22,1511,17,,3,5,6,0103,0,0,0,,0,003,"OXFORD ST","HEARST AV",0.00,,Y,A,-,N,,,,,,,,,,N,3,0,1,2,A,-,08,22107,,N,D,C,A,A,H,-,-,A,0,,,,,Y,,M,94,0,1,0,0,0,0,0,0,0,"- ","- ",37.874149322509766,-122.26628875732422,ALAMEDA,BERKELEY,-122.26634979248047,37.874160766601562
9478360,2022,2022-08-03,0103,2022-06-22,1405,107,14,3,5,6,0103,0,0,0,,0,001,"DEL NORTE CT","THE CIRCLE",0.00,,Y,A,-,N,,,,,,,,,,N,3,0,1,2,A,-,09,21803,,N,B,C,A,-,H,-,A,A,0,,,Y,,Y,,A,07,0,1,0,0,0,0,0,0,1,"- ","- ",37.890048980712891,-122.27220153808594,ALAMEDA,BERKELEY,-122.27223968505859,37.890090942382812
9482525,2022,2022-07-28,0109,2022-06-22,1730,9259,2,3,5,7,0109,0,0,0,,0,30Y,"75TH AV","GARFIELD AV",0.00,,Y,A,-,N,,,,,,,,,,N,3,0,2,2,A,-,09,21802,A,M,D,C,A,A,H,-,A,A,0,,,,,Y,,A,01,0,1,1,0,0,0,0,0,0,"- ","- ",,,ALAMEDA,OAKLAND,-122.17446136474609,37.765727996826172
9482720,2022,2022-08-02,0109,2022-06-11,0000,9511,2,6,5,7,0109,0,0,0,,0,34X,"INTERNATIONAL BL","90TH AV",10.00,W,N,A,-,N,,,,,,,,,,N,3,0,1,2,A,-,08,22107,,F,G,B,E,A,H,-,C,A,0,Y,,,,Y,,D,22,0,1,0,0,1,0,0,0,0,"- ","- ",,,ALAMEDA,OAKLAND,-122.17463684082031,37.749824523925781
9483959,2022,2022-08-01,0109,2022-06-24,1600,9196,2,5,5,7,0109,0,0,0,,0,30X,"73RD AV","INTERNATIONAL BL",0.00,,Y,A,-,N,,,,,,,,,,N,3,0,1,2,A,-,12,22450,A,M,D,G,A,A,H,-,A,A,0,,Y,,,Y,,A,01,0,1,0,0,0,0,1,0,0,"- ","- ",,,ALAMEDA,OAKLAND,-122.18708038330078,37.759212493896484
9483963,2022,2022-08-01,0109,2022-06-17,1341,9914,2,5,5,7,0109,0,0,0,,0,32X,"105TH AV","ROYAL ANN AV",0.00,,Y,A,-,N,,,,,,,,,,Y,3,0,1,1,A,-,03,22350,,N,H,I,A,A,H,-,A,D,0,,,Y,,Y,,C,02,0,1,0,0,0,0,0,0,1,"- ","- ",,,ALAMEDA,OAKLAND,-122.17079162597656,37.737350463867188
9483966,2022,2022-08-23,0109,2022-06-13,1522,9878,1,1,5,7,0109,0,0,0,,0,08X,"29TH ST","TELEGRAPH AV",200.00,W,N,A,-,N,,,,,,,,,,N,3,0,1,2,A,-,08,22107,,N,A,B,A,A,H,-,A,D,0,,Y,,,Y,Y,A,01,0,1,0,0,0,0,1,0,0,"- ","- ",,,ALAMEDA,OAKLAND,-122.26805877685547,37.818382263183594
9486161,2022,2022-09-15,0109,2022-07-19,1931,9814,2,2,5,7,0109,0,0,0,,0,25Y,"SKYLINE BL","REDWOOD RD",1.00,E,N,A,-,N,,,,,,,,,,Y,3,0,1,1,A,-,08,22107,,N,H,I,A,A,H,-,B,D,0,,,,,Y,,A,01,0,1,0,0,0,0,0,0,0,"- ","- ",,,ALAMEDA,OAKLAND,-122.17088317871094,37.799007415771484