CASE_ID,ACCIDENT_YEAR,PROC_DATE,JURIS,COLLISION_DATE,COLLISION_TIME,OFFICER_ID,REPORTING_DISTRICT,DAY_OF_WEEK,CHP_SHIFT,POPULATION,CNTY_CITY_LOC,SPECIAL_COND,BEAT_TYPE,CHP_BEAT_TYPE,CITY_DIVISION_LAPD,CHP_BEAT_CLASS,BEAT_NUMBER,PRIMARY_RD,SECONDARY_RD,DISTANCE,DIRECTION,INTERSECTION,WEATHER_1,WEATHER_2,STATE_HWY_IND,CALTRANS_COUNTY,CALTRANS_DISTRICT,STATE_ROUTE,ROUTE_SUFFIX,POSTMILE_PREFIX,POSTMILE,LOCATION_TYPE,RAMP_INTERSECTION,SIDE_OF_HWY,TOW_AWAY,COLLISION_SEVERITY,NUMBER_KILLED,NUMBER_INJURED,PARTY_COUNT,PRIMARY_COLL_FACTOR,PCF_CODE_OF_VIOL,PCF_VIOL_CATEGORY,PCF_VIOLATION,PCF_VIOL_SUBSECTION,HIT_AND_RUN,TYPE_OF_COLLISION,MVIW,PED_ACTION,ROAD_SURFACE,ROAD_COND_1,ROAD_COND_2,LIGHTING,CONTROL_DEVICE,CHP_ROAD_TYPE,PEDESTRIAN_ACCIDENT,BICYCLE_ACCIDENT,MOTORCYCLE_ACCIDENT,TRUCK_ACCIDENT,NOT_PRIVATE_PROPERTY,ALCOHOL_INVOLVED,STWD_VEHTYPE_AT_FAULT,CHP_VEHTYPE_AT_FAULT,COUNT_SEVERE_INJ,COUNT_VISIBLE_INJ,COUNT_COMPLAINT_PAIN,COUNT_PED_KILLED,COUNT_PED_INJURED,COUNT_BICYCLIST_KILLED,COUNT_BICYCLIST_INJURED,COUNT_MC_KILLED,COUNT_MC_INJURED,PRIMARY_RAMP,SECONDARY_RAMP,LATITUDE,LONGITUDE,COUNTY,CITY,POINT_X,POINT_Y
9499110,2022,2022-10-21,0109,2022-09-06,1945,8347,1,2,5,7,0109,0,0,0,,0,09X,"OAKLAND AV","SANTA CLARA AV",0.00,,Y,A,-,N,,,,,,,,,,N,3,0,2,2,A,-,12,21453,A,N,D,C,A,A,H,-,A,A,0,,,,,Y,,A,01,0,1,1,0,0,0,0,0,0,"- ","- ",,,ALAMEDA,OAKLAND,-122.25344848632812,37.819141387939453
9499366,2022,2022-11-16,0109,2022-09-30,0743,10004,1,5,5,7,0109,0,0,0,,0,19X,"E 12TH ST","1ST AV",50.00,W,N,A,-,N,,,,,,,,,,N,3,0,2,1,A,-,03,22350,,N,-,A,A,A,H,-,A,A,0,,,,Y,Y,,F,26,0,2,0,0,0,0,0,0,0,"- ","- ",,,ALAMEDA,OAKLAND,-122.25820922851562,37.798271179199219
9499407,2022,2022-10-24,0109,2022-08-10,1901,9350,2,3,5,7,0109,0,0,0,,0,33X,"INTERNATIONAL BL","96TH AV",0.00,,Y,A,-,N,,,,,,,,,,Y,2,0,1,2,A,-,12,21453,A,N,D,C,A,A,H,-,A,A,0,,,Y,,Y,,D,22,1,0,0,0,0,0,0,0,1,"- ","- ",,,ALAMEDA,OAKLAND,-122.17160797119141,37.745738983154297
9499578,2022,2022-11-22,0109,2022-07-24,0229,9793,1,7,5,7,0109,0,0,0,,0,05X,"FRONTAGE RD","W GRAND AV",10.00,S,N,A,-,N,,,,,,,,,,N,3,0,2,2,A,-,12,21453,A,N,D,C,A,A,H,-,C,A,0,,,,Y,Y,,A,01,0,1,1,0,0,0,0,0,0,"- ","- ",,,ALAMEDA,OAKLAND,-122.29412841796875,37.819087982177734
9499607,2022,2022-11-03,0109,2022-09-01,2240,9650,2,4,5,7,0109,0,0,0,,0,20X,"23RD AV","E 11TH ST",200.00,S,N,A,-,N,,,,,,,,,,N,3,0,1,2,A,-,12,21453,A,M,B,C,A,A,H,-,C,A,0,,,Y,Y,Y,,F,26,0,1,0,0,0,0,0,0,1,"- ","- ",,,ALAMEDA,OAKLAND,-122.23703765869141,37.779560089111328
9499666,2022,2022-11-14,0109,2022-09-16,0940,10045,1,5,5,7,0109,0,0,0,,0,11X,"TELEGRAPH AV","51ST ST",0.00,,Y,A,-,N,,,,,,,,,,N,3,0,1,2,A,-,03,22350,,N,C,G,A,A,H,-,A,A,0,,Y,,Y,Y,,L,04,0,1,0,0,0,0,1,0,0,"- ","- ",,,ALAMEDA,OAKLAND,-122.26235198974609,37.837207794189453
9499900,2022,2022-11-21,0109,2022-10-25,1131,9381,2,2,5,7,0109,0,0,0,,0,27X,"FOOTHILL BL","55TH AV",155.00,W,N,A,-,N,,,,,,,,,,N,3,0,1,2,A,-,11,21954,A,N,B,B,D,A,H,-,A,B,0,Y,,,,Y,,N,60,0,1,0,0,1,0,0,0,0,"- ","- ",,,ALAMEDA,OAKLAND,-122.19644165039062,37.772617340087891
9500045,2022,2022-09-30,0109,2022-08-11,1255,10005,2,4,5,7,0109,0,0,0,,0,30Y,"SUNKIST DR","BURCKHAL TER AV",0.00,,Y,A,-,N,,,,,,,,,,N,3,0,1,1,A,-,03,22350,,N,A,I,A,A,H,-,A,A,0,,,,,Y,,A,01,0,1,0,0,0,0,0,0,0,"- ","- ",,,ALAMEDA,OAKLAND,-122.16877746582031,37.774375915527344
9500048,2022,2022-09-30,0109,2022-08-29,1723,9985,1,1,5,7,0109,0,0,0,,0,04X,"22ND ST",BROADWAY,1.00,S,N,A,-,N,,,,,,,,,,N,3,0,1,2,A,-,10,21950,A,N,G,B,B,A,H,-,A,A,0,Y,,,,Y,,A,07,0,1,0,0,1,0,0,0,0,"- ","- ",,,ALAMEDA,OAKLAND,-122.26708984375,37.810939788818359
9500131,2022,2022-09-30,0109,2022-07-30,1155,9968,2,6,5,7,0109,0,0,0,,0,31Y,"85TH AV","EDES AV",0.00,,Y,A,-,N,,,,,,,,,,N,3,0,1,3,A,-,12,22450,A,M,A,C,A,A,H,-,A,A,0,,,,,Y,,A,01,0,1,0,0,0,0,0,0,0,"- ","- ",,,ALAMEDA,OAKLAND,-122.19290161132812,37.739017486572266
9500133,2022,2022-09-30,0109,2022-07-30,1625,9196,2,6,5,7,0109,0,0,0,,0,25X,"MACARTHUR BL","HIGH ST",200.00,W,N,A,-,N,,,,,,,,,,Y,3,0,1,2,A,-,09,21801,A,N,D,C,A,A,H,-,A,D,0,,,,,Y,,A,01,0,1,0,0,0,0,0,0,0,"- ","- ",,,ALAMEDA,OAKLAND,-122.19520568847656,37.787815093994141
9500135,2022,2022-09-30,0109,2022-07-16,0759,9732,1,6,5,7,0109,0,0,0,,0,08X,"27TH ST","NORTHGATE AV",0.00,,Y,A,-,N,,,,,,,,,,N,3,0,1,2,A,-,12,21453,A,N,D,C,A,A,H,-,A,A,0,,,,,Y,,A,01,0,1,0,0,0,0,0,0,0,"- ","- ",,,ALAMEDA,OAKLAND,-122.26984405517578,37.816471099853516
9500664,2022,2022-10-12,0109,2022-05-01,0018,9842,2,7,5,7,0109,0,0,0,,0,32X,"INTERNATIONAL BL","103RD AV",121.00,W,N,-,-,N,,,,,,,,,,N,2,0,1,2,A,-,11,21954,A,N,G,B,D,A,H,-,C,A,0,Y,,,,Y,,N,60,1,0,0,0,1,0,0,0,0,"- ","- ",,,ALAMEDA,OAKLAND,-122.16815185546875,37.741214752197266
9500665,2022,2022-10-12,0109,2022-05-01,0016,9842,2,7,5,7,0109,0,0,0,,0,32X,"INTERNATIONAL BL","103RD AV",121.00,W,N,-,-,N,,,,,,,,,,N,2,0,1,2,A,-,11,21954,A,N,G,B,D,A,H,-,C,A,0,Y,,,,Y,,N,60,1,0,0,0,1,0,0,0,0,"- ","- ",,,ALAMEDA,OAKLAND,-122.16815185546875,37.741214752197266
9500674,2022,2022-10-13,0109,2022-05-21,2131,9727,2,6,5,7,0109,0,0,0,,0,33X,"LAWLOR ST","90TH AV",100.00,E,N,A,-,N,,,,,,,,,,N,3,0,1,3,A,-,03,22350,,N,B,E,A,A,H,-,C,D,0,,,,,Y,,A,01,0,1,0,0,0,0,0,0,0,"- ","- ",,,ALAMEDA,OAKLAND,-122.15908813476562,37.755626678466797
9501620,2022,2022-10-27,0103,2022-09-29,1600,28,,4,5,6,0103,0,0,0,,0,001,"MONTEREY AV","THE ALAMEDA",0.00,,Y,A,-,N,,,,,,,,,,N,3,0,1,2,A,-,05,21650,1,N,D,G,A,A,H,-,A,A,0,,Y,,,Y,,L,04,0,1,0,0,0,0,1,0,0,"- ","- ",37.888851165771484,-122.27657318115234,ALAMEDA,BERKELEY,-122.27641296386719,37.888046264648438
9501621,2022,2022-10-20,0103,2022-09-27,1410,144,,2,5,6,0103,0,0,0,,0,010,"MARTIN LUTHER KING",CARLETON,0.00,,Y,A,-,N,,,,,,,,,,Y,3,0,1,2,A,-,09,21802,A,N,D,C,A,A,H,-,A,A,0,,,,,Y,,D,22,0,1,0,0,0,0,0,0,0,"- ","- ",,,ALAMEDA,BERKELEY,-122.27180480957031,37.860633850097656
9501622,2022,2022-10-20,0103,2022-09-24,1355,28,,6,5,6,0103,0,0,0,,0,002,"LA LOMA","EL PORTAL CT",295.00,W,N,A,-,N,,,,,,,,,,Y,3,0,1,2,A,-,08,22107,,N,A,C,A,A,H,-,A,A,0,,,,,Y,,A,01,0,1,0,0,0,0,0,0,0,"- ","- ",37.884109497070312,-122.25676727294922,ALAMEDA,BERKELEY,-122.25706481933594,37.883762359619141
9501625,2022,2022-10-20,0103,2022-09-23,1357,136,,5,5,6,0103,0,0,0,,0,002,CRAGMONT,EUCLID,0.00,,Y,A,-,N,,,,,,,,,,N,3,0,1,2,A,-,09,21801,A,N,D,G,A,A,E,-,A,D,0,,Y,,,Y,,A,01,0,1,0,0,0,0,1,0,0,"- ","- ",37.890769958496094,-122.26393127441406,ALAMEDA,BERKELEY,-122.26390075683594,37.8907470703125
9501628,2022,2022-10-20,0103,2022-09-21,1819,S29,,3,5,6,0103,0,0,0,,0,015,"GILMAN AV",9TH,0.00,,Y,A,-,N,,,,,,,,,,N,2,0,1,2,A,-,10,21950,A,N,G,B,B,A,H,-,A,A,0,Y,,,,Y,,D,23,1,0,0,0,1,0,0,0,0,"- ","- ",,,ALAMEDA,BERKELEY,-122.29808807373047,37.880020141601562
9501633,2022,2022-10-20,0103,2022-09-10,0244,120,23,6,5,6,0103,0,0,0,,0,012,DWIGHT,"EDWARDS ST",40.00,W,N,A,-,N,,,,,,,,,,Y,3,0,1,2,A,-,01,23152,A,N,B,E,A,A,H,-,C,D,0,,,,,Y,Y,A,01,0,1,0,0,0,0,0,0,0,"- ","- ",37.861831665039062,-122.28235626220703,ALAMEDA,BERKELEY,-122.2822265625,37.862052917480469
9501635,2022,2022-10-20,0103,2022-09-08,1530,25,,4,5,6,0103,0,0,0,,0,006,BANCROFT,"DANA ST",155.00,E,N,A,-,N,,,,,,,,,,N,3,0,1,2,A,-,08,22107,,F,D,C,A,A,H,-,A,D,0,,,,,Y,,A,01,0,1,0,0,0,0,0,0,0,"- ","- ",37.868171691894531,-122.26120758056641,ALAMEDA,BERKELEY,-122.26093292236328,37.868495941162109
9501637,2022,2022-11-15,0103,2022-09-08,1130,33,,4,5,6,0103,0,0,0,,0,003,OXFORD,"HEARST AV",0.00,,N,A,-,N,,,,,,,,,,Y,3,0,1,3,A,-,21,22106,,N,B,C,A,A,A,D,A,D,0,,,,Y,Y,,A,07,0,1,0,0,0,0,0,0,0,"- ","- ",37.873569488525391,-122.26651763916016,ALAMEDA,BERKELEY,-122.26634979248047,37.874160766601562
9501638,2022,2022-10-20,0103,2022-09-06,0911,7,,2,5,6,0103,0,0,0,,0,016,DELAWARE,SACRAMENTO,0.00,,Y,A,-,N,,,,,,,,,,N,3,0,1,2,A,-,03,22350,,F,C,C,A,A,H,-,A,A,0,,,,,Y,,D,22,0,1,0,0,0,0,0,0,0,"- ","- ",37.873069763183594,-122.28224182128906,ALAMEDA,BERKELEY,-122.2823486328125,37.873062133789062
9501869,2022,2022-10-25,0103,2022-09-22,1217,112,,4,5,6,0103,0,0,0,,0,005,MILVIA,DWIGHT,0.00,,Y,A,-,N,,,,,,,,,,N,3,0,1,2,A,-,09,21800,A,N,D,G,A,A,H,-,A,A,0,,Y,,,Y,,A,07,0,1,0,0,0,0,1,0,0,"- ","- ",37.863349914550781,-122.27030944824219,ALAMEDA,BERKELEY,-122.26985168457031,37.863639831542969
9501871,2022,2022-10-25,0103,2022-09-23,2302,109,28,5,5,6,0103,0,0,0,,0,006,CHANNING,COLLEGE,0.00,,Y,A,-,N,,,,,,,,,,Y,3,0,1,2,A,-,08,22107,,N,A,C,A,A,H,-,C,A,0,,,Y,,Y,,A,01,0,1,0,0,0,0,0,0,0,"- ","- ",37.867488861083984,-122.2542724609375,ALAMEDA,BERKELEY,-122.25428771972656,37.867481231689453
9501872,2022,2022-12-22,0103,2022-09-20,1556,144,,2,5,6,0103,0,0,0,,0,009,ADELINE,HARMON,0.00,,Y,B,-,N,,,,,,,,,,N,3,0,1,2,A,-,09,21801,A,N,D,C,A,A,H,-,A,D,0,,,Y,,Y,,A,01,0,1,0,0,0,0,0,0,1,"- ","- ",,,ALAMEDA,BERKELEY,-122.27114868164062,37.84967041015625
9501874,2022,2022-10-25,0103,2022-09-17,1838,6,4001,6,5,6,0103,0,0,0,,0,009,ADELINE,"HARMON ST",0.00,,Y,A,-,N,,,,,,,,,,Y,3,0,1,2,A,-,03,22350,,N,C,E,A,A,H,-,A,A,0,,,,,Y,,A,01,0,1,0,0,0,0,0,0,0,"- ","- ",37.850681304931641,-122.27069091796875,ALAMEDA,BERKELEY,-122.27114868164062,37.84967041015625
9501875,2022,2022-12-06,0103,2022-09-18,1805,27,,7,5,6,0103,0,0,0,,0,001,"GRIZZLY PEAK",SENIOR,0.00,,Y,C,-,N,,,,,,,,,,Y,2,0,1,3,A,-,03,22350,,N,A,C,A,B,H,-,A,D,0,,,,,Y,,A,01,1,0,0,0,0,0,0,0,0,"- ","- ",37.882251739501953,-122.24862670898438,ALAMEDA,BERKELEY,-122.2489013671875,37.883014678955078
9501876,2022,2022-11-07,0103,2022-09-12,1741,5,,1,5,6,0103,0,0,0,,0,007,PIEDMONT,DWIGHT,0.00,,Y,A,-,N,,,,,,,,,,N,3,0,1,2,A,-,12,21453,A,N,D,C,A,A,H,-,A,A,0,,,Y,,Y,,A,01,0,1,0,0,0,0,0,0,1,"- ","- ",37.866161346435547,-122.25103759765625,ALAMEDA,BERKELEY,-122.25160217285156,37.865871429443359
9501877,2022,2022-11-07,0103,2022-09-13,1757,25,,2,5,6,0103,0,0,0,,0,006,CHANNING,ELLSWORTH,0.00,,Y,A,-,N,,,,,,,,,,N,3,0,3,2,A,-,12,22450,A,N,D,C,A,A,H,-,A,A,0,,,,,Y,,A,07,0,3,0,0,0,0,0,0,0,"- ","- ",37.866321563720703,-122.26335906982422,ALAMEDA,BERKELEY,-122.26332855224609,37.866310119628906
9501878,2022,2022-10-25,0103,2022-09-14,1315,141,,3,5,6,0103,0,0,0,,0,004,UNIVERSITY,"MCGEE ST",24.00,E,N,A,-,N,,,,,,,,,,Y,3,0,2,2,A,-,03,22350,,N,C,C,A,A,H,-,A,D,0,,,,,Y,,A,01,0,1,1,0,0,0,0,0,0,"- ","- ",,,ALAMEDA,BERKELEY,-122.27743530273438,37.871051788330078
9501879,2022,2022-10-25,0103,2022-09-15,1225,94,3901,4,5,6,0103,0,0,0,,0,008,WEBSTER,TELEGRAPH,81.00,E,N,-,-,N,,,,,,,,,,N,3,0,1,2,A,-,21,22106,,F,C,E,A,A,H,-,A,D,0,,,,,Y,,A,01,0,1,0,0,0,0,0,0,0,"- ","- ",37.855190277099609,-122.25981140136719,ALAMEDA,BERKELEY,-122.25959777832031,37.855236053466797
9501880,2022,2022-10-25,0103,2022-09-15,1705,33,,4,5,6,0103,0,0,0,,0,005,PARKER,SACRAMENTO,0.00,,Y,A,-,N,,,,,,,,,,Y,3,0,1,2,A,-,09,21802,A,N,D,C,A,A,H,-,A,A,0,,,,,Y,,A,07,0,1,0,0,0,0,0,0,0,"- ","- ",37.860469818115234,-122.28050231933594,ALAMEDA,BERKELEY,-122.28058624267578,37.860469818115234
9501909,2022,2022-10-24,0103,2022-08-15,1401,13,,1,5,6,0103,0,0,0,,0,004,SACRAMENTO,UNIVERSITY,0.00,,Y,A,-,N,,,,,,,,,,N,3,0,1,2,A,-,11,21456,B,N,G,B,B,A,H,-,A,A,0,Y,,,,Y,,N,60,0,1,0,0,1,0,0,0,0,"- ","- ",37.870410919189453,-122.28193664550781,ALAMEDA,BERKELEY,-122.28204345703125,37.870460510253906
9501910,2022,2022-10-24,0103,2022-08-30,1826,83,23,2,5,6,0103,0,0,0,,0,004,UNIVERSITY,GRANT,0.00,,Y,A,-,N,,,,,,,,,,N,3,0,1,2,A,-,10,21950,A,N,A,B,B,A,H,-,A,D,0,Y,,,,Y,,A,01,0,1,0,0,1,0,0,0,0,"- ","- ",37.871261596679688,-122.27523803710938,ALAMEDA,BERKELEY,-122.27527618408203,37.871334075927734
9502055,2022,2022-10-24,0103,2022-09-09,1743,80,,5,5,6,0103,0,0,0,,0,015,JONES,6TH,0.00,,Y,A,-,N,,,,,,,,,,N,3,0,1,2,A,-,09,21802,A,N,D,C,A,A,-,-,A,A,0,,,,,Y,,A,01,0,1,0,0,0,0,0,0,0,"- ","- ",37.875270843505859,-122.30000305175781,ALAMEDA,BERKELEY,-122.30001831054688,37.875259399414062
9502056,2022,2022-10-24,0103,2022-09-09,2030,25,,5,5,6,0103,0,0,0,,0,006,BANCROFT,"DANA ST",235.00,W,N,A,-,N,,,,,,,,,,N,2,0,1,2,A,-,08,22107,,F,D,G,A,A,H,-,C,D,0,,Y,,,Y,,-,99,1,0,0,0,0,0,1,0,0,"- ","- ",37.868408203125,-122.26145172119141,ALAMEDA,BERKELEY,-122.26226806640625,37.868331909179688
9502058,2022,2022-10-24,0103,2022-09-10,1646,149,35,6,5,6,0103,0,0,0,,0,008,ASHBY,SHATTUCK,0.00,,Y,B,-,N,,,,,,,,,,Y,3,0,1,2,A,-,09,21801,A,N,A,C,A,A,H,-,A,A,0,,,,,Y,,A,01,0,1,0,0,0,0,0,0,0,"- ","- ",37.855300903320312,-122.26648712158203,ALAMEDA,BERKELEY,-122.26651763916016,37.85528564453125
9502059,2022,2022-10-24,0103,2022-09-08,2110,32,37,4,5,6,0103,0,0,0,,0,007,CLAREMONT,RUSSELL,0.00,,Y,A,-,N,,,,,,,,,,N,2,0,2,3,A,-,03,22350,,N,A,B,B,A,H,-,C,D,0,Y,,,,Y,Y,A,01,2,0,0,0,2,0,0,0,0,"- ","- ",37.858959197998047,-122.24530792236328,ALAMEDA,BERKELEY,-122.24457550048828,37.859020233154297
9502060,2022,2022-10-24,0103,2022-09-08,1105,61,28,4,5,6,0103,0,0,0,,0,006,DURANT,"ELLSWORTH ST",305.00,E,N,A,-,N,,,,,,,,,,Y,3,0,1,2,A,-,08,22107,,N,B,C,A,A,H,-,A,D,0,,,,,Y,,A,01,0,1,0,0,0,0,0,0,0,"- ","- ",37.867630004882812,-122.26270294189453,ALAMEDA,BERKELEY,-122.26249694824219,37.867359161376953
9502061,2022,2022-10-26,0103,2022-09-08,1114,7,,4,5,6,0103,0,0,0,,0,013,9TH,"PARKER ST",110.00,N,N,A,-,N,,,,,,,,,,Y,3,0,1,2,A,-,03,22350,,N,C,E,A,A,H,-,A,D,0,,,,,Y,,A,01,0,1,0,0,0,0,0,0,0,"- ","- ",37.858879089355469,-122.291259765625,ALAMEDA,BERKELEY,-122.29135131835938,37.859172821044922
9502062,2022,2022-10-26,0103,2022-09-08,1237,6,19,4,5,6,0103,0,0,0,,0,016,ORDWAY,"GILMAN ST",0.00,,Y,A,-,N,,,,,,,,,,Y,3,0,1,2,A,-,03,22350,,N,F,E,A,A,H,-,A,D,0,,,,,Y,,A,01,0,1,0,0,0,0,0,0,0,"- ","- ",37.880500793457031,-122.28704833984375,ALAMEDA,BERKELEY,-122.28668975830078,37.880649566650391
9502063,2022,2022-10-26,0103,2022-09-05,1953,14,,1,5,6,0103,0,0,0,,0,010,"MLK JR",OREGON,0.00,,Y,A,-,N,,,,,,,,,,N,2,0,1,2,A,-,12,21453,A,N,A,G,A,A,H,-,B,A,0,,Y,,,Y,,L,04,1,0,0,0,0,0,1,0,0,"- ","- ",37.856220245361328,-122.27416229248047,ALAMEDA,BERKELEY,-122.27143096923828,37.857032775878906
9502064,2022,2022-11-22,0103,2022-09-03,1325,27,,6,5,6,0103,0,0,0,,0,006,"DURANT AV","DANA ST",210.00,E,N,A,-,N,,,,,,,,,,Y,3,0,1,3,A,-,03,22350,,N,A,C,A,A,H,-,A,D,0,,,,,Y,,A,01,0,1,0,0,0,0,0,0,0,"- ","- ",37.867160797119141,-122.26036071777344,ALAMEDA,BERKELEY,-122.26054382324219,37.867630004882812
9502065,2022,2022-10-26,0103,2022-09-04,2110,88,28,7,5,6,0103,0,0,0,,0,006,BANCROFT,"ELLSWORTH ST",0.00,,Y,A,-,N,,,,,,,,,,N,3,0,1,1,A,-,03,22350,,N,E,-,A,A,H,-,C,D,0,,Y,,,Y,,L,04,0,1,0,0,0,0,1,0,0,"- ","- ",37.867881774902344,-122.26323699951172,ALAMEDA,BERKELEY,-122.26374816894531,37.868167877197266
9502066,2022,2022-11-22,0103,2022-09-03,1222,112,,6,5,6,0103,0,0,0,,0,006,CHANNING,COLLEGE,0.00,,Y,A,-,N,,,,,,,,,,N,2,0,1,2,A,-,12,21453,A,N,D,C,A,A,H,-,A,A,0,,,,,Y,,M,94,1,0,0,0,0,0,0,0,0,"- ","- ",37.867488861083984,-122.2542724609375,ALAMEDA,BERKELEY,-122.25428771972656,37.867481231689453
9502067,2022,2022-10-26,0103,2022-09-02,1244,100,,5,5,6,0103,0,0,0,,0,008,DANA,WOOLSEY,0.00,,Y,A,-,N,,,,,,,,,,N,3,0,1,2,A,-,09,21801,A,N,B,G,A,A,H,-,A,A,0,,Y,,,Y,,L,04,0,1,0,0,0,0,1,0,0,"- ","- ",37.853168487548828,-122.25833892822266,ALAMEDA,BERKELEY,-122.25832366943359,37.853179931640625
9502068,2022,2022-10-26,0103,2022-09-02,1317,108,,5,5,6,0103,0,0,0,,0,013,6TH,CHANNING,0.00,,Y,A,-,N,,,,,,,,,,Y,3,0,3,3,A,-,09,21802,A,N,D,C,A,A,H,-,A,D,0,,,,,Y,,A,01,0,3,0,0,0,0,0,0,0,"- ","- ",37.861740112304688,-122.29564666748047,ALAMEDA,BERKELEY,-122.29566955566406,37.861747741699219
9502069,2022,2022-10-26,0103,2022-09-01,0433,70,,4,5,6,0103,0,0,0,,0,006,TELEGRAPH,HASTE,0.00,,Y,A,-,N,,,,,,,,,,Y,3,0,1,2,A,-,12,21457,A,F,D,C,A,A,H,-,C,A,0,,,,,Y,,A,07,0,1,0,0,0,0,0,0,0,"- ","- ",37.865131378173828,-122.25840759277344,ALAMEDA,BERKELEY,-122.25865173339844,37.866031646728516
9502070,2022,2022-10-26,0103,2022-09-24,1539,55,,6,5,6,0103,0,0,0,,0,004,ALLSTON,CALIFORNIA,0.00,,Y,A,-,N,,,,,,,,,,,3,0,1,1,A,-,03,22350,,N,C,E,A,A,H,-,A,D,0,,Y,,,Y,,L,04,0,1,0,0,0,0,1,0,0,"- ","- ",37.86798095703125,-122.28005218505859,ALAMEDA,BERKELEY,-122.27947998046875,37.867885589599609
9502071,2022,2022-10-26,0103,2022-09-25,0210,29,31,7,5,6,0103,0,0,0,,0,012,DWIGHT,"VALLEY ST",87.00,W,N,A,-,N,,,,,,,,,,Y,3,0,1,3,A,-,01,23152,A,N,B,E,A,A,H,-,C,D,0,,,,,Y,Y,A,01,0,1,0,0,0,0,0,0,0,"- ","- ",37.861961364746094,-122.28423309326172,ALAMEDA,BERKELEY,-122.28408813476562,37.861804962158203
9502074,2022,2022-10-31,0103,2022-09-28,1205,94,15,3,5,6,0103,0,0,0,,0,002,EUCLID,KEITH,35.00,S,N,A,-,N,,,,,,,,,,N,3,0,1,2,A,-,06,21750,,F,C,G,A,A,H,-,A,D,0,,Y,,,Y,,A,07,0,1,0,0,0,0,1,0,0,"- ","- ",37.890541076660156,-122.26319885253906,ALAMEDA,BERKELEY,-122.26315307617188,37.890472412109375
9502076,2022,2022-10-27,0103,2022-09-29,1500,56,27,4,5,6,0103,0,0,0,,0,006,COLLEGE,DURANT,0.00,,Y,A,-,N,,,,,,,,,,N,3,0,1,2,A,-,12,21453,A,F,D,J,A,A,H,-,A,A,0,,,,,Y,,M,94,0,1,0,0,0,0,0,0,0,"- ","- ",37.868389129638672,-122.25443267822266,ALAMEDA,BERKELEY,-122.25447082519531,37.868362426757812
9502077,2022,2022-10-27,0103,2022-09-29,1644,S29,17,4,5,6,0103,0,0,0,,0,002,CEDAR,OXFORD,0.00,,Y,A,-,N,,,,,,,,,,N,3,0,1,2,A,-,10,21950,A,N,D,B,B,A,H,-,A,A,0,Y,,,,Y,,A,01,0,1,0,0,1,0,0,0,0,"- ","- ",,,ALAMEDA,BERKELEY,-122.26686859130859,37.878696441650391
9502078,2022,2022-10-27,0103,2022-09-24,1335,73,26,6,5,6,0103,0,0,0,,0,004,UNIVERSITY,OXFORD,0.00,,Y,A,-,N,,,,,,,,,,N,3,0,1,2,A,-,08,22107,,N,B,G,A,A,H,-,A,A,0,,Y,,,Y,,A,08,0,1,0,0,0,0,1,0,0,"- ","- ",37.872451782226562,-122.26608276367188,ALAMEDA,BERKELEY,-122.26616668701172,37.872486114501953
9502079,2022,2022-10-31,0103,2022-09-21,1504,104,37,3,5,6,0103,0,0,0,,0,007,COLLEGE,"DWIGHT WY",360.00,S,N,A,-,N,,,,,,,,,,N,3,0,1,2,A,-,09,21801,A,N,D,C,A,A,H,-,A,D,0,,,Y,,Y,,A,07,0,1,0,0,0,0,0,0,1,"- ","- ",37.8643798828125,-122.25343322753906,ALAMEDA,BERKELEY,-122.25380706787109,37.864704132080078
9502080,2022,2022-10-31,0103,2022-09-21,1720,87,19,3,5,6,0103,0,0,0,,0,016,GILMAN,CORNELL,0.00,,Y,A,-,N,,,,,,,,,,N,3,0,1,2,A,-,21,22106,,N,C,C,A,A,H,-,A,A,0,,,,,Y,,A,01,0,1,0,0,0,0,0,0,0,"- ","- ",37.881008148193359,-122.293212890625,ALAMEDA,BERKELEY,-122.29319000244141,37.881019592285156
9502720,2022,2022-09-16,0109,2022-05-18,1845,9169,1,3,5,7,0109,0,0,0,,0,03X,"12TH ST","CASTRO ST",0.00,,Y,A,-,N,,,,,,,,,,N,2,0,1,2,A,-,12,21453,A,N,D,G,A,A,H,-,A,A,0,,Y,,,Y,,L,04,1,0,0,0,0,0,1,0,0,"- ","- ",,,ALAMEDA,OAKLAND,-122.27799987792969,37.805255889892578
9502729,2022,2022-09-16,0109,2022-06-23,1631,9924,1,4,5,7,0109,0,0,0,,0,03X,"MADISON ST","12TH ST",12.00,S,N,A,-,N,,,,,,,,,,N,3,0,1,2,A,-,11,21954,A,N,A,B,D,A,H,-,A,A,0,Y,,,,Y,,N,60,0,1,0,0,1,0,0,0,0,"- ","- ",,,ALAMEDA,OAKLAND,-122.26493072509766,37.80010986328125
9503038,2022,2022-09-19,0109,2022-02-20,1636,9975,1,7,5,7,0109,0,0,0,,0,12X,BROADWAY,"42ND ST",0.00,,Y,A,-,N,,,,,,,,,,Y,3,0,2,2,A,-,12,21453,A,N,D,C,A,A,H,-,A,A,0,,,,,Y,,A,01,0,1,1,0,0,0,0,0,0,"- ","- ",,,ALAMEDA,OAKLAND,-122.25437927246094,37.83123779296875