CASE_ID,ACCIDENT_YEAR,PROC_DATE,JURIS,COLLISION_DATE,COLLISION_TIME,OFFICER_ID,REPORTING_DISTRICT,DAY_OF_WEEK,CHP_SHIFT,POPULATION,CNTY_CITY_LOC,SPECIAL_COND,BEAT_TYPE,CHP_BEAT_TYPE,CITY_DIVISION_LAPD,CHP_BEAT_CLASS,BEAT_NUMBER,PRIMARY_RD,SECONDARY_RD,DISTANCE,DIRECTION,INTERSECTION,WEATHER_1,WEATHER_2,STATE_HWY_IND,CALTRANS_COUNTY,CALTRANS_DISTRICT,STATE_ROUTE,ROUTE_SUFFIX,POSTMILE_PREFIX,POSTMILE,LOCATION_TYPE,RAMP_INTERSECTION,SIDE_OF_HWY,TOW_AWAY,COLLISION_SEVERITY,NUMBER_KILLED,NUMBER_INJURED,PARTY_COUNT,PRIMARY_COLL_FACTOR,PCF_CODE_OF_VIOL,PCF_VIOL_CATEGORY,PCF_VIOLATION,PCF_VIOL_SUBSECTION,HIT_AND_RUN,TYPE_OF_COLLISION,MVIW,PED_ACTION,ROAD_SURFACE,ROAD_COND_1,ROAD_COND_2,LIGHTING,CONTROL_DEVICE,CHP_ROAD_TYPE,PEDESTRIAN_ACCIDENT,BICYCLE_ACCIDENT,MOTORCYCLE_ACCIDENT,TRUCK_ACCIDENT,NOT_PRIVATE_PROPERTY,ALCOHOL_INVOLVED,STWD_VEHTYPE_AT_FAULT,CHP_VEHTYPE_AT_FAULT,COUNT_SEVERE_INJ,COUNT_VISIBLE_INJ,COUNT_COMPLAINT_PAIN,COUNT_PED_KILLED,COUNT_PED_INJURED,COUNT_BICYCLIST_KILLED,COUNT_BICYCLIST_INJURED,COUNT_MC_KILLED,COUNT_MC_INJURED,PRIMARY_RAMP,SECONDARY_RAMP,LATITUDE,LONGITUDE,COUNTY,CITY,POINT_X,POINT_Y
9504015,2022,2022-10-13,0103,2022-06-11,0003,104,"40 01",6,5,6,0103,0,0,0,,0,009,"MLK JR","STANFORD AV",0.00,,Y,A,-,N,,,,,,,,,,Y,1,1,0,1,A,-,01,23152,B,N,E,I,A,A,H,-,C,A,0,,,Y,,Y,Y,C,02,0,0,0,0,0,0,0,1,0,"- ","- ",37.848751068115234,-122.27144622802734,ALAMEDA,BERKELEY,-122.27302551269531,37.846187591552734
9504023,2021,2023-06-20,0103,2021-07-26,2156,104,3901,1,5,6,0103,0,0,0,,0,008,"RT 13","NEWBURY ST",0.00,,Y,A,-,Y,ALA,4,13,-,-,12.110,H,-,S,Y,1,1,3,4,A,-,10,21950,A,N,G,B,D,A,H,-,C,D,0,Y,,,,Y,,A,07,1,2,0,1,2,0,0,0,0,"- ","- ",37.855449676513672,-122.26686096191406,ALAMEDA,BERKELEY,-122.26724243164062,37.855205535888672
9504156,2022,2022-11-08,0109,2022-04-22,0700,9733,1,5,5,7,0109,0,0,0,,0,04X,"TELEGRAPH AV","20TH ST",0.00,,Y,A,C,N,,,,,,,,,,N,1,1,0,2,A,-,10,21950,A,N,G,B,B,B,H,-,A,A,0,Y,,,,Y,,A,01,0,0,0,1,0,0,0,0,0,"- ","- ",,,ALAMEDA,OAKLAND,-122.26958465576172,37.809532165527344
9504162,2022,2022-09-30,0103,2022-08-05,0037,32,,5,5,6,0103,0,0,0,,0,016,"GILMAN ST","RT 123",0.00,,Y,A,-,Y,ALA,4,123,-,-,3.980,I,5,S,N,3,0,1,2,A,-,09,21801,A,N,D,G,A,A,H,-,C,A,0,,Y,,,Y,Y,A,01,0,1,0,0,0,0,1,0,0,"- ","- ",37.880470275878906,-122.29579925537109,ALAMEDA,BERKELEY,-122.2958984375,37.880466461181641
9504166,2022,2022-09-27,0103,2022-08-09,1315,118,,2,5,6,0103,0,0,0,,0,008,"TELEGRAPH AV","WARD ST",0.00,,Y,A,-,N,,,,,,,,,,N,3,0,2,2,A,-,09,21801,A,N,C,C,A,B,C,-,A,A,0,,,,,Y,,A,01,0,2,0,0,0,0,0,0,0,"- ","- ",37.860458374023438,-122.25907897949219,ALAMEDA,BERKELEY,-122.25907897949219,37.860462188720703
9504170,2022,2022-09-30,0103,2022-08-22,0811,104,20,1,5,6,0103,0,0,0,,0,014,"ASHBY AV","SAN PABLO AV",0.00,,Y,A,-,Y,ALA,4,13,-,-,13.180,I,5,N,Y,3,0,5,2,A,-,03,22350,,N,D,C,A,A,H,-,A,A,0,,,,,Y,,A,01,0,5,0,0,0,0,0,0,0,"- ","- ",37.852138519287109,-122.28668212890625,ALAMEDA,BERKELEY,-122.28667449951172,37.852169036865234
9504174,2022,2022-09-30,0103,2022-08-31,1715,46,,3,5,6,0103,0,0,0,,0,013,"RT 123","DWIGHT WY",0.00,,Y,A,-,Y,ALA,4,123,-,-,2.580,H,-,S,,3,0,1,2,A,-,03,22350,,N,C,C,A,-,H,-,A,A,0,,,,,Y,,A,01,0,1,0,0,0,0,0,0,0,"- ","- ",37.861198425292969,-122.28999328613281,ALAMEDA,BERKELEY,-122.28971099853516,37.861244201660156
9504237,2022,2022-09-30,0103,2022-08-04,2115,83,31,4,5,6,0103,0,0,0,,0,013,"67TH ST","SAN PABLO AV",0.00,,Y,A,-,Y,ALA,4,123,-,-,1.750,I,5,S,Y,3,0,1,2,A,-,03,22350,,F,D,C,A,A,H,-,C,A,0,,,,,Y,,A,01,0,1,0,0,0,0,0,0,0,"- ","- ",37.866531372070312,-122.28878021240234,ALAMEDA,BERKELEY,-122.28598785400391,37.849685668945312
9504705,2022,2022-10-26,0109,2022-07-05,1420,9821,1,2,5,7,0109,0,0,0,,0,07X,"26TH ST","MARKET ST",0.00,,Y,A,-,N,,,,,,,,,,N,3,0,1,2,A,-,10,21950,A,M,G,B,B,A,H,-,A,A,0,Y,,,,Y,,A,01,0,1,0,0,1,0,0,0,0,"- ","- ",,,ALAMEDA,OAKLAND,-122.27754974365234,37.817497253417969
9504706,2022,2022-10-25,0109,2022-07-16,2010,9960,1,6,5,7,0109,0,0,0,,0,06X,"36TH ST","WEST ST",0.00,,Y,F,-,N,,,,,,,,,,N,3,0,1,2,D,-,00,,,N,G,B,F,A,H,-,A,A,0,Y,,,,Y,,-,"- ",0,1,0,0,1,0,0,0,0,"- ","- ",,,ALAMEDA,OAKLAND,-122.27214050292969,37.825630187988281
9504708,2022,2022-10-26,0109,2022-07-15,0658,9969,2,5,5,7,0109,0,0,0,,0,30X,"MACARTHUR BL","PARKER AV",5.00,E,N,A,-,N,,,,,,,,,,N,3,0,1,2,A,-,08,22107,,N,A,C,A,A,H,-,A,A,0,,,,,Y,,A,01,0,1,0,0,0,0,0,0,0,"- ","- ",,,ALAMEDA,OAKLAND,-122.16774749755859,37.765998840332031
9504744,2022,2022-10-28,0109,2022-06-02,1316,9940,1,4,5,7,0109,0,0,0,,0,02X,"8TH ST","ADELINE ST",0.00,,Y,A,-,N,,,,,,,,,,Y,3,0,2,2,A,-,12,21453,A,N,F,C,A,A,H,-,A,A,0,,,,,Y,,A,01,0,1,1,0,0,0,0,0,0,"- ","- ",,,ALAMEDA,OAKLAND,-122.28782653808594,37.804851531982422
9504756,2022,2022-11-22,0109,2022-06-12,2108,9897,2,7,5,7,0109,0,0,0,,0,23X,"SAN LEANDRO ST","35TH AV",8.00,S,N,A,-,N,,,,,,,,,,Y,2,0,1,2,A,-,03,22350,,N,A,C,A,A,H,-,C,A,0,,,Y,,Y,,C,03,1,0,0,0,0,0,0,0,1,"- ","- ",,,ALAMEDA,OAKLAND,-122.22423553466797,37.774017333984375
9504778,2022,2022-10-31,0109,2022-06-12,2310,9828,2,7,5,7,0109,0,0,0,,0,34X,"BANCROFT AV","86TH AV",0.00,,Y,A,-,N,,,,,,,,,,Y,3,0,1,2,A,-,03,22350,,M,D,C,A,A,H,-,C,B,0,,,,,Y,,A,01,0,1,0,0,0,0,0,0,0,"- ","- ",,,ALAMEDA,OAKLAND,-122.16825866699219,37.756855010986328
9504779,2022,2022-10-31,0109,2022-06-06,1248,9984,1,1,5,7,0109,0,0,0,,0,18X,"19TH AV","27TH ST",0.00,,Y,A,-,N,,,,,,,,,,Y,2,0,1,3,A,-,03,22350,,N,A,E,A,A,H,-,A,A,0,,,,,Y,,A,07,1,0,0,0,0,0,0,0,0,"- ","- ",,,ALAMEDA,OAKLAND,-122.23191070556641,37.795986175537109
9504782,2022,2022-10-31,0109,2022-06-10,1810,9516,1,5,5,7,0109,0,0,0,,0,03X,"14TH ST","HARRISON ST",0.00,,Y,A,-,N,,,,,,,,,,N,3,0,1,2,A,-,08,22107,,M,B,C,A,A,H,-,A,A,0,,,Y,,Y,,A,01,0,1,0,0,0,0,0,0,1,"- ","- ",,,ALAMEDA,OAKLAND,-122.26760101318359,37.802906036376953
9505412,2022,2022-10-19,0109,2022-07-08,2036,9943,1,5,5,7,0109,0,0,0,,0,19X,"16TH AV","INTERNATONAL BL",0.00,,Y,A,-,N,,,,,,,,,,N,3,0,2,3,A,-,12,21453,A,N,D,C,A,A,H,-,B,A,0,,,,,Y,,A,07,0,1,1,0,0,0,0,0,0,"- ","- ",,,ALAMEDA,OAKLAND,-122.24417114257812,37.788337707519531
9505436,2022,2022-10-31,0109,2022-06-07,1347,9638,1,2,5,7,0109,0,0,0,,0,05X,"20TH ST","WILLOW ST",80.00,W,N,A,-,N,,,,,,,,,,N,2,0,1,2,A,-,03,22350,,F,A,C,A,A,H,-,A,D,0,,,,,Y,,A,07,1,0,0,0,0,0,0,0,0,"- ","- ",,,ALAMEDA,OAKLAND,-122.29350280761719,37.81683349609375
9507161,2022,2022-10-31,0109,2022-09-15,1720,9173,1,4,5,7,0109,0,0,0,,0,10X,"MARTIN LUTHER KING JR WY","45TH ST",0.00,,Y,A,-,N,,,,,,,,,,Y,3,0,2,3,A,-,12,21453,A,N,D,C,A,A,-,-,A,A,0,,,,,Y,,A,07,0,1,1,0,0,0,0,0,0,"- ","- ",,,ALAMEDA,OAKLAND,-122.26744842529297,37.833568572998047
9508614,2022,2022-10-24,0109,2022-06-30,1727,9924,1,4,5,7,0109,0,0,0,,0,05X,"W GRAND AV","POPLAR ST",100.00,W,N,A,-,N,,,,,,,,,,N,3,0,1,1,A,-,03,22350,,N,E,I,A,A,A,B,A,A,0,,,Y,,Y,,C,02,0,1,0,0,0,0,0,0,1,"- ","- ",,,ALAMEDA,OAKLAND,-122.28744506835938,37.816303253173828
9510535,2022,2023-01-31,0103,2022-10-31,1730,140,,1,5,6,0103,0,0,0,,0,005,"FULTON ST","FULTON ST 2606",0.00,,N,A,-,N,,,,,,,,,,N,3,0,1,2,A,-,17,22517,,N,H,G,A,A,H,-,A,A,0,,Y,,,Y,,A,01,0,1,0,0,0,0,1,0,0,"- ","- ",37.862049102783203,-122.26502227783203,ALAMEDA,BERKELEY,-122.26481800000001,37.861975000000001
9510537,2022,2022-12-21,0103,2022-10-30,1911,149,37,7,5,6,0103,0,0,0,,0,007,COLLEGE,"DWIGHT CRES",0.00,,Y,A,-,N,,,,,,,,,,Y,3,0,1,3,A,-,09,21801,A,F,A,C,A,A,H,-,A,A,0,,,,,Y,,A,01,0,1,0,0,0,0,0,0,0,"- ","- ",37.865718841552734,-122.25389862060547,ALAMEDA,BERKELEY,-122.25391387939453,37.865692138671875
9513094,2022,2022-10-31,0109,2022-01-04,2013,9516,1,2,5,7,0109,0,0,0,,0,06X,"WEST ST","31ST ST",2.00,S,N,A,-,N,,,,,,,,,,N,3,0,2,2,A,-,03,22350,,N,C,C,A,B,-,-,C,B,0,,,,,Y,,A,01,0,2,0,0,0,0,0,0,0,"- ","- ",,,ALAMEDA,OAKLAND,-122.27330780029297,37.82098388671875
9513820,2022,2022-12-09,0103,2022-10-26,1729,14,,3,5,6,0103,0,0,0,,0,008,"ASHBY AV","HILLEGASS AV",0.00,,Y,A,-,Y,ALA,4,13,-,-,11.370,I,5,N,N,3,0,1,2,A,-,09,21802,A,N,A,C,A,A,H,-,A,A,0,,,,,Y,,A,01,0,1,0,0,0,0,0,0,0,"- ","- ",37.856731414794922,-122.2554931640625,ALAMEDA,BERKELEY,-122.25550079345703,37.856735229492188
9513828,2022,2022-12-05,0103,2022-10-31,0026,120,35,1,5,6,0103,0,0,0,,0,009,"RT 13","MARTIN LUTHER KING JR WY",0.00,,Y,A,-,Y,ALA,4,13,-,-,12.330,H,-,S,N,3,0,1,2,A,-,03,22350,,N,C,C,A,A,H,-,C,A,0,,,,,Y,,A,01,0,1,0,0,0,0,0,0,0,"- ","- ",37.854320526123047,-122.27108001708984,ALAMEDA,BERKELEY,-122.27131652832031,37.854255676269531
9516066,2022,2022-12-15,0109,2022-11-03,1157,9929,1,4,5,7,0109,0,0,0,,0,07X,"36TH ST","SAN PABLO AV",0.00,,Y,A,-,N,,,,,,,,,,N,3,0,1,2,A,-,10,21950,A,F,G,B,B,A,H,-,A,A,0,Y,,,,Y,,A,07,0,1,0,0,1,0,0,0,0,"- ","- ",,,ALAMEDA,OAKLAND,-122.27863311767578,37.827037811279297
9516067,2022,2022-12-15,0109,2022-11-05,2200,9220,1,6,5,7,0109,0,0,0,,0,09X,BROADWAY,"BROOKE ST",0.00,,Y,A,-,N,,,,,,,,,,N,2,0,1,2,A,-,03,22350,,F,D,C,A,B,H,-,C,A,0,,,,,Y,,A,07,1,0,0,0,0,0,0,0,0,"- ","- ",,,ALAMEDA,OAKLAND,-122.26100921630859,37.820545196533203
9516070,2022,2022-12-15,0109,2022-11-03,1555,9889,1,4,5,7,0109,0,0,0,,0,07X,"HOLLIS ST","MANDELA PKWY",0.00,,Y,A,-,N,,,,,,,,,,N,3,0,2,2,A,-,09,21802,A,N,D,C,A,A,H,-,A,D,0,,,,,Y,,A,01,0,1,1,0,0,0,0,0,0,"- ","- ",,,ALAMEDA,OAKLAND,-122.285027,37.828657999999997
9516101,2022,2022-12-14,0109,2022-10-07,1800,9377,1,5,5,7,0109,0,0,0,,0,19X,"INTERNATIONAL BL","4TH AV",0.00,,Y,A,-,N,,,,,,,,,,Y,3,0,1,2,A,-,06,21750,,M,B,C,A,A,H,-,A,A,0,,,Y,,Y,,C,02,0,1,0,0,0,0,0,0,1,"- ","- ",,,ALAMEDA,OAKLAND,-122.25466156005859,37.796482086181641
9516105,2022,2022-12-14,0109,2022-10-01,1917,10017,2,6,5,7,0109,0,0,0,,0,31Z,"105TH AV","PIPPIN ST",0.00,,Y,A,-,N,,,,,,,,,,N,3,0,3,3,A,-,12,22450,A,F,D,C,A,A,H,-,C,A,0,,,,,Y,,A,01,0,2,1,0,0,0,0,0,0,"- ","- ",,,ALAMEDA,OAKLAND,-122.17591857910156,37.7349853515625
9516106,2022,2022-12-14,0109,2022-10-28,1953,9929,1,5,5,7,0109,0,0,0,,0,02X,"FILBERT ST","7TH ST",15.00,N,N,A,-,N,,,,,,,,,,N,3,0,1,2,A,-,11,21954,A,N,G,B,E,A,H,-,C,D,0,Y,,,,Y,Y,N,60,0,1,0,0,1,0,0,0,0,"- ","- ",,,ALAMEDA,OAKLAND,-122.28501129150391,37.803138732910156
9516603,2022,2022-12-27,0109,2022-11-29,1824,8585,2,2,5,7,0109,0,0,0,,0,24X,"FOOTHILL BL","38TH AV",4.00,W,N,A,-,N,,,,,,,,,,N,3,0,1,4,A,-,10,21950,A,F,B,-,B,A,H,-,C,A,0,Y,,,,Y,,D,22,0,1,0,0,1,0,0,0,0,"- ","- ",,,ALAMEDA,OAKLAND,-122.21670532226562,37.779029846191406
9516691,2022,2022-12-13,0109,2022-10-26,1530,9929,1,3,5,7,0109,0,0,0,,0,04X,BROADWAY,"20TH ST",0.00,,Y,A,-,N,,,,,,,,,,N,3,0,1,2,A,-,10,21950,A,N,G,B,B,A,H,-,A,A,0,Y,,,,Y,,A,01,0,1,0,0,1,0,0,0,0,"- ","- ",,,ALAMEDA,OAKLAND,-122.26823425292969,37.809055328369141
9516898,2022,2022-12-15,0109,2022-03-22,0012,9963,1,2,5,7,0109,0,0,0,,0,06X,"MARKET ST","W MACARTHUR BL",200.00,S,N,A,-,N,,,,,,,,,,Y,2,0,1,3,A,-,03,22350,,N,C,E,A,A,H,-,C,A,0,,,,,Y,Y,A,01,1,0,0,0,0,0,0,0,0,"- ","- ",,,ALAMEDA,OAKLAND,-122.27472686767578,37.827449798583984
9516912,2022,2022-12-15,0109,2022-09-20,0845,10044,2,2,5,7,0109,0,0,0,,0,21Y,"E 23RD ST","FRUITVALE AV",10.00,S,N,A,-,N,,,,,,,,,,N,3,0,1,2,A,-,08,22107,,N,H,C,A,A,H,-,A,A,0,,,Y,,Y,,C,02,0,1,0,0,0,0,0,0,1,"- ","- ",,,ALAMEDA,OAKLAND,-122.22203826904297,37.785415649414062
9518822,2022,2023-02-10,0103,2022-12-30,1452,26,,5,5,6,0103,0,0,0,,0,016,"SAN PABLO",CEDAR,0.00,,Y,C,-,Y,ALA,4,123,-,-,3.590,H,-,N,N,3,0,1,2,A,-,03,22350,,N,C,C,A,B,H,-,A,A,0,,,,,Y,,D,22,0,1,0,0,0,0,0,0,0,"- ","- ",37.875198364257812,-122.29409027099609,ALAMEDA,BERKELEY,-122.29405212402344,37.87506103515625
9518857,2022,2023-02-10,0103,2022-12-08,2010,155,,4,5,6,0103,0,0,0,,0,015,"RT 123","HARRISON ST",0.00,,Y,B,C,Y,ALA,4,123,-,-,4.110,I,5,S,Y,3,0,2,2,A,-,09,21801,A,N,D,C,A,B,H,-,C,D,0,,,,Y,Y,,G,27,0,2,0,0,0,0,0,0,0,"- ","- ",37.882488250732422,-122.29692840576172,ALAMEDA,BERKELEY,-122.29646301269531,37.882236480712891
9518869,2022,2023-02-14,0103,2022-12-26,1000,37,,1,5,6,0103,0,0,0,,0,013,ASHBY,"7TH ST",39.00,W,N,A,-,Y,ALA,4,13,-,-,13.460,H,-,S,,3,0,1,3,A,-,03,22350,,F,C,C,A,A,H,-,A,A,0,,,,,Y,,A,01,0,1,0,0,0,0,0,0,0,"- ","- ",37.851009368896484,-122.29109954833984,ALAMEDA,BERKELEY,-122.29142761230469,37.850898742675781
9518877,2022,2023-02-14,0103,2022-12-29,1919,25,,4,5,6,0103,0,0,0,,0,014,UNIVERSITY,"W FRONTAGE RD",650.00,E,N,C,-,N,,,,,,,,,,Y,3,0,1,2,A,-,08,22107,,N,B,C,A,B,H,-,C,D,0,,,,,Y,,D,22,0,1,0,0,0,0,0,0,0,"- ","- ",37.8668212890625,-122.30371856689453,ALAMEDA,BERKELEY,-122.30335998535156,37.866832733154297
9518996,2022,2023-02-02,0109,2022-11-04,0756,9996,1,5,5,7,0109,0,0,0,,0,04X,"LAKESIDE DR","HARRISON ST",0.00,,Y,A,-,N,,,,,,,,,,N,3,0,1,2,A,-,12,22450,A,N,G,G,A,A,H,-,A,A,0,,Y,,,Y,,A,01,0,1,0,0,0,0,1,0,0,"- ","- ",,,ALAMEDA,OAKLAND,-122.26361846923828,37.808433532714844
9518999,2022,2023-02-02,0109,2022-11-19,0005,9945,2,6,5,7,0109,0,0,0,,0,30Y,"MACARTHUR BL","78TH AV",30.00,E,N,A,-,N,,,,,,,,,,N,2,0,2,4,A,-,01,23152,A,F,C,E,E,A,H,-,C,A,0,Y,,,,Y,Y,A,01,1,0,1,0,1,0,0,0,0,"- ","- ",,,ALAMEDA,OAKLAND,-122.16820526123047,37.766487121582031
9519003,2022,2023-02-02,0109,2022-11-26,1951,9727,2,6,5,7,0109,0,0,0,,0,32X,"FOOTHILL BL","108TH AV",20.00,E,N,A,-,N,,,,,,,,,,N,3,0,2,3,A,-,03,22350,,N,B,C,A,A,H,-,C,D,0,,,Y,,Y,,C,02,0,1,1,0,0,0,0,0,1,"- ","- ",,,ALAMEDA,OAKLAND,-122.14717864990234,37.743171691894531
9519137,2022,2023-02-09,0103,2022-12-31,1700,87,17,6,5,6,0103,0,0,0,,0,001,SHATTUCK,CEDAR,0.00,,Y,C,-,N,,,,,,,,,,N,2,0,1,2,B,-,22,,,N,G,B,F,B,G,-,D,D,0,Y,,,,Y,,A,01,1,0,0,0,1,0,0,0,0,"- ","- ",37.878768920898438,-122.26997375488281,ALAMEDA,BERKELEY,-122.26914215087891,37.878406524658203
9519138,2022,2023-02-07,0103,2022-12-30,2228,15,,5,5,6,0103,0,0,0,,0,005,SHATTUCK,CHANNING,0.00,,Y,C,-,N,,,,,,,,,,Y,3,0,2,2,A,-,01,23152,A,N,D,C,A,B,H,-,C,A,0,,,,,Y,Y,A,01,0,2,0,0,0,0,0,0,0,"- ","- ",37.865779876708984,-122.267578125,ALAMEDA,BERKELEY,-122.26761627197266,37.865779876708984
9519139,2022,2023-02-07,0103,2022-12-30,1613,55,29,5,5,6,0103,0,0,0,,0,004,OXFORD,CENTER,0.00,,Y,C,-,N,,,,,,,,,,Y,3,0,3,2,A,-,12,21453,A,N,D,C,A,B,H,-,A,A,0,,,,,Y,,A,01,0,2,1,0,0,0,0,0,0,"- ","- ",37.870578765869141,-122.26587677001953,ALAMEDA,BERKELEY,-122.26593780517578,37.870586395263672
9519140,2022,2023-02-07,0103,2022-12-29,1845,61,20,4,5,6,0103,0,0,0,,0,013,9TH,"CARLETON ST",91.00,N,N,-,-,N,,,,,,,,,,N,3,0,1,2,A,-,11,21954,A,N,G,B,D,B,A,H,C,D,0,Y,,,,Y,,N,60,0,1,0,0,1,0,0,0,0,"- ","- ",37.857498168945312,-122.29081726074219,ALAMEDA,BERKELEY,-122.2908935546875,37.857734680175781
9519141,2022,2023-02-02,0103,2022-12-28,1432,122,,3,5,6,0103,0,0,0,,0,002,VIRGINIA,OXFORD,0.00,,Y,A,-,N,,,,,,,,,,Y,3,0,1,2,A,-,12,22450,A,N,D,C,A,A,H,-,A,A,0,,,,,Y,,A,01,0,1,0,0,0,0,0,0,0,"- ","- ",37.876888275146484,-122.26666259765625,ALAMEDA,BERKELEY,-122.26666259765625,37.876869201660156
9519142,2022,2023-02-02,0103,2022-12-26,1859,122,,1,5,6,0103,0,0,0,,0,001,SOLANO,TULARE,0.00,,Y,A,-,N,,,,,,,,,,N,3,0,1,2,A,-,10,21950,A,F,B,B,B,-,H,-,C,D,0,Y,,,,Y,,A,01,0,1,0,0,1,0,0,0,0,"- ","- ",37.891429901123047,-122.28256225585938,ALAMEDA,BERKELEY,-122.28241729736328,37.891197204589844
9519143,2022,2023-02-02,0103,2022-12-23,1307,119,35,5,5,6,0103,0,0,0,,0,010,WARD,"MARTIN LUTHER KING JR",0.00,,Y,A,-,N,,,,,,,,,,N,3,0,1,2,A,-,08,22107,,N,G,G,A,A,H,-,A,D,0,,Y,,,Y,,L,04,0,1,0,0,0,0,1,0,0,"- ","- ",37.858860015869141,-122.27159881591797,ALAMEDA,BERKELEY,-122.27162933349609,37.858840942382812
9519144,2022,2023-02-02,0103,2022-12-23,0930,124,23,5,5,6,0103,0,0,0,,0,005,SACRAMENTO,DWIGHT,0.00,,Y,A,-,N,,,,,,,,,,Y,3,0,1,2,A,-,03,22350,,N,C,E,A,A,H,-,A,D,0,,,,,Y,,A,01,0,1,0,0,0,0,0,0,0,"- ","- ",,,ALAMEDA,BERKELEY,-122.28118896484375,37.862190246582031
9519145,2022,2023-02-02,0103,2022-12-21,2012,119,24,3,5,6,0103,0,0,0,,0,003,SHATTUCK,DELAWARE,0.00,,Y,A,-,N,,,,,,,,,,N,3,0,1,2,A,-,10,21950,A,N,G,B,B,A,H,-,A,D,0,Y,,,,Y,,A,01,0,1,0,0,1,0,0,0,0,"- ","- ",37.874790191650391,-122.2686767578125,ALAMEDA,BERKELEY,-122.26874542236328,37.874782562255859
9519146,2022,2023-02-02,0103,2022-12-19,1630,25,,1,5,6,0103,0,0,0,,0,006,TELEGRAPH,"BLAKE ST",40.00,N,N,A,-,N,,,,,,,,,,N,3,0,1,2,A,-,08,22107,,N,G,B,E,A,H,-,A,D,0,Y,,,,Y,,A,01,0,1,0,0,1,0,0,0,0,"- ","- ",37.867210388183594,-122.25653076171875,ALAMEDA,BERKELEY,-122.25855255126953,37.864269256591797
9519148,2022,2023-02-09,0103,2022-12-17,1655,51,,6,5,6,0103,0,0,0,,0,011,"ASHBY AV","SAN PABLO",0.00,,Y,A,-,Y,ALA,4,13,-,-,13.180,I,5,N,N,3,0,1,2,A,-,12,21453,A,N,D,G,A,A,H,-,-,A,0,,Y,,,Y,,L,04,0,1,0,0,0,0,1,0,0,"- ","- ",37.852500915527344,-122.28645324707031,ALAMEDA,BERKELEY,-122.28667449951172,37.852169036865234
9519149,2022,2023-02-02,0103,2022-12-16,0949,26,,5,5,6,0103,0,0,0,,0,014,6TH,"GILMAN ST",0.00,,Y,A,-,N,,,,,,,,,,N,3,0,1,2,A,-,08,22107,,N,B,C,A,A,H,-,A,A,0,,,Y,,Y,,A,01,0,1,0,0,0,0,0,0,1,"- ","- ",37.880470275878906,-122.29579925537109,ALAMEDA,BERKELEY,-122.30135345458984,37.879360198974609
9519150,2022,2023-02-02,0103,2022-12-16,0830,107,29,5,5,6,0103,0,0,0,,0,004,"MILVIA ST","ADDISON ST",100.00,S,N,A,-,N,,,,,,,,,,N,3,0,1,2,A,-,17,22517,,N,D,G,A,-,H,-,A,A,0,,Y,,,Y,,A,08,0,1,0,0,0,0,1,0,0,"- ","- ",37.869049072265625,-122.27040100097656,ALAMEDA,BERKELEY,-122.27060699462891,37.870586395263672
9519151,2022,2023-02-02,0103,2022-12-13,1745,23,,2,5,6,0103,0,0,0,,0,007,BELROSE,"CLAREMONT AV",0.00,,Y,A,-,N,,,,,,,,,,N,3,0,1,2,A,-,10,21950,A,N,G,B,B,A,H,-,C,A,0,Y,,,,Y,,A,01,0,1,0,0,1,0,0,0,0,"- ","- ",37.862251281738281,-122.25124359130859,ALAMEDA,BERKELEY,-122.2457275390625,37.860740661621094
9519154,2022,2023-02-02,0103,2022-12-12,0105,111,,1,5,6,0103,0,0,0,,0,010,WARD,"MARTIN LUTHER KING JR",0.00,,Y,A,-,N,,,,,,,,,,N,3,0,1,2,A,-,09,21802,A,N,D,G,A,A,G,-,A,A,0,,Y,,,Y,,L,04,0,1,0,0,0,0,1,0,0,"- ","- ",37.858860015869141,-122.27159881591797,ALAMEDA,BERKELEY,-122.27162933349609,37.858840942382812
9519155,2022,2023-02-02,0103,2022-12-08,1911,25,,4,5,6,0103,0,0,0,,0,006,BLAKE,TELEGRAPH,0.00,,Y,A,C,N,,,,,,,,,,Y,3,0,1,2,A,-,08,22107,,N,D,C,A,B,H,-,C,A,0,,,,,Y,,A,01,0,1,0,0,0,0,0,0,0,"- ","- ",37.864189147949219,-122.25856018066406,ALAMEDA,BERKELEY,-122.25856781005859,37.864162445068359
9519156,2022,2023-02-02,0103,2022-12-09,1040,73,23,5,5,6,0103,0,0,0,,0,003,UNIVERSITY,CALIFORNIA,0.00,,Y,A,-,N,,,,,,,,,,N,3,0,1,2,A,-,10,21950,A,N,G,B,B,A,H,-,A,A,0,Y,,,,Y,,A,01,0,1,0,0,1,0,0,0,0,"- ","- ",37.870441436767578,-122.279541015625,ALAMEDA,BERKELEY,-122.27976226806641,37.870750427246094
9519159,2022,2023-02-13,0103,2022-12-03,2036,80,28,6,5,6,0103,0,0,0,,0,005,CHANNING,FULTON,0.00,,Y,C,-,N,,,,,,,,,,N,3,0,1,2,A,-,09,21802,A,F,D,C,A,B,H,-,C,A,0,,,,,Y,,A,01,0,1,0,0,0,0,0,0,0,"- ","- ",37.866451263427734,-122.26438903808594,ALAMEDA,BERKELEY,-122.26561737060547,37.866031646728516
9519160,2022,2023-02-02,0103,2022-12-03,1250,61,22,6,5,6,0103,0,0,0,,0,014,UNIVERSITY,"10TH ST",25.00,E,N,C,-,N,,,,,,,,,,N,3,0,1,2,A,-,03,22350,,F,C,C,A,B,H,-,A,D,0,,,,,Y,,A,01,0,1,0,0,0,0,0,0,0,"- ","- ",37.868869781494141,-122.29329681396484,ALAMEDA,BERKELEY,-122.29324340820312,37.868946075439453