CASE_ID,ACCIDENT_YEAR,PROC_DATE,JURIS,COLLISION_DATE,COLLISION_TIME,OFFICER_ID,REPORTING_DISTRICT,DAY_OF_WEEK,CHP_SHIFT,POPULATION,CNTY_CITY_LOC,SPECIAL_COND,BEAT_TYPE,CHP_BEAT_TYPE,CITY_DIVISION_LAPD,CHP_BEAT_CLASS,BEAT_NUMBER,PRIMARY_RD,SECONDARY_RD,DISTANCE,DIRECTION,INTERSECTION,WEATHER_1,WEATHER_2,STATE_HWY_IND,CALTRANS_COUNTY,CALTRANS_DISTRICT,STATE_ROUTE,ROUTE_SUFFIX,POSTMILE_PREFIX,POSTMILE,LOCATION_TYPE,RAMP_INTERSECTION,SIDE_OF_HWY,TOW_AWAY,COLLISION_SEVERITY,NUMBER_KILLED,NUMBER_INJURED,PARTY_COUNT,PRIMARY_COLL_FACTOR,PCF_CODE_OF_VIOL,PCF_VIOL_CATEGORY,PCF_VIOLATION,PCF_VIOL_SUBSECTION,HIT_AND_RUN,TYPE_OF_COLLISION,MVIW,PED_ACTION,ROAD_SURFACE,ROAD_COND_1,ROAD_COND_2,LIGHTING,CONTROL_DEVICE,CHP_ROAD_TYPE,PEDESTRIAN_ACCIDENT,BICYCLE_ACCIDENT,MOTORCYCLE_ACCIDENT,TRUCK_ACCIDENT,NOT_PRIVATE_PROPERTY,ALCOHOL_INVOLVED,STWD_VEHTYPE_AT_FAULT,CHP_VEHTYPE_AT_FAULT,COUNT_SEVERE_INJ,COUNT_VISIBLE_INJ,COUNT_COMPLAINT_PAIN,COUNT_PED_KILLED,COUNT_PED_INJURED,COUNT_BICYCLIST_KILLED,COUNT_BICYCLIST_INJURED,COUNT_MC_KILLED,COUNT_MC_INJURED,PRIMARY_RAMP,SECONDARY_RAMP,LATITUDE,LONGITUDE,COUNTY,CITY,POINT_X,POINT_Y
9519352,2022,2023-02-22,0109,2022-02-18,1307,9867,2,5,5,7,0109,0,0,0,,0,20X,"FRUITVALE AV","ALAMEDA AV",100.00,S,N,A,-,N,,,,,,,,,,N,1,1,2,3,A,-,03,22350,,N,C,C,A,A,H,-,A,A,0,,,,,Y,Y,A,01,0,0,2,0,0,0,0,0,0,"- ","- ",,,ALAMEDA,OAKLAND,-122.22994995117188,37.769351959228516
9519980,2022,2023-02-13,0109,2022-11-03,0829,9149,1,4,5,7,0109,0,0,0,,0,03X,"14TH ST","JEFFERSON ST",0.00,,Y,A,-,N,,,,,,,,,,N,2,0,1,2,A,-,12,21453,A,N,G,B,B,A,H,-,A,A,0,Y,,,,Y,,A,01,1,0,0,0,1,0,0,0,0,"- ","- ",,,ALAMEDA,OAKLAND,-122.27479553222656,37.805740356445312
9520163,2022,2022-12-20,0103,2022-10-20,1155,S29,29,4,5,6,0103,0,0,0,,0,005,BANCROFT,SHATTUCK,0.00,,Y,A,-,N,,,,,,,,,,N,1,1,0,2,A,-,10,21950,A,N,G,B,B,A,H,-,A,A,0,Y,,,Y,Y,,F,27,0,0,0,1,0,0,0,0,0,"- ","- ",,,ALAMEDA,BERKELEY,-122.26782989501953,37.867591857910156
9520181,2022,2023-03-06,0109,2022-02-01,2136,8483,2,2,5,7,0109,0,0,0,,0,30X,"RT 185","79TH AV",40.00,N,N,A,-,Y,ALA,4,185,-,-,8.330,H,-,S,Y,1,2,2,3,A,-,05,21460,A,F,A,C,A,A,H,-,C,A,0,,,,,Y,,A,01,0,1,1,0,0,0,0,0,0,"- ","- ",,,ALAMEDA,OAKLAND,-122.182552,37.757089999999998
9520271,2022,2023-01-25,0109,2022-10-17,0700,8958,2,1,5,7,0109,0,0,0,,0,26X,"69TH AV","SAN LEANDRO ST",0.00,,Y,A,-,N,,,,,,,,,,Y,1,1,0,2,A,-,12,21453,A,N,D,C,A,A,H,-,A,A,0,,,,,Y,,A,01,0,0,0,0,0,0,0,0,0,"- ","- ",,,ALAMEDA,OAKLAND,-122.19889068603516,37.755153656005859
9520320,2021,2023-01-31,0109,2021-04-25,1140,8658,1,7,5,7,0109,0,0,0,,0,03X,"JACKSON ST","10TH ST",10.00,N,N,C,-,N,,,,,,,,,,N,1,1,0,2,A,-,11,21453,D,N,G,B,B,B,H,-,A,A,0,Y,,,,Y,,N,60,0,0,0,1,0,0,0,0,0,"- ","- ",,,ALAMEDA,OAKLAND,-122.26693725585938,37.799243927001953
9520321,2021,2023-06-20,0109,2021-06-27,0519,8483,2,7,5,7,0109,0,0,0,,0,27X,"INTERNATIONAL BL (RT 185)","65TH AV",170.00,W,N,A,-,Y,ALA,4,185,-,-,9.220,H,-,S,Y,1,1,0,2,A,-,01,23152,F,N,D,E,A,A,H,-,C,D,0,,,,,Y,,A,01,0,0,0,0,0,0,0,0,0,"- ","- ",,,ALAMEDA,OAKLAND,-122.19538879394531,37.763088226318359
9520322,2021,2023-02-16,0109,2021-10-02,1534,8483,2,6,5,7,0109,0,0,0,,0,34X,"INTERNATIONAL BL","85TH AV",303.00,E,N,A,-,N,,,,,,,,,,N,2,0,1,2,A,-,08,22107,,F,H,C,A,A,H,-,A,D,0,,,,,Y,,M,94,1,0,0,0,0,0,0,0,0,"- ","- ",,,ALAMEDA,OAKLAND,-122.17667388916016,37.752582550048828
9520340,2022,2023-02-15,0109,2022-06-26,0151,8483,2,7,5,7,0109,0,0,0,,0,26X,"RT 185","54TH AV",6.00,E,N,A,-,Y,ALA,4,185,-,-,9.850,H,-,S,Y,1,1,5,10,A,-,03,22350,,N,B,C,F,A,H,-,C,A,0,Y,,Y,,Y,,A,01,0,2,3,1,0,0,0,0,0,"- ","- ",,,ALAMEDA,OAKLAND,-122.20539093017578,37.767787933349609
9520392,2021,2023-02-13,0109,2021-05-09,1714,8483,1,7,5,7,0109,0,0,0,,0,16Y,"PARK BL","GREENWOOD AV",120.00,N,N,A,-,N,,,,,,,,,,Y,1,1,1,4,-,-,"- ",,,F,G,B,F,A,H,-,A,D,0,Y,,,,Y,Y,A,01,0,0,1,1,0,0,0,0,0,"- ","- ",,,ALAMEDA,OAKLAND,-122.22814178466797,37.804752349853516
9520394,2021,2023-02-13,0109,2021-12-04,0146,8483,2,6,5,7,0109,0,0,0,,0,04X,BROADWAY,"19TH ST",130.00,N,N,-,-,N,,,,,,,,,,N,1,1,0,2,A,-,11,21954,A,F,G,B,E,A,H,-,A,D,0,Y,,,,Y,,N,60,0,0,0,1,0,0,0,0,0,"- ","- ",,,ALAMEDA,OAKLAND,-122.26882934570312,37.808097839355469
9520395,2021,2023-02-13,0109,2021-12-05,1356,8483,1,7,5,7,0109,0,0,0,,0,13X,"SHEPHERD CANYON RD","SNAKE RD",1320.00,S,N,A,-,N,,,,,,,,,,N,1,1,0,1,A,-,03,22350,,N,H,A,A,A,H,-,A,D,0,,Y,,,Y,,L,04,0,0,0,0,0,1,0,0,0,"- ","- ",,,ALAMEDA,OAKLAND,-122.20253753662109,37.824581146240234
9520396,2022,2023-02-13,0109,2022-05-27,2238,8483,1,5,5,7,0109,0,0,0,,0,11X,"SHATTUCK AV","55TH ST",0.00,,Y,A,-,N,,,,,,,,,,N,1,1,0,2,A,-,09,21801,A,N,A,C,A,A,H,-,C,A,0,,Y,,,Y,,L,04,0,0,0,0,0,1,0,0,0,"- ","- ",,,ALAMEDA,OAKLAND,-122.26451873779297,37.840427398681641
9520444,2021,2023-02-16,0109,2021-08-16,0154,8483,2,1,5,7,0109,0,0,0,,0,31X,"EDGEWATER DR","PENDLETON WY",146.00,E,N,A,-,N,,,,,,,,,,Y,1,1,0,1,A,-,01,23152,E,N,H,I,A,A,H,-,C,D,0,,,,,Y,,D,22,0,0,0,0,0,0,0,0,0,"- ","- ",,,ALAMEDA,OAKLAND,-122.19904327392578,37.737491607666016
9520445,2021,2023-02-16,0109,2021-12-17,2247,8483,2,5,5,7,0109,0,0,0,,0,29X,"EDWARDS AV","SUNNYMERE AV",150.00,N,N,A,-,N,,,,,,,,,,N,1,1,0,1,C,-,18,,,N,H,A,A,A,H,-,C,D,0,,,,,Y,,-,"- ",0,0,0,0,0,0,0,0,0,"- ","- ",,,ALAMEDA,OAKLAND,-122.16571807861328,37.775371551513672
9520453,2022,2023-02-22,0109,2022-03-19,0040,9372,2,6,5,7,0109,0,0,0,,0,34X,"INTERNATIONAL BL","89TH AV",130.00,E,N,A,-,N,,,,,,,,,,N,1,1,0,2,A,-,11,21954,A,F,G,B,D,A,H,-,C,A,0,Y,,,,Y,,N,60,0,0,0,1,0,0,0,0,0,"- ","- ",,,ALAMEDA,OAKLAND,-122.17487335205078,37.750152587890625
9520481,2021,2023-05-12,0109,2021-06-28,2216,8658,2,1,5,7,0109,0,0,0,,0,30Y,"BANCROFT AV","CHURCH ST",9.00,E,N,A,-,N,,,,,,,,,,N,1,1,0,2,A,-,10,21950,A,F,G,B,B,A,H,-,C,A,0,Y,,,,Y,,A,01,0,0,0,1,0,0,0,0,0,"- ","- ",,,ALAMEDA,OAKLAND,-122.17954254150391,37.768009185791016
9520492,2022,2023-05-10,0109,2022-03-16,2047,9372,2,3,5,7,0109,0,0,0,,0,26Y,"76TH AV","RUDSDALE ST",0.00,,Y,A,-,N,,,,,,,,,,Y,1,2,1,4,A,-,01,23152,F,F,D,C,A,A,H,-,C,A,0,,,,,Y,,A,01,1,0,0,0,0,0,0,0,0,"- ","- ",,,ALAMEDA,OAKLAND,-122.18737030029297,37.756431579589844
9520551,2022,2023-05-24,0109,2022-01-21,2000,8881,2,5,5,7,0109,0,0,0,,0,27X,"BANCROFT AV","61ST AV",90.00,E,N,A,G,N,,,,,,,,,,N,1,1,0,2,A,-,11,21954,A,F,G,B,D,A,H,-,B,A,0,Y,,,,Y,,N,60,0,0,0,1,0,0,0,0,0,"- ","- ",,,ALAMEDA,OAKLAND,-122.18859100341797,37.770481109619141
9520581,2022,2023-06-16,0109,2022-03-08,1824,8414,2,2,5,7,0109,0,0,0,,0,31X,"BALDWIN ST","HEGENBERGER RD",387.00,E,N,A,-,N,,,,,,,,,,Y,1,1,0,2,A,-,01,23152,F,N,D,C,A,A,H,-,C,D,0,,,Y,,Y,,C,02,0,0,0,0,0,0,0,1,0,"- ","- ",,,ALAMEDA,OAKLAND,-122.19589233398438,37.748115539550781
9520674,2022,2023-06-28,0109,2022-10-03,2147,9689,2,1,5,7,0109,0,0,0,,0,26Y,"HEGENBERGER RD","HAMILTON ST",350.00,S,N,B,-,N,,,,,,,,,,Y,1,1,0,2,A,-,11,21954,A,F,G,B,C,A,H,-,C,D,0,Y,,,,Y,,N,60,0,0,0,1,0,0,0,0,0,"- ","- ",,,ALAMEDA,OAKLAND,-122.19130706787109,37.755832672119141
9520717,2021,2023-07-10,0109,2021-12-31,1642,8867,2,5,5,7,0109,0,0,0,,0,30Y,"BANCROFT AV","CHURCH ST",0.00,,Y,A,-,N,,,,,,,,,,Y,1,1,3,3,A,-,12,21453,A,N,D,C,A,A,H,-,B,A,0,,,,,Y,,A,08,0,1,2,0,0,0,0,0,0,"- ","- ",,,ALAMEDA,OAKLAND,-122.17955780029297,37.768032073974609
9520718,2022,2023-07-10,0109,2022-05-31,1733,8483,2,2,5,7,0109,0,0,0,,0,19X,"16TH AV","INTERNATIONAL BL",3.00,N,N,A,-,N,,,,,,,,,,N,1,1,0,2,A,-,10,21950,A,F,G,B,B,A,H,-,A,A,0,Y,,,,Y,,A,07,0,0,0,1,0,0,0,0,0,"- ","- ",,,ALAMEDA,OAKLAND,-122.24416351318359,37.788345336914062
9520740,2022,2023-07-12,0109,2022-12-20,0044,9689,1,2,5,7,0109,0,0,0,,0,13Y,"GRIZZLY PEAK BL","FISH RANCH RD",3696.00,W,N,A,-,N,,,,,,,,,,Y,1,1,1,1,A,-,01,23152,A,N,F,I,A,A,H,-,D,D,0,,,,,Y,Y,A,07,0,0,1,0,0,0,0,0,0,"- ","- ",,,ALAMEDA,OAKLAND,-122.21950531005859,37.863582611083984
9520751,2022,2023-07-19,0109,2022-08-25,1602,8483,1,4,5,7,0109,0,0,0,,0,09X,"MACARTHUR BL","PIEDMONT AV",0.00,,Y,A,-,N,,,,,,,,,,Y,1,1,0,2,A,-,03,22350,,F,G,B,E,A,H,-,A,A,0,Y,,,,Y,,A,01,0,0,0,1,0,0,0,0,0,"- ","- ",,,ALAMEDA,OAKLAND,-122.25663757324219,37.823200225830078
9520894,2022,2023-08-29,0109,2022-06-16,2021,9372,1,4,5,7,0109,0,0,0,,0,04X,"14TH ST","JEFFERSON BL",0.00,,Y,A,-,N,,,,,,,,,,N,1,1,0,2,A,-,12,21453,A,F,H,G,A,A,H,-,A,A,0,,Y,,,Y,,A,01,0,0,0,0,0,1,0,0,0,"- ","- ",,,ALAMEDA,OAKLAND,-122.27479553222656,37.805740356445312
9520906,2022,2023-08-29,0109,2022-07-17,2211,8414,2,7,5,7,0109,0,0,0,,0,27Y,"BANCROFT AV","62ND AV",0.00,,Y,A,-,N,,,,,,,,,,N,1,1,0,2,D,-,00,,,F,G,B,E,A,H,-,C,D,0,Y,,,,Y,Y,-,"- ",0,0,0,1,0,0,0,0,0,"- ","- ",,,ALAMEDA,OAKLAND,-122.18762969970703,37.770362854003906
9522970,2022,2023-01-03,0109,2022-11-26,1921,9933,2,6,5,7,0109,0,0,0,,0,32X,"98TH AV","SAN LEANDRO ST",180.00,N,N,A,-,N,,,,,,,,,,N,3,0,2,2,A,-,03,22350,,M,C,C,A,A,H,-,C,A,0,,,,,Y,,A,01,0,1,1,0,0,0,0,0,0,"- ","- ",,,ALAMEDA,OAKLAND,-122.1793212890625,37.739532470703125
9522990,2022,2023-01-04,0109,2022-11-15,0804,9149,1,2,5,7,0109,0,0,0,,0,03X,"7TH ST","HARRISON ST",0.00,,Y,A,-,N,,,,,,,,,,N,3,0,1,2,A,-,12,21453,A,N,D,C,A,A,H,-,A,A,0,,,,,Y,,A,01,0,1,0,0,0,0,0,0,0,"- ","- ",,,ALAMEDA,OAKLAND,-122.2706298828125,37.798091888427734
9522996,2022,2023-01-04,0109,2022-11-16,0821,9904,1,3,5,7,0109,0,0,0,,0,03X,"10TH ST","HARRISON ST",0.00,,Y,A,-,N,,,,,,,,,,N,3,0,1,2,A,-,10,21950,A,N,G,B,B,A,-,-,A,A,0,Y,,,,Y,,A,01,0,1,0,0,1,0,0,0,0,"- ","- ",,,ALAMEDA,OAKLAND,-122.26931762695312,37.800151824951172
9522999,2022,2023-01-04,0109,2022-11-13,1337,9880,2,7,5,7,0109,0,0,0,,0,29X,"HILLMONT DR","ARCHMONT PL",25.00,W,N,A,-,N,,,,,,,,,,N,3,0,1,1,A,-,08,22107,,N,H,A,A,A,H,-,A,A,0,,,Y,,Y,,C,02,0,1,0,0,0,0,0,0,1,"- ","- ",,,ALAMEDA,OAKLAND,-122.17279052734375,37.778446197509766
9523450,2022,2022-11-18,0109,2022-03-13,0054,9905,1,7,5,7,0109,0,0,0,,0,04X,"GRAND AV",BROADWAY,0.00,,Y,C,-,N,,,,,,,,,,Y,2,0,1,2,D,-,00,,,F,A,B,D,B,H,-,C,A,0,Y,,,,Y,,-,"- ",1,0,0,0,1,0,0,0,0,"- ","- ",,,ALAMEDA,OAKLAND,-122.26671600341797,37.811492919921875
9523541,2022,2022-11-30,0109,2022-10-05,1628,9242,1,3,5,7,0109,0,0,0,,0,16X,"TRESTLE GLEN RD","WESLEY AV",15.00,W,N,A,-,N,,,,,,,,,,N,2,0,1,2,A,-,10,21950,A,N,D,B,B,A,H,-,A,A,0,Y,,,,Y,,A,01,1,0,0,0,1,0,0,0,0,"- ","- ",,,ALAMEDA,OAKLAND,-122.24295043945312,37.810741424560547
9523545,2022,2022-12-01,0109,2022-10-03,1056,9951,1,1,5,7,0109,0,0,0,,0,04X,"THOMAS L BERKLEY WY","SAN PABLO AV",0.00,,Y,A,-,N,,,,,,,,,,N,3,0,1,2,A,-,11,21456,B,N,G,B,B,A,H,-,A,A,0,Y,,,,Y,,N,60,0,1,0,0,1,0,0,0,0,"- ","- ",,,ALAMEDA,OAKLAND,-122.27320098876953,37.810150146484375
9523813,2022,2022-11-23,0109,2022-09-30,1543,9831,2,5,5,7,0109,0,0,0,,0,24X,"35TH AV","LYON AV",0.00,,Y,A,-,N,,,,,,,,,,N,3,0,1,2,A,-,09,21802,A,N,G,C,A,A,H,-,A,A,0,,Y,,,Y,,A,01,0,1,0,0,0,0,1,0,0,"- ","- ",,,ALAMEDA,OAKLAND,-122.21193695068359,37.78704833984375
9523819,2022,2022-11-23,0109,2022-09-14,0838,9939,1,3,5,7,0109,0,0,0,,0,04X,"14TH ST",BROADWAY,10.00,W,N,A,-,N,,,,,,,,,,N,3,0,1,2,A,-,08,22102,,N,D,G,A,A,H,-,A,A,0,,Y,,,Y,,A,01,0,1,0,0,0,0,1,0,0,"- ","- ",,,ALAMEDA,OAKLAND,-122.27123260498047,37.804332733154297
9523820,2022,2022-11-23,0109,2022-09-22,1653,9966,2,4,5,7,0109,0,0,0,,0,26Y,"INTERNATIONAL BL","80TH AV",0.00,,Y,A,-,N,,,,,,,,,,N,3,0,1,2,A,-,10,21950,A,N,G,B,B,A,H,-,A,A,0,Y,,,,Y,,A,01,0,1,0,0,1,0,0,0,0,"- ","- ",,,ALAMEDA,OAKLAND,-122.18166351318359,37.756610870361328
9523821,2022,2022-11-30,0109,2022-09-16,1849,9872,2,5,5,7,0109,0,0,0,,0,35X,"MACARTHUR BL","88TH AV",319.00,W,N,A,-,N,,,,,,,,,,N,2,0,2,2,A,-,08,22107,,N,A,C,A,A,H,-,A,D,0,,,,,Y,,A,01,1,0,1,0,0,0,0,0,0,"- ","- ",,,ALAMEDA,OAKLAND,-122.16226196289062,37.758083343505859
9523826,2022,2022-11-30,0109,2022-09-25,1214,9963,2,7,5,7,0109,0,0,0,,0,33X,"INTERNATIONAL BL","92ND AV",25.00,W,N,A,-,N,,,,,,,,,,Y,2,0,3,3,A,-,03,22350,,N,C,C,A,A,H,-,A,A,0,,,,,Y,,A,01,1,0,2,0,0,0,0,0,0,"- ","- ",,,ALAMEDA,OAKLAND,-122.17367553710938,37.748538970947266
9523828,2022,2022-11-22,0109,2022-09-02,2018,9831,2,5,5,7,0109,0,0,0,,0,30X,"82ND AV","INTERNATIONAL BL",0.00,,Y,A,-,N,,,,,,,,,,N,3,0,1,1,D,-,00,,,M,H,-,A,A,H,-,C,D,0,,,Y,,Y,,-,"- ",0,1,0,0,0,0,0,0,1,"- ","- ",,,ALAMEDA,OAKLAND,-122.17953491210938,37.755558013916016
9523830,2022,2022-11-22,0109,2022-09-12,0820,10042,2,1,5,7,0109,0,0,0,,0,30Y,"MACARTHUR BL","PARKER AV",6.00,E,N,B,-,N,,,,,,,,,,N,3,0,1,3,A,-,08,22107,,M,C,E,A,A,H,-,A,B,0,,,,,Y,,A,01,0,1,0,0,0,0,0,0,0,"- ","- ",,,ALAMEDA,OAKLAND,-122.16774749755859,37.765998840332031
9523831,2022,2022-11-22,0109,2022-09-28,2029,9377,1,3,5,7,0109,0,0,0,,0,16X,"BEAUMONT AV","PARK BL",12.00,E,N,A,-,N,,,,,,,,,,N,3,0,1,3,A,-,03,22350,,N,C,C,A,A,H,-,B,D,0,,,,,Y,,A,07,0,1,0,0,0,0,0,0,0,"- ","- ",,,ALAMEDA,OAKLAND,-122.22713470458984,37.805141448974609
9523836,2022,2022-11-21,0109,2022-09-24,2016,9458,1,6,5,7,0109,0,0,0,,0,12X,"MARTIN ST","CLAREMONT AV",30.00,W,N,A,-,N,,,,,,,,,,N,2,0,1,2,A,-,10,21950,A,F,G,B,E,A,H,-,C,A,0,Y,,,,Y,,A,07,1,0,0,0,1,0,0,0,0,"- ","- ",,,ALAMEDA,OAKLAND,-122.257080078125,37.843605041503906
9524127,2022,2022-12-05,0109,2022-09-15,1028,9999,2,4,5,7,0109,0,0,0,,0,34X,"BANCROFT AV","86TH AV",0.00,,Y,B,-,N,,,,,,,,,,N,3,0,1,2,A,-,03,22350,,N,D,C,A,A,H,-,A,B,0,,,,,Y,,A,01,0,1,0,0,0,0,0,0,0,"- ","- ",,,ALAMEDA,OAKLAND,-122.16825866699219,37.756855010986328
9524129,2022,2022-12-05,0109,2022-09-21,1237,10020,1,3,5,7,0109,0,0,0,,0,17X,"5TH AV","FOOTHILL BL",0.00,,Y,A,-,N,,,,,,,,,,N,3,0,2,2,A,-,12,21453,A,N,D,C,A,A,H,-,A,A,0,,,,,Y,,A,01,0,2,0,0,0,0,0,0,0,"- ","- ",,,ALAMEDA,OAKLAND,-122.25199890136719,37.797065734863281
9524130,2022,2022-12-08,0109,2022-09-15,0019,9995,2,4,5,7,0109,0,0,0,,0,26X,"HEGENBERGER RD","HAMILTON ST",0.00,,Y,A,-,N,,,,,,,,,,N,3,0,2,2,A,-,12,21453,A,N,D,C,A,A,H,-,B,A,0,,,,,Y,,-,"- ",0,1,1,0,0,0,0,0,0,"- ","- ",,,ALAMEDA,OAKLAND,-122.19038391113281,37.756450653076172
9524138,2022,2022-12-08,0109,2022-10-28,1616,9742,1,5,5,7,0109,0,0,0,,0,03Y,"14TH ST","MARTIN LUTHER KING WY",25.00,W,N,A,-,N,,,,,,,,,,N,3,0,2,2,A,-,08,22107,,N,D,G,A,A,H,-,A,A,0,,Y,,,Y,,L,04,0,1,1,0,0,0,1,0,0,"- ","- ",,,ALAMEDA,OAKLAND,-122.27604675292969,37.806240081787109
9524140,2022,2022-12-08,0109,2022-10-23,1316,9969,2,7,5,7,0109,0,0,0,,0,27X,"BANCROFT AV","VICKSBURG AV",0.00,,Y,A,-,N,,,,,,,,,,N,2,0,7,2,A,-,12,21453,A,N,D,C,A,A,H,-,A,A,0,,,,,Y,,A,07,2,0,5,0,0,0,0,0,0,"- ","- ",,,ALAMEDA,OAKLAND,-122.20308685302734,37.771759033203125
9524324,2022,2022-12-12,0109,2022-08-21,1612,9985,1,7,5,7,0109,0,0,0,,0,03Y,"10TH ST","CLAY ST",0.00,,Y,A,-,N,,,,,,,,,,N,3,0,2,2,A,-,01,23152,A,N,D,C,A,A,H,-,A,A,0,,,,,Y,Y,A,07,0,1,1,0,0,0,0,0,0,"- ","- ",,,ALAMEDA,OAKLAND,-122.27532196044922,37.802501678466797
9525098,2022,2022-12-12,0109,2022-06-28,1854,9971,2,2,5,7,0109,0,0,0,,0,31Z,"SAN LEANDRO ST","51ST AV",0.00,,Y,A,-,N,,,,,,,,,,Y,3,0,1,2,A,-,05,21651,B,N,A,C,A,A,H,-,A,A,0,,,,,Y,,A,01,0,1,0,0,0,0,0,0,0,"- ","- ",,,ALAMEDA,OAKLAND,-122.21144866943359,37.765819549560547
9525523,2022,2023-02-02,0109,2022-12-21,1445,10015,1,3,5,7,0109,0,0,0,,0,14X,"ORANGE ST","PERKINS ST",0.00,,Y,A,-,N,,,,,,,,,,N,2,0,1,2,A,-,10,21950,A,F,G,B,B,A,H,-,A,C,0,Y,,,,Y,,A,07,1,0,0,0,1,0,0,0,0,"- ","- ",,,ALAMEDA,OAKLAND,-122.2567138671875,37.815910339355469
9525535,2022,2023-01-30,0109,2022-05-03,1535,9966,2,2,5,7,0109,0,0,0,,0,26X,"SAN LEANDRO ST","SEMINARY AV",0.00,W,N,A,-,N,,,,,,,,,,N,3,0,1,2,A,-,09,21804,A,M,D,C,A,A,D,-,A,D,0,,,,,Y,,A,08,0,1,0,0,0,0,0,0,0,"- ","- ",,,ALAMEDA,OAKLAND,-122.20559692382812,37.760875701904297
9527252,2022,2023-03-03,0109,2022-09-25,0454,9828,2,7,5,7,0109,0,0,0,,0,23X,"SAN LEANDRO ST","HIGH ST",236.00,W,N,A,-,N,,,,,,,,,,Y,3,0,2,3,A,-,08,22107,,N,C,E,A,A,H,-,C,A,0,,,,Y,Y,,A,01,0,2,0,0,0,0,0,0,0,"- ","- ",,,ALAMEDA,OAKLAND,-122.21783447265625,37.770950317382812
9527532,2022,2023-02-23,0109,2022-11-27,1734,9916,2,7,5,7,0109,0,0,0,,0,27X,"47TH AV","MELROSE AV",0.00,,Y,A,-,N,,,,,,,,,,Y,3,0,2,2,A,-,01,23152,A,N,D,C,A,A,H,-,C,A,0,,,,,Y,Y,A,01,0,2,0,0,0,0,0,0,0,"- ","- ",,,ALAMEDA,OAKLAND,-122.20731353759766,37.775077819824219
9527569,2022,2023-02-21,0109,2022-09-23,0741,10025,1,5,5,7,0109,0,0,0,,0,19X,EMBARCADERO,"LIVINGSTON ST",0.00,,Y,A,-,N,,,,,,,,,,N,3,0,1,2,A,-,09,21802,A,N,D,G,A,A,H,-,A,A,0,,Y,,,Y,,A,08,0,1,0,0,0,0,1,0,0,"- ","- ",,,ALAMEDA,OAKLAND,-122.24272918701172,37.780666351318359
9527578,2022,2023-02-27,0109,2022-06-04,0006,9853,1,6,5,7,0109,0,0,0,,0,04X,"CLAY ST","16TH ST",0.00,,Y,A,-,N,,,,,,,,,,N,3,0,1,2,A,-,08,22107,,N,B,C,A,A,H,-,C,A,0,,,,,Y,,A,01,0,1,0,0,0,0,0,0,0,"- ","- ",,,ALAMEDA,OAKLAND,-122.27277374267578,37.806606292724609
9528162,2022,2022-11-17,0109,2022-08-22,1756,9845,1,1,5,7,0109,0,0,0,,0,02X,"7TH ST","HENRY ST",0.00,,Y,A,-,N,,,,,,,,,,N,3,0,1,2,A,-,08,22107,,N,D,C,A,A,H,-,A,D,0,,,,,Y,,-,"- ",0,1,0,0,0,0,0,0,0,"- ","- ",,,ALAMEDA,OAKLAND,-122.29701995849609,37.805812835693359
9528465,2022,2022-11-16,0109,2022-10-16,1830,9821,1,7,5,7,0109,0,0,0,,0,07X,"30TH ST","MYRTLE ST",118.00,E,N,A,-,N,,,,,,,,,,N,3,0,1,2,A,-,08,22107,,N,C,E,A,A,H,-,B,D,0,,,,,Y,,A,01,0,1,0,0,0,0,0,0,0,"- ","- ",,,ALAMEDA,OAKLAND,-122.27701568603516,37.820964813232422
9528475,2022,2022-11-16,0109,2022-10-11,1716,9533,1,2,5,7,0109,0,0,0,,0,03X,"7TH ST","OAK ST",0.00,,Y,A,-,N,,,,,,,,,,N,3,0,2,3,A,-,12,21453,A,N,D,C,A,A,H,-,A,A,0,,,,,Y,,A,01,0,1,1,0,0,0,0,0,0,"- ","- ",,,ALAMEDA,OAKLAND,-122.26589202880859,37.796237945556641
9528752,2022,2022-12-06,0103,2022-10-14,1353,7,20,5,5,6,0103,0,0,0,,0,015,GILMAN,10TH,0.00,,Y,A,-,N,,,,,,,,,,N,3,0,1,2,A,-,10,21950,A,N,G,B,B,A,H,-,-,D,0,Y,,,,Y,,D,22,0,1,0,0,1,0,0,0,0,"- ","- ",37.8802490234375,-122.29695892333984,ALAMEDA,BERKELEY,-122.29696655273438,37.880252838134766
9528756,2022,2022-12-07,0103,2022-10-17,1300,61,29,1,5,6,0103,0,0,0,,0,004,OXFORD,"ALLSTON WY",15.00,S,N,A,-,N,,,,,,,,,,N,3,0,1,2,A,-,17,22517,,N,G,D,A,A,H,-,A,D,0,,,,,Y,,D,22,0,1,0,0,0,0,0,0,0,"- ","- ",37.869449615478516,-122.26622009277344,ALAMEDA,BERKELEY,-122.26589965820312,37.869640350341797
9528791,2022,2022-12-12,0103,2022-10-03,1136,33,28,1,5,6,0103,0,0,0,,0,006,BANCROFT,"FULTON ST",297.00,E,N,A,-,N,,,,,,,,,,N,2,0,1,2,A,-,00,21294,C,N,E,J,A,A,C,-,A,D,0,,,,Y,Y,,M,94,1,0,0,0,0,0,0,0,0,"- ","- ",37.867618560791016,-122.26429748535156,ALAMEDA,BERKELEY,-122.26491546630859,37.867988586425781
9528799,2022,2022-12-06,0103,2022-10-06,1355,118,,4,5,6,0103,0,0,0,,0,004,OXFORD,UNIVERSITY,0.00,,Y,A,-,N,,,,,,,,,,N,3,0,1,2,D,-,00,,,N,C,G,A,A,H,-,A,A,0,,Y,,,Y,,-,"- ",0,1,0,0,0,0,1,0,0,"- ","- ",37.872451782226562,-122.26608276367188,ALAMEDA,BERKELEY,-122.26616668701172,37.872486114501953
9529007,2022,2022-11-29,0109,2022-10-19,0648,9381,2,3,5,7,0109,0,0,0,,0,26X,"SAN LEANDRO ST","66TH AV",1100.00,W,N,A,-,N,,,,,,,,,,N,3,0,3,2,A,-,08,22107,,N,D,C,A,A,H,-,A,B,0,,,,,Y,,A,01,0,1,2,0,0,0,0,0,0,"- ","- ",,,ALAMEDA,OAKLAND,-122.20339202880859,37.759010314941406