CASE_ID,ACCIDENT_YEAR,PROC_DATE,JURIS,COLLISION_DATE,COLLISION_TIME,OFFICER_ID,REPORTING_DISTRICT,DAY_OF_WEEK,CHP_SHIFT,POPULATION,CNTY_CITY_LOC,SPECIAL_COND,BEAT_TYPE,CHP_BEAT_TYPE,CITY_DIVISION_LAPD,CHP_BEAT_CLASS,BEAT_NUMBER,PRIMARY_RD,SECONDARY_RD,DISTANCE,DIRECTION,INTERSECTION,WEATHER_1,WEATHER_2,STATE_HWY_IND,CALTRANS_COUNTY,CALTRANS_DISTRICT,STATE_ROUTE,ROUTE_SUFFIX,POSTMILE_PREFIX,POSTMILE,LOCATION_TYPE,RAMP_INTERSECTION,SIDE_OF_HWY,TOW_AWAY,COLLISION_SEVERITY,NUMBER_KILLED,NUMBER_INJURED,PARTY_COUNT,PRIMARY_COLL_FACTOR,PCF_CODE_OF_VIOL,PCF_VIOL_CATEGORY,PCF_VIOLATION,PCF_VIOL_SUBSECTION,HIT_AND_RUN,TYPE_OF_COLLISION,MVIW,PED_ACTION,ROAD_SURFACE,ROAD_COND_1,ROAD_COND_2,LIGHTING,CONTROL_DEVICE,CHP_ROAD_TYPE,PEDESTRIAN_ACCIDENT,BICYCLE_ACCIDENT,MOTORCYCLE_ACCIDENT,TRUCK_ACCIDENT,NOT_PRIVATE_PROPERTY,ALCOHOL_INVOLVED,STWD_VEHTYPE_AT_FAULT,CHP_VEHTYPE_AT_FAULT,COUNT_SEVERE_INJ,COUNT_VISIBLE_INJ,COUNT_COMPLAINT_PAIN,COUNT_PED_KILLED,COUNT_PED_INJURED,COUNT_BICYCLIST_KILLED,COUNT_BICYCLIST_INJURED,COUNT_MC_KILLED,COUNT_MC_INJURED,PRIMARY_RAMP,SECONDARY_RAMP,LATITUDE,LONGITUDE,COUNTY,CITY,POINT_X,POINT_Y
9529008,2022,2022-11-29,0109,2022-10-19,1545,10033,2,3,5,7,0109,0,0,0,,0,32X,"100TH AV","INTERNATIONAL BL",5.00,S,N,A,-,N,,,,,,,,,,N,3,0,1,2,A,-,10,21950,A,N,G,B,B,A,H,-,A,A,0,Y,,,,Y,,A,01,0,1,0,0,1,0,0,0,0,"- ","- ",,,ALAMEDA,OAKLAND,-122.16927337646484,37.742740631103516
9529016,2022,2022-11-29,0109,2022-10-23,1410,9958,1,7,5,7,0109,0,0,0,,0,12X,"51ST ST","SHATTUCK AV",5.00,E,N,A,-,N,,,,,,,,,,N,3,0,1,2,A,-,11,21453,D,N,G,B,C,A,H,-,A,A,0,Y,,,,Y,,N,60,0,1,0,0,1,0,0,0,0,"- ","- ",,,ALAMEDA,OAKLAND,-122.26414489746094,37.837760925292969
9529030,2022,2022-11-29,0109,2022-10-14,2320,9917,2,5,5,7,0109,0,0,0,,0,20X,"FRUITVALE AV","E 17TH ST",0.00,,Y,A,-,N,,,,,,,,,,N,3,0,1,2,A,-,08,22107,,F,D,C,A,A,-,-,C,C,0,,,,,Y,,A,01,0,1,0,0,0,0,0,0,0,"- ","- ",,,ALAMEDA,OAKLAND,-122.22409057617188,37.7811279296875
9529031,2022,2022-11-29,0109,2022-10-02,0500,9917,2,7,5,7,0109,0,0,0,,0,26X,"46TH AV","COLISEUM WY",150.00,N,N,A,-,N,,,,,,,,,,N,3,0,1,2,B,-,22,,,F,A,B,F,A,-,-,B,D,0,Y,,,,Y,,A,01,0,1,0,0,1,0,0,0,0,"- ","- ",,,ALAMEDA,OAKLAND,-122.21736145019531,37.766334533691406
9529083,2022,2022-11-17,0109,2022-09-29,2100,10028,2,4,5,7,0109,0,0,0,,0,29X,"SEMINARY AV","BRANN ST",0.00,,Y,A,-,N,,,,,,,,,,Y,3,0,2,2,A,-,12,22450,A,N,D,C,A,A,H,-,C,A,0,,,,,Y,Y,A,01,0,1,1,0,0,0,0,0,0,"- ","- ",,,ALAMEDA,OAKLAND,-122.18644714355469,37.774467468261719
9529267,2021,2022-11-17,0109,2021-07-09,1508,9182,2,5,5,7,0109,0,0,0,,0,27X,"55TH AV","FOOTHILL BL",10.00,S,N,A,-,N,,,,,,,,,,N,3,0,1,2,A,-,12,21453,A,F,G,B,C,A,H,-,A,A,0,Y,,,,Y,,A,01,0,1,0,0,1,0,0,0,0,"- ","- ",,,ALAMEDA,OAKLAND,-122.19593811035156,37.772552490234375
9529418,2022,2022-11-21,0109,2022-05-11,0919,9294,1,3,5,7,0109,0,0,0,,0,04X,"18TH ST","MARTIN LUTHER KING JR WY",0.00,,Y,A,-,N,,,,,,,,,,N,3,0,1,2,A,-,10,21950,A,N,G,B,B,A,H,-,A,A,0,Y,,,,Y,,A,01,0,1,0,0,1,0,0,0,0,"- ","- ",,,ALAMEDA,OAKLAND,-122.27442932128906,37.808639526367188
9529687,2022,2022-12-08,0103,2022-09-29,1830,10,,4,5,6,0103,0,0,0,,0,012,"ALLSTON WY","SAN PABLO AV",0.00,,Y,A,-,Y,ALA,4,123,-,-,2.950,I,6,S,N,3,0,1,2,A,-,03,22350,,N,C,G,A,A,H,-,A,A,0,,Y,,,Y,,A,01,0,1,0,0,0,0,1,0,0,"- ","- ",37.866378784179688,-122.29122924804688,ALAMEDA,BERKELEY,-122.29135894775391,37.86639404296875
9529700,2022,2022-12-06,0103,2022-10-03,1554,104,34,1,5,6,0103,0,0,0,,0,009,"ASHBY AV","MARTIN LUTHER KING JR WY",0.00,,Y,A,-,Y,ALA,4,13,-,-,13.320,I,5,N,Y,3,0,1,2,A,-,12,21453,A,N,D,C,A,A,H,-,A,A,0,,,,,Y,,A,01,0,1,0,0,0,0,0,0,0,"- ","- ",37.854320526123047,-122.27108001708984,ALAMEDA,BERKELEY,-122.28892517089844,37.851730346679688
9529704,2022,2022-12-06,0103,2022-10-04,1153,108,,2,5,6,0103,0,0,0,,0,013,"SAN PABLO AV","FOLGER ST",96.00,S,N,A,-,Y,ALA,4,123,-,-,1.850,I,5,S,N,3,0,1,2,A,-,11,21954,A,N,G,B,D,A,H,-,A,D,0,Y,,,,Y,Y,N,60,0,1,0,0,1,0,0,0,0,"- ","- ",37.850360870361328,-122.28730010986328,ALAMEDA,BERKELEY,-122.28645324707031,37.851116180419922
9529712,2022,2022-12-06,0103,2022-10-09,2026,99,35,7,5,6,0103,0,0,0,,0,008,"RT 13","SHATTUCK AV",0.00,,Y,A,-,Y,ALA,4,123,-,-,12.090,H,-,S,N,3,0,1,2,A,-,08,22107,,N,D,C,A,A,H,-,C,A,0,,,,,Y,,A,01,0,1,0,0,0,0,0,0,0,"- ","- ",37.655181884765625,-122.26737976074219,ALAMEDA,BERKELEY,-122.26651763916016,37.85528564453125
9529716,2022,2022-12-06,0103,2022-10-13,1638,S32,,4,5,6,0103,0,0,0,,0,011,"RT 13","RT 123",0.00,,Y,A,-,Y,ALA,4,13,-,-,13.180,I,5,N,N,2,0,1,2,A,-,12,21453,A,N,D,G,A,A,H,-,A,A,0,,Y,,,Y,Y,L,04,1,0,0,0,0,0,1,0,0,"- ","- ",37.852138519287109,-122.28668212890625,ALAMEDA,BERKELEY,-122.28667449951172,37.852169036865234
9529728,2022,2022-11-28,0103,2022-10-18,1932,94,17,2,5,6,0103,0,0,0,,0,001,"MARTIN LUTHER KING JR WY","ROSE ST",0.00,,Y,A,-,N,,,,,,,,,,N,3,0,1,2,A,-,06,21750,,N,B,C,A,A,H,-,C,A,0,,Y,,,Y,,L,04,0,1,0,0,0,0,1,0,0,"- ","- ",37.881439208984375,-122.27410125732422,ALAMEDA,BERKELEY,-122.27410125732422,37.881439208984375
9529732,2022,2022-12-05,0103,2022-10-21,1545,32,20,5,5,6,0103,0,0,0,,0,013,"RT 123","FOLGER ST",0.00,,Y,A,-,Y,ALA,4,123,-,-,1.830,H,-,S,N,3,0,3,2,A,-,03,22350,,F,C,C,A,A,H,-,A,D,0,,,,,Y,,A,07,0,1,2,0,0,0,0,0,0,"- ","- ",37.850521087646484,-122.28614807128906,ALAMEDA,BERKELEY,-122.28636169433594,37.850811004638672
9529736,2022,2022-12-05,0103,2022-10-21,2220,14,,5,5,6,0103,0,0,0,,0,013,"ASHBY AV","7TH ST",1082.00,W,N,A,-,Y,ALA,4,13,-,-,13.640,H,-,S,Y,3,0,2,2,A,-,08,22107,,F,D,C,A,A,H,-,B,D,0,,,Y,,Y,Y,-,99,0,2,0,0,0,0,0,0,2,"- ","- ",37.850238800048828,-122.29454040527344,ALAMEDA,BERKELEY,-122.29436492919922,37.849666595458984
9529744,2022,2022-12-05,0103,2022-10-24,0022,56,20,1,5,6,0103,0,0,0,,0,013,"RT 13","7TH ST",75.00,W,N,A,-,Y,ALA,4,13,-,-,13.470,H,-,S,N,3,0,1,2,A,-,01,23152,A,N,C,C,A,A,H,-,C,A,0,,,,,Y,Y,A,01,0,1,0,0,0,0,0,0,0,"- ","- ",37.851360321044922,-122.29087829589844,ALAMEDA,BERKELEY,-122.29159545898438,37.850830078125
9529748,2022,2022-12-05,0103,2022-10-24,1457,108,,1,5,6,0103,0,0,0,,0,014,"DELAWARE ST","SAN PABLO AV",22.00,E,N,A,-,Y,ALA,4,123,-,-,3.340,I,5,S,N,3,0,1,2,A,-,10,21950,A,N,D,B,B,-,H,-,A,A,0,Y,,,,Y,,A,01,0,1,0,0,1,0,0,0,0,"- ","- ",37.871688842773438,-122.29296112060547,ALAMEDA,BERKELEY,-122.29305267333984,37.871688842773438
9529752,2022,2022-12-05,0103,2022-10-26,0714,19,35,3,5,6,0103,0,0,0,,0,009,"ASHBY AV","MARTIN LUTHER KING JR WY",0.00,,Y,A,-,Y,ALA,4,13,-,-,12.320,I,5,N,Y,3,0,1,2,A,-,09,21800,A,N,A,C,A,A,H,-,A,A,0,,,,,Y,,A,01,0,1,0,0,0,0,0,0,0,"- ","- ",37.854320526123047,-122.27108001708984,ALAMEDA,BERKELEY,-122.27113342285156,37.854282379150391
9530228,2022,2022-12-06,0103,2022-10-01,2224,109,,6,5,6,0103,0,0,0,,0,006,"CHANNING ST",TELEGRAPH,0.00,,Y,A,-,N,,,,,,,,,,Y,3,0,1,2,A,-,03,22350,,F,G,B,B,A,H,-,C,A,0,Y,,,,Y,,A,01,0,1,0,0,1,0,0,0,0,"- ","- ",37.866909027099609,-122.25879669189453,ALAMEDA,BERKELEY,-122.25882720947266,37.866897583007812
9530269,2022,2022-11-30,0103,2022-10-31,1240,75,,1,5,6,0103,0,0,0,,0,005,DWIGHT,JEFFERSON,0.00,,Y,B,-,N,,,,,,,,,,N,3,0,1,2,A,-,08,22107,,N,D,C,A,A,H,-,A,D,0,,,Y,,Y,,A,01,0,1,0,0,0,0,0,0,1,"- ","- ",,,ALAMEDA,BERKELEY,-122.27777862548828,37.862632751464844
9530270,2022,2022-11-30,0103,2022-10-31,0200,61,28,1,5,6,0103,0,0,0,,0,006,COLLEGE,CHANNING,0.00,,Y,A,-,N,,,,,,,,,,N,3,0,1,2,A,-,12,21457,A,F,D,C,A,A,H,-,C,A,0,,,,,Y,,A,01,0,1,0,0,0,0,0,0,0,"- ","- ",37.867748260498047,-122.25209808349609,ALAMEDA,BERKELEY,-122.25428771972656,37.867481231689453
9530271,2022,2022-11-29,0103,2022-10-28,2358,56,21,5,5,6,0103,0,0,0,,0,015,7TH,"CEDAR ST",55.00,S,N,A,-,N,,,,,,,,,,Y,3,0,1,2,A,-,01,23152,B,N,A,E,A,A,H,-,C,D,0,,,,,Y,Y,A,01,0,1,0,0,0,0,0,0,0,"- ","- ",37.874469757080078,-122.298828125,ALAMEDA,BERKELEY,-122.29855346679688,37.874153137207031
9530272,2022,2022-11-29,0103,2022-10-26,1303,2,,3,5,6,0103,0,0,0,,0,003,HENRY,HEARST,0.00,,Y,A,-,N,,,,,,,,,,N,3,0,1,2,A,-,10,21950,A,N,G,B,B,A,H,-,A,A,0,Y,,,,Y,,A,01,0,1,0,0,1,0,0,0,0,"- ","- ",37.873729705810547,-122.26976013183594,ALAMEDA,BERKELEY,-122.26976776123047,37.87371826171875
9530274,2022,2022-11-29,0103,2022-10-25,0752,S29,16,2,5,6,0103,0,0,0,,0,002,SHASTA,KEITH,0.00,,Y,B,-,N,,,,,,,,,,N,3,0,1,1,A,-,03,22350,,N,E,I,A,A,H,-,A,D,0,,,Y,,Y,,C,02,0,1,0,0,0,0,0,0,1,"- ","- ",,,ALAMEDA,BERKELEY,-122.25862121582031,37.886848449707031
9530275,2022,2022-11-29,0103,2022-10-25,0701,104,20,2,5,6,0103,0,0,0,,0,015,FRONTAGE,"UNIVERSITY AV",776.00,N,N,A,-,N,,,,,,,,,,Y,2,0,1,1,A,-,03,22350,,N,F,I,A,A,H,-,D,D,0,,,Y,,Y,,C,02,1,0,0,0,0,0,0,0,1,"- ","- ",37.878009796142578,-122.30796051025391,ALAMEDA,BERKELEY,-122.30492401123047,37.868331909179688
9530276,2022,2022-11-29,0103,2022-10-24,1852,144,,1,5,6,0103,0,0,0,,0,007,CLAREMONT,RUSSELL,0.00,,Y,A,-,N,,,,,,,,,,N,3,0,1,2,A,-,09,21802,A,N,D,G,A,A,H,-,A,D,0,,Y,,,Y,,A,07,0,1,0,0,0,0,1,0,0,"- ","- ",,,ALAMEDA,BERKELEY,-122.24457550048828,37.859020233154297
9530277,2022,2022-11-30,0103,2022-10-23,1404,119,20,7,5,6,0103,0,0,0,,0,013,CARLETON,8TH,0.00,,Y,A,-,N,,,,,,,,,,Y,3,0,2,2,A,-,12,22450,A,N,D,C,A,A,H,-,A,D,0,,,,,Y,,A,01,0,1,1,0,0,0,0,0,0,"- ","- ",37.857040405273438,-122.29129028320312,ALAMEDA,BERKELEY,-122.29191589355469,37.857223510742188
9530278,2022,2022-11-29,0103,2022-10-23,1203,28,,7,5,6,0103,0,0,0,,0,002,EUCLID,"LE CONTE",0.00,,Y,A,-,N,,,,,,,,,,N,3,0,1,2,A,-,10,21950,A,N,G,B,B,A,H,-,A,A,0,Y,,,,Y,,A,01,0,1,0,0,1,0,0,0,0,"- ","- ",37.876941680908203,-122.26051330566406,ALAMEDA,BERKELEY,-122.26052093505859,37.876941680908203
9530279,2022,2022-12-08,0103,2022-10-20,1731,19,21,4,5,6,0103,0,0,0,,0,014,UNIVERSITY,"SAN PABLO",0.00,,Y,A,-,N,,,,,,,,,,N,3,0,1,2,D,-,00,,,N,D,G,A,A,H,-,B,D,0,,Y,,,Y,,-,"- ",0,1,0,0,0,0,1,0,0,"- ","- ",37.868198394775391,-122.29662322998047,ALAMEDA,BERKELEY,-122.29209136962891,37.869148254394531
9530280,2022,2022-11-30,0103,2022-10-20,1029,104,4001,4,5,6,0103,0,0,0,,0,009,ADELINE,STANFORD,0.00,,Y,A,-,N,,,,,,,,,,Y,3,0,1,2,A,-,12,21453,A,N,D,C,A,A,H,-,A,A,0,,,,,Y,,A,01,0,1,0,0,0,0,0,0,0,"- ","- ",37.846889495849609,-122.27265167236328,ALAMEDA,BERKELEY,-122.27252960205078,37.846736907958984
9530283,2022,2022-11-29,0103,2022-10-18,2003,95,,2,5,6,0103,0,0,0,,0,007,TUNNEL,DOMINGO,0.00,,Y,A,-,N,,,,,,,,,,N,3,0,1,2,A,-,12,21453,A,N,D,C,A,A,H,-,C,A,0,,,,,Y,,A,01,0,1,0,0,0,0,0,0,0,"- ","- ",37.858081817626953,-122.24385833740234,ALAMEDA,BERKELEY,-122.24385833740234,37.858066558837891
9530284,2022,2022-11-29,0103,2022-10-17,2040,95,,1,5,6,0103,0,0,0,,0,008,WOOLSEY,SHATTUCK,0.00,,Y,A,-,N,,,,,,,,,,N,3,0,1,2,A,-,03,22350,,F,C,G,A,-,H,-,C,D,0,,Y,,,Y,,A,01,0,1,0,0,0,0,1,0,0,"- ","- ",37.852378845214844,-122.26612091064453,ALAMEDA,BERKELEY,-122.26615142822266,37.852363586425781
9530286,2022,2022-11-29,0103,2022-10-14,1730,28,,5,5,6,0103,0,0,0,,0,002,VIRGINIA,WALNUT,0.00,,Y,A,-,N,,,,,,,,,,N,3,0,1,2,A,-,09,21802,A,N,D,C,A,A,H,-,A,A,0,,,,,Y,,A,01,0,1,0,0,0,0,0,0,0,"- ","- ",37.876739501953125,-122.26779174804688,ALAMEDA,BERKELEY,-122.26779174804688,37.876743316650391
9530289,2022,2022-11-29,0103,2022-10-11,1509,5,,2,5,6,0103,0,0,0,,0,004,CENTER,MILVIA,0.00,,Y,A,-,N,,,,,,,,,,N,3,0,1,2,A,-,03,22350,,N,D,G,A,A,H,-,A,D,0,,Y,,,Y,,L,04,0,1,0,0,0,0,1,0,0,"- ","- ",37.870578765869141,-122.26966094970703,ALAMEDA,BERKELEY,-122.27054595947266,37.869956970214844
9530290,2022,2022-12-07,0103,2022-10-11,0952,120,20,2,5,6,0103,0,0,0,,0,013,PARKER,"10TH ST",0.00,,Y,A,-,N,,,,,,,,,,N,3,0,1,1,A,-,17,21235,G,N,E,I,A,A,H,-,A,D,0,,,,,Y,,M,94,0,1,0,0,0,0,0,0,0,"- ","- ",37.863349914550781,-122.27030944824219,ALAMEDA,BERKELEY,-122.2901611328125,37.859104156494141
9530292,2022,2022-11-29,0103,2022-10-08,0830,73,23,6,5,6,0103,0,0,0,,0,003,SACRAMENTO,"LINCOLN ST",100.00,N,N,A,-,N,,,,,,,,,,N,2,0,1,2,A,-,04,21703,,F,C,G,A,A,H,-,A,D,0,,Y,,,Y,,A,01,1,0,0,0,0,0,1,0,0,"- ","- ",37.876880645751953,-122.27639007568359,ALAMEDA,BERKELEY,-122.28267669677734,37.876125335693359
9530293,2022,2022-11-29,0103,2022-10-07,1543,104,31,5,5,6,0103,0,0,0,,0,012,UNIVERSITY,ACTON,0.00,,Y,A,-,N,,,,,,,,,,N,2,0,1,2,A,-,12,21453,A,N,D,C,A,A,H,-,A,A,0,,,Y,,Y,,C,03,1,0,0,0,0,0,0,0,1,"- ","- ",37.870109558105469,-122.28424835205078,ALAMEDA,BERKELEY,-122.28426361083984,37.870182037353516
9530294,2022,2022-11-29,0103,2022-10-06,1510,87,28,4,5,6,0103,0,0,0,,0,006,CHANNING,DANA,0.00,,Y,A,-,N,,,,,,,,,,N,3,0,1,2,A,-,08,22107,,N,G,B,B,A,H,-,A,A,0,Y,,,,Y,,A,01,0,1,0,0,1,0,0,0,0,"- ","- ",37.866611480712891,-122.26109313964844,ALAMEDA,BERKELEY,-122.26107025146484,37.866619110107422
9530295,2022,2022-12-09,0103,2022-10-05,1800,95,,3,5,6,0103,0,0,0,,0,008,SHATTUCK,"CARLETON ST",50.00,S,N,A,-,N,,,,,,,,,,N,3,0,1,2,A,-,03,22350,,N,C,C,A,A,H,-,A,A,0,,,,,Y,,A,01,0,1,0,0,0,0,0,0,0,"- ","- ",37.858928680419922,-122.26663208007812,ALAMEDA,BERKELEY,-122.26709747314453,37.861114501953125
9530297,2022,2022-11-29,0103,2022-10-04,1915,155,,2,5,6,0103,0,0,0,,0,016,UNIVERSITY,ACTON,0.00,,Y,A,-,N,,,,,,,,,,N,3,0,1,2,A,-,10,21950,A,N,G,B,B,A,H,-,C,A,0,Y,,,,Y,,A,01,0,1,0,0,1,0,0,0,0,"- ","- ",37.870109558105469,-122.28424835205078,ALAMEDA,BERKELEY,-122.28426361083984,37.870182037353516
9530298,2022,2022-11-29,0103,2022-10-04,1526,S32,,2,5,6,0103,0,0,0,,0,012,BANCROFT,SACRAMENTO,0.00,,Y,A,-,N,,,,,,,,,,N,3,0,2,3,A,-,10,21950,A,N,A,B,B,A,H,-,A,A,0,Y,,,,Y,,A,01,0,2,0,0,2,0,0,0,0,"- ","- ",37.865821838378906,-122.28147888183594,ALAMEDA,BERKELEY,-122.28157806396484,37.865798950195312
9530299,2022,2022-11-29,0103,2022-10-04,1030,118,,2,5,6,0103,0,0,0,,0,008,OREGON,SHATTUCK,0.00,,Y,A,-,N,,,,,,,,,,N,3,0,1,2,A,-,12,21453,A,N,G,B,B,A,H,-,A,A,0,Y,,,,Y,,A,01,0,1,0,0,1,0,0,0,0,"- ","- ",,,ALAMEDA,BERKELEY,-122.26680755615234,37.857616424560547
9530300,2022,2022-11-29,0103,2022-10-02,1727,153,,7,5,6,0103,0,0,0,,0,014,UNIVERSITY,SEAWALL,57.00,E,N,A,-,N,,,,,,,,,,Y,3,0,1,1,A,-,01,23152,A,N,H,A,A,A,H,-,A,D,0,,,Y,,Y,Y,C,02,0,1,0,0,0,0,0,0,1,"- ","- ",37.869041442871094,-122.31466674804688,ALAMEDA,BERKELEY,-122.31708526611328,37.863140106201172
9530932,2022,2022-12-07,0109,2022-09-12,2236,9904,2,1,5,7,0109,0,0,0,,0,33X,"INTERNATIONAL BL","98TH AV",50.00,E,N,A,-,N,,,,,,,,,,Y,3,0,1,2,A,-,03,22350,,F,C,C,A,A,-,-,C,A,0,,,,,Y,,-,99,0,1,0,0,0,0,0,0,0,"- ","- ",,,ALAMEDA,OAKLAND,-122.17049407958984,37.744213104248047
9536168,2022,2023-01-04,0103,2022-11-16,1045,S32,,3,5,6,0103,0,0,0,,0,012,"RT 123","ADDISON ST",0.00,,Y,A,-,Y,ALA,4,123,-,-,3.080,I,5,N,N,3,0,1,2,A,-,21,22106,,N,G,B,B,-,H,-,A,A,0,Y,,,,Y,,A,01,0,1,0,0,1,0,0,0,0,"- ","- ",37.867828369140625,-122.291259765625,ALAMEDA,BERKELEY,-122.29180145263672,37.868129730224609
9536172,2022,2023-01-04,0103,2022-11-29,1645,108,,2,5,6,0103,0,0,0,,0,013,"RT 123","CHANNING WY",0.00,,Y,A,-,Y,ALA,4,123,-,-,2.700,I,5,S,N,3,0,1,2,A,-,09,21802,A,N,D,G,A,A,H,-,A,D,0,,Y,,,Y,,A,01,0,1,0,0,0,0,1,0,0,"- ","- ",37.861091613769531,-122.28955078125,ALAMEDA,BERKELEY,-122.29021453857422,37.862869262695312
9536239,2022,2022-12-27,0103,2022-11-10,2154,12,,4,5,6,0103,0,0,0,,0,005,SHATTUCK,DERBY,0.00,,Y,A,-,N,,,,,,,,,,N,3,0,1,2,A,-,10,21950,A,N,G,B,B,A,H,-,C,D,0,Y,,,,Y,,A,01,0,1,0,0,1,0,0,0,0,"- ","- ",37.860569000244141,-122.26744079589844,ALAMEDA,BERKELEY,-122.26712036132812,37.860336303710938
9536256,2022,2023-01-12,0109,2022-10-29,2157,10041,1,6,5,7,0109,0,0,0,,0,19X,"20TH AV","INTERNATIONAL BL",0.00,,Y,A,-,N,,,,,,,,,,N,3,0,1,2,A,-,12,21453,A,M,G,G,A,A,H,-,C,A,0,,Y,,,Y,,A,01,0,1,0,0,0,0,1,0,0,"- ","- ",,,ALAMEDA,OAKLAND,-122.23998260498047,37.785835266113281
9536284,2022,2023-01-12,0103,2022-11-07,0108,80,36,1,5,6,0103,0,0,0,,0,006,HILLEGASS,PARKER,0.00,,Y,A,-,N,,,,,,,,,,N,3,0,1,2,A,-,12,22450,A,F,D,G,A,B,H,-,C,A,0,,Y,,,Y,,A,01,0,1,0,0,0,0,1,0,0,"- ","- ",37.863788604736328,-122.25602722167969,ALAMEDA,BERKELEY,-122.25630187988281,37.863441467285156
9536288,2022,2023-01-12,0103,2022-11-17,1729,24,,4,5,6,0103,0,0,0,,0,010,ADELINE,"ASHBY AV",28.00,N,N,A,-,N,,,,,,,,,,N,3,0,1,1,C,-,18,,,N,H,J,A,A,H,-,C,A,0,,Y,,,Y,,-,"- ",0,1,0,0,0,0,1,0,0,"- ","- ",37.854938507080078,-122.26950836181641,ALAMEDA,BERKELEY,-122.26912689208984,37.854713439941406
9536292,2022,2023-01-12,0103,2022-11-03,2036,S19,,4,5,6,0103,0,0,0,,0,007,CHANNING,"BOWDITCH ST",135.00,W,N,A,-,N,,,,,,,,,,N,2,0,1,1,A,-,03,22350,,N,H,A,A,A,H,-,C,A,0,,,,,Y,,M,94,1,0,0,0,0,0,0,0,0,"- ","- ",37.867210388183594,-122.25653076171875,ALAMEDA,BERKELEY,-122.25698852539062,37.867141723632812
9536756,2022,2023-11-22,0109,2022-03-09,1945,9515,2,3,5,7,0109,0,0,0,,0,26X,"HEGENBERGER RD","INTERNATIONAL BL",10.00,S,N,A,-,N,,,,,,,,,,N,3,0,1,2,A,-,12,21453,A,M,D,G,A,A,H,-,C,A,0,,Y,,,Y,,A,01,0,1,0,0,0,0,1,0,0,"- ","- ",,,ALAMEDA,OAKLAND,-122.18709564208984,37.759185791015625
9536757,2022,2022-12-12,0109,2022-03-25,1900,9385,1,5,5,7,0109,0,0,0,,0,05X,"FRONTAGE RD","14TH ST",100.00,N,N,A,-,N,,,,,,,,,,N,2,0,1,2,A,-,03,22350,,N,C,C,A,A,H,-,A,D,0,,,Y,,Y,,C,02,1,0,0,0,0,0,0,0,1,"- ","- ",,,ALAMEDA,OAKLAND,-122.29959106445312,37.814495086669922
9536850,2022,2023-01-06,0103,2022-11-23,1732,149,34,3,5,6,0103,0,0,0,,0,010,"ASHBY AV","KING ST",125.00,W,N,A,-,N,,,,,,,,,,Y,3,0,1,2,A,-,03,22350,,N,C,E,A,A,H,-,C,D,0,,,,,Y,,A,01,0,1,0,0,0,0,0,0,0,"- ","- ",37.854030609130859,-122.27481842041016,ALAMEDA,BERKELEY,-122.27479553222656,37.853843688964844
9536851,2022,2023-01-06,0103,2022-11-23,0136,90,,3,5,6,0103,0,0,0,,0,015,"6TH ST","CEDAR AV",0.00,,Y,A,-,N,,,,,,,,,,Y,2,0,2,2,A,-,12,21457,A,N,D,C,A,A,H,-,-,A,0,,,,,Y,,A,01,1,1,0,0,0,0,0,0,0,"- ","- ",37.874088287353516,-122.29962921142578,ALAMEDA,BERKELEY,-122.29965972900391,37.874088287353516
9536852,2022,2023-01-06,0103,2022-11-22,1233,112,,2,5,6,0103,0,0,0,,0,009,"SACRAMENTO AV",ALCATRAZ,0.00,,Y,A,-,N,,,,,,,,,,Y,2,0,5,4,A,-,09,21801,A,N,B,C,A,A,H,-,A,A,0,,,,,Y,,A,07,1,2,2,0,0,0,0,0,0,"- ","- ",37.847900390625,-122.27774047851562,ALAMEDA,BERKELEY,-122.27783966064453,37.847915649414062
9536856,2022,2022-12-27,0109,2022-03-18,2054,8881,2,5,5,7,0109,0,0,0,,0,30X,"BANCROFT AV","HAVENSCOURT BL",0.00,,Y,A,-,N,,,,,,,,,,N,2,0,1,2,A,-,12,21453,A,F,D,C,A,A,H,-,C,A,0,,,,,Y,,A,01,1,0,0,0,0,0,0,0,0,"- ","- ",,,ALAMEDA,OAKLAND,-122.18215179443359,37.769641876220703
9536859,2022,2022-12-23,0109,2022-05-26,1626,9909,1,4,5,7,0109,0,0,0,,0,08X,"OAKLAND AV","PEARL ST",0.00,,Y,A,-,N,,,,,,,,,,Y,3,0,1,3,A,-,08,22107,,N,B,E,A,A,H,-,A,D,0,,,,,Y,,A,01,0,1,0,0,0,0,0,0,0,"- ","- ",,,ALAMEDA,OAKLAND,-122.25558471679688,37.817649841308594
9537381,2022,2023-01-06,0103,2022-11-14,0906,21,,1,5,6,0103,0,0,0,,0,003,"SHATTUCK AV",VIRGINIA,0.00,,Y,A,-,N,,,,,,,,,,Y,3,0,2,2,A,-,09,21802,A,N,D,C,A,A,H,-,A,A,0,,,,,Y,,A,01,0,2,0,0,0,0,0,0,0,"- ","- ",37.876598358154297,-122.26889801025391,ALAMEDA,BERKELEY,-122.26894378662109,37.876590728759766