CASE_ID,ACCIDENT_YEAR,PROC_DATE,JURIS,COLLISION_DATE,COLLISION_TIME,OFFICER_ID,REPORTING_DISTRICT,DAY_OF_WEEK,CHP_SHIFT,POPULATION,CNTY_CITY_LOC,SPECIAL_COND,BEAT_TYPE,CHP_BEAT_TYPE,CITY_DIVISION_LAPD,CHP_BEAT_CLASS,BEAT_NUMBER,PRIMARY_RD,SECONDARY_RD,DISTANCE,DIRECTION,INTERSECTION,WEATHER_1,WEATHER_2,STATE_HWY_IND,CALTRANS_COUNTY,CALTRANS_DISTRICT,STATE_ROUTE,ROUTE_SUFFIX,POSTMILE_PREFIX,POSTMILE,LOCATION_TYPE,RAMP_INTERSECTION,SIDE_OF_HWY,TOW_AWAY,COLLISION_SEVERITY,NUMBER_KILLED,NUMBER_INJURED,PARTY_COUNT,PRIMARY_COLL_FACTOR,PCF_CODE_OF_VIOL,PCF_VIOL_CATEGORY,PCF_VIOLATION,PCF_VIOL_SUBSECTION,HIT_AND_RUN,TYPE_OF_COLLISION,MVIW,PED_ACTION,ROAD_SURFACE,ROAD_COND_1,ROAD_COND_2,LIGHTING,CONTROL_DEVICE,CHP_ROAD_TYPE,PEDESTRIAN_ACCIDENT,BICYCLE_ACCIDENT,MOTORCYCLE_ACCIDENT,TRUCK_ACCIDENT,NOT_PRIVATE_PROPERTY,ALCOHOL_INVOLVED,STWD_VEHTYPE_AT_FAULT,CHP_VEHTYPE_AT_FAULT,COUNT_SEVERE_INJ,COUNT_VISIBLE_INJ,COUNT_COMPLAINT_PAIN,COUNT_PED_KILLED,COUNT_PED_INJURED,COUNT_BICYCLIST_KILLED,COUNT_BICYCLIST_INJURED,COUNT_MC_KILLED,COUNT_MC_INJURED,PRIMARY_RAMP,SECONDARY_RAMP,LATITUDE,LONGITUDE,COUNTY,CITY,POINT_X,POINT_Y
9537382,2022,2023-01-06,0103,2022-11-14,1126,104,30,1,5,6,0103,0,0,0,,0,012,BANCROFT,"SACRAMENTO AV",0.00,,Y,A,-,N,,,,,,,,,,Y,3,0,2,2,A,-,09,21802,A,N,D,C,A,A,H,-,A,A,0,,,,,Y,,A,07,0,2,0,0,0,0,0,0,0,"- ","- ",37.865821838378906,-122.28147888183594,ALAMEDA,BERKELEY,-122.28157806396484,37.865798950195312
9537383,2022,2023-01-06,0103,2022-11-14,1737,58,,1,5,6,0103,0,0,0,,0,014,UNIVERSITY,"W FRONTAGE RD",0.00,,Y,A,-,N,,,,,,,,,,N,3,0,3,2,A,-,09,21802,A,N,D,C,A,A,A,-,C,A,0,,,,,Y,,A,01,0,3,0,0,0,0,0,0,0,"- ","- ",37.866439819335938,-122.30555725097656,ALAMEDA,BERKELEY,-122.30553436279297,37.866348266601562
9537384,2022,2023-01-06,0103,2022-11-15,1025,112,,2,5,6,0103,0,0,0,,0,006,"PARKER AV",TELEGRAPH,0.00,,Y,A,-,N,,,,,,,,,,Y,3,0,1,2,A,-,09,21802,A,N,D,C,A,A,H,-,A,A,0,,,,,Y,,A,01,0,1,0,0,0,0,0,0,0,"- ","- ",37.863258361816406,-122.25868988037109,ALAMEDA,BERKELEY,-122.25871276855469,37.863235473632812
9537385,2022,2023-01-06,0103,2022-11-15,2006,14,,2,5,6,0103,0,0,0,,0,002,"HEARST ST","EUCLID AV",0.00,,Y,A,-,N,,,,,,,,,,N,2,0,1,2,A,-,09,21801,A,N,A,G,A,A,H,-,C,A,0,,Y,,,Y,,L,04,1,0,0,0,0,0,1,0,0,"- ","- ",37.875080108642578,-122.26013946533203,ALAMEDA,BERKELEY,-122.26013946533203,37.875087738037109
9537386,2022,2023-01-06,0103,2022-11-11,1851,55,24,5,5,6,0103,0,0,0,,0,003,"SHATTUCK AV","HEARST AV",0.00,,Y,A,-,N,,,,,,,,,,Y,3,0,1,2,A,-,08,22107,,N,D,C,A,A,H,-,C,A,0,,,,,Y,Y,A,01,0,1,0,0,0,0,0,0,0,"- ","- ",37.873889923095703,-122.26857757568359,ALAMEDA,BERKELEY,-122.26860046386719,37.873836517333984
9537387,2022,2023-01-06,0103,2022-11-11,2120,109,30,5,5,6,0103,0,0,0,,0,005,"DWIGHT CRES","MCGEE AV",12.00,E,N,A,-,N,,,,,,,,,,Y,3,0,1,2,A,-,07,21658,A,N,B,C,A,A,H,-,C,D,0,,,,,Y,,A,01,0,1,0,0,0,0,0,0,0,"- ","- ",37.862758636474609,-122.27664947509766,ALAMEDA,BERKELEY,-122.27661895751953,37.862773895263672
9537388,2022,2023-01-06,0103,2022-11-19,0618,108,,6,5,6,0103,0,0,0,,0,014,"WEST FRONTAGE","UNIVERSITY AV",740.00,N,N,A,-,N,,,,,,,,,,Y,3,0,1,1,A,-,08,22107,,N,E,I,A,A,H,-,-,D,0,,,,,Y,,A,01,0,1,0,0,0,0,0,0,0,"- ","- ",37.866439819335938,-122.30555725097656,ALAMEDA,BERKELEY,-122.30497741699219,37.868240356445312
9537390,2022,2023-01-06,0103,2022-11-28,0139,120,39,1,5,6,0103,0,0,0,,0,009,"62ND AV","MARTIN LUTHER KING JR WY",0.00,,Y,A,-,N,,,,,,,,,,Y,3,0,1,1,A,-,01,23152,A,N,E,I,A,-,H,-,C,D,0,,,,,Y,Y,A,01,0,1,0,0,0,0,0,0,0,"- ","- ",37.846839904785156,-122.27079772949219,ALAMEDA,BERKELEY,-122.27101898193359,37.846961975097656
9537391,2022,2023-01-06,0103,2022-11-28,1021,3,,1,5,6,0103,0,0,0,,0,002,"SHATTUCK AV","ROSE ST",288.00,S,N,A,-,N,,,,,,,,,,Y,3,0,2,2,A,-,09,21802,A,N,D,D,A,A,H,-,A,A,0,,,,,Y,,A,01,0,2,0,0,0,0,0,0,0,"- ","- ",37.880760192871094,-122.27002716064453,ALAMEDA,BERKELEY,-122.26955413818359,37.881248474121094
9537392,2022,2023-01-06,0103,2022-11-28,2009,27,24,1,5,6,0103,0,0,0,,0,004,"MARTIN LUTHER KING JR WY",UNIVERSITY,0.00,,Y,A,-,N,,,,,,,,,,N,3,0,2,2,A,-,09,21801,A,N,D,C,A,A,H,-,C,A,0,,,,,Y,,A,01,0,1,1,0,0,0,0,0,0,"- ","- ",37.871559143066406,-122.27300262451172,ALAMEDA,BERKELEY,-122.27300262451172,37.871524810791016
9537393,2022,2023-01-06,0103,2022-11-29,1515,25,,2,5,6,0103,0,0,0,,0,006,"PARKER AV","BENVENUE AV",0.00,,Y,A,-,N,,,,,,,,,,N,2,0,1,2,A,-,08,22107,,N,H,G,A,A,H,-,A,D,0,,Y,,,Y,,A,01,1,0,0,0,0,0,1,0,0,"- ","- ",37.863529205322266,-122.25499725341797,ALAMEDA,BERKELEY,-122.25499725341797,37.863529205322266
9537394,2022,2023-01-06,0103,2022-11-29,1632,11,,2,5,6,0103,0,0,0,,0,015,"GILMAN AV","W FRANTAGE RD",0.00,,Y,A,-,N,,,,,,,,,,Y,2,0,1,2,A,-,09,21801,A,N,A,D,A,A,H,-,A,D,0,,,,,Y,,-,,1,0,0,0,0,0,0,0,0,"- ","- ",37.878009796142578,-122.30796051025391,ALAMEDA,BERKELEY,-122.30793762207031,37.878013610839844
9537395,2022,2023-01-06,0103,2022-11-30,2220,38,,3,5,6,0103,0,0,0,,0,001,"HENRY CT","BERRYMAN ST",0.00,,Y,A,-,N,,,,,,,,,,Y,2,0,5,2,A,-,03,22350,,N,D,C,A,-,H,-,C,A,0,,,,,Y,,A,01,1,2,2,0,0,0,0,0,0,"- ","- ",37.883678436279297,-122.27091979980469,ALAMEDA,BERKELEY,-122.27106475830078,37.883636474609375
9537396,2022,2023-01-06,0103,2022-11-17,1449,67,,4,5,6,0103,0,0,0,,0,014,"6TH AV","ALLSTON WY",135.00,N,N,A,-,N,,,,,,,,,,N,3,0,1,2,A,-,09,21804,A,N,D,C,A,A,H,-,A,A,0,,,,,Y,,A,01,0,1,0,0,0,0,0,0,0,"- ","- ",37.865261077880859,-122.29678344726562,ALAMEDA,BERKELEY,-122.29689788818359,37.865619659423828
9537398,2022,2023-01-06,0103,2022-11-26,1013,150,,6,5,6,0103,0,0,0,,0,002,"OXFORD ST","VIRGINIA ST",0.00,,Y,A,-,N,,,,,,,,,,N,3,0,1,2,A,-,05,21460,A,N,B,G,A,A,H,-,A,A,0,,Y,,,Y,,A,01,0,1,0,0,0,0,1,0,0,"- ","- ",37.876888275146484,-122.26666259765625,ALAMEDA,BERKELEY,-122.26666259765625,37.876869201660156
9537399,2022,2023-01-06,0103,2022-11-26,1532,51,32,6,5,6,0103,0,0,0,,0,013,"6TH AV","CHANNING WY",0.00,,Y,A,-,N,,,,,,,,,,N,3,0,1,3,A,-,04,21703,,N,A,C,A,A,H,-,-,D,0,,,,,Y,,A,01,0,1,0,0,0,0,0,0,0,"- ","- ",37.861740112304688,-122.29564666748047,ALAMEDA,BERKELEY,-122.29566955566406,37.861747741699219
9537400,2022,2023-01-17,0103,2022-11-23,1604,58,,3,5,6,0103,0,0,0,,0,014,EASTSHORE,"HEARST AV",847.00,N,N,A,-,N,,,,,,,,,,N,3,0,1,2,A,-,09,21801,A,N,D,C,A,A,F,-,A,D,0,,,Y,,Y,,A,01,0,1,0,0,0,0,0,0,1,"- ","- ",37.870948791503906,-122.30390930175781,ALAMEDA,BERKELEY,-122.30446624755859,37.870441436767578
9537406,2022,2023-01-11,0103,2022-11-03,0928,87,16,4,5,6,0103,0,0,0,,0,002,EUNICE,EUCLID,0.00,,Y,A,-,N,,,,,,,,,,N,3,0,1,2,A,-,08,22107,,N,B,B,B,A,H,-,A,A,0,Y,,,,Y,,A,01,0,1,0,0,1,0,0,0,0,"- ","- ",37.886650085449219,-122.26235198974609,ALAMEDA,BERKELEY,-122.26235961914062,37.886562347412109
9537407,2022,2023-01-11,0103,2022-11-03,0845,122,,4,5,6,0103,0,0,0,,0,001,SPRUCE,WASHINGTON,0.00,,Y,A,-,N,,,,,,,,,,N,3,0,1,2,D,-,00,,,N,G,B,D,A,H,-,A,D,0,Y,,,,Y,,-,"- ",0,1,0,0,1,0,0,0,0,"- ","- ",37.901851654052734,-122.27018737792969,ALAMEDA,BERKELEY,,
9537411,2022,2023-01-11,0103,2022-11-08,1212,S32,,2,5,6,0103,0,0,0,,0,012,UNIVERSITY,CURTIS,0.00,,Y,A,-,N,,,,,,,,,,Y,3,0,2,2,A,-,09,21802,A,N,D,C,A,A,H,-,A,A,0,,,,,Y,,A,01,0,2,0,0,0,0,0,0,0,"- ","- ",37.869438171386719,-122.28952026367188,ALAMEDA,BERKELEY,-122.28952789306641,37.869388580322266
9537412,2022,2023-01-13,0103,2022-11-09,0823,85,,3,5,6,0103,0,0,0,,0,006,BANCROFT,COLLEGE,359.00,W,N,B,-,N,,,,,,,,,,N,3,0,1,2,A,-,08,22107,,N,B,G,A,B,H,-,A,D,0,,Y,,,Y,Y,A,01,0,1,0,0,0,0,1,0,0,"- ","- ",37.869289398193359,-122.25460815429688,ALAMEDA,BERKELEY,-122.25586700439453,37.869136810302734
9537415,2022,2023-01-11,0103,2022-11-09,2205,25,,3,5,6,0103,0,0,0,,0,006,HILLGASS,PARKER,0.00,,Y,A,-,N,,,,,,,,,,N,3,0,1,2,A,-,12,22450,A,N,D,G,A,A,H,-,C,A,0,,Y,,,Y,,L,04,0,1,0,0,0,0,1,0,0,"- ","- ",37.863788604736328,-122.25602722167969,ALAMEDA,BERKELEY,-122.25630187988281,37.863441467285156
9537416,2022,2023-01-11,0103,2022-11-10,0714,85,,4,5,6,0103,0,0,0,,0,005,"MARTIN LUTHER KING JR",CARLETON,0.00,,Y,A,-,N,,,,,,,,,,N,2,0,1,2,A,-,08,22107,,F,B,B,B,A,H,-,A,D,0,Y,,,,Y,,A,07,1,0,0,0,1,0,0,0,0,"- ","- ",37.860630035400391,-122.27179718017578,ALAMEDA,BERKELEY,-122.27180480957031,37.860633850097656
9537417,2022,2023-01-11,0103,2022-11-05,1853,56,13,6,5,6,0103,0,0,0,,0,001,SOLANO,FRESNO,0.00,,Y,C,-,N,,,,,,,,,,N,3,0,1,2,A,-,09,21801,A,N,D,G,A,B,H,-,C,D,0,,Y,,,Y,,A,01,0,1,0,0,0,0,1,0,0,"- ","- ",37.891429901123047,-122.27819061279297,ALAMEDA,BERKELEY,-122.27825164794922,37.891422271728516
9537418,2022,2023-01-11,0103,2022-11-12,1852,55,,6,5,6,0103,0,0,0,,0,002,SHATTUCK,VIRGINIA,0.00,,Y,A,-,N,,,,,,,,,,Y,3,0,1,2,A,-,09,21802,A,N,D,C,A,A,H,-,C,D,0,,,,,Y,,A,08,0,1,0,0,0,0,0,0,0,"- ","- ",37.876819610595703,-122.26920318603516,ALAMEDA,BERKELEY,-122.26894378662109,37.876590728759766
9537420,2022,2023-01-11,0103,2022-11-13,1559,153,,7,5,6,0103,0,0,0,,0,001,"MARTIN LUTHER KING JR",ROSE,0.00,,Y,A,-,N,,,,,,,,,,N,3,0,1,2,A,-,09,21801,A,N,D,G,A,A,H,-,B,A,0,,Y,,,Y,,A,07,0,1,0,0,0,0,1,0,0,"- ","- ",37.881439208984375,-122.27410125732422,ALAMEDA,BERKELEY,-122.27410125732422,37.881439208984375
9537422,2022,2023-01-04,0109,2022-11-11,0904,9988,2,5,5,7,0109,0,0,0,,0,20X,"HIGH ST","BANCROFT AV",10.00,N,N,A,-,N,,,,,,,,,,Y,3,0,1,2,A,-,09,21804,A,F,D,C,A,A,H,-,A,A,0,,,,,Y,,A,01,0,1,0,0,0,0,0,0,0,"- ","- ",,,ALAMEDA,OAKLAND,-122.21345520019531,37.773399353027344
9537423,2022,2023-01-04,0109,2022-11-12,1920,9353,2,6,5,7,0109,0,0,0,,0,27X,"INTERNATIONAL BL","55TH AV",5.00,W,N,A,-,N,,,,,,,,,,N,3,0,1,2,A,-,08,22107,,M,G,C,A,A,H,-,C,A,0,,,,,Y,Y,-,99,0,1,0,0,0,0,0,0,0,"- ","- ",,,ALAMEDA,OAKLAND,-122.20369720458984,37.767086029052734
9537491,2022,2023-01-10,0103,2022-11-23,1520,75,,3,5,6,0103,0,0,0,,0,009,ADELINE,STANFORD,0.00,,Y,A,-,N,,,,,,,,,,N,2,0,1,2,A,-,09,21801,A,N,D,C,A,A,H,-,A,A,0,,,,,Y,,A,01,1,0,0,0,0,0,0,0,0,"- ","- ",,,ALAMEDA,BERKELEY,-122.27252960205078,37.846736907958984
9537492,2022,2023-01-10,0103,2022-11-21,1139,112,,1,5,6,0103,0,0,0,,0,004,UNIVERSITY,"BONITA ST",88.00,W,N,A,-,N,,,,,,,,,,Y,2,0,1,2,A,-,04,21703,,N,C,C,A,A,H,-,A,A,0,,,,,Y,,D,22,1,0,0,0,0,0,0,0,0,"- ","- ",37.872150421142578,-122.26840972900391,ALAMEDA,BERKELEY,-122.27220153808594,37.871711730957031
9537493,2022,2023-01-10,0103,2022-11-19,1906,29,11,6,5,6,0103,0,0,0,,0,001,MARIN,CRESTON,92.00,W,N,A,-,N,,,,,,,,,,Y,3,0,1,4,A,-,05,21651,B,N,A,E,A,A,H,-,C,D,0,,,,,Y,,A,01,0,1,0,0,0,0,0,0,0,"- ","- ",37.897480010986328,-122.26136779785156,ALAMEDA,BERKELEY,-122.26104736328125,37.897430419921875
9537496,2022,2023-01-10,0103,2022-11-09,0817,3,12,3,5,6,0103,0,0,0,,0,001,"THE ALAMEDA","MARIN AV",26.00,N,N,A,-,N,,,,,,,,,,N,3,0,1,2,A,-,09,21453,B,N,B,C,A,A,H,-,A,A,0,,,,,Y,,A,08,0,1,0,0,0,0,0,0,0,"- ","- ",37.888851165771484,-122.27657318115234,ALAMEDA,BERKELEY,-122.27655792236328,37.888950347900391
9537497,2022,2023-01-10,0103,2022-11-09,0142,23,38,3,5,6,0103,0,0,0,,0,007,COLLEGE,"ALCATRAZ AV",0.00,,Y,A,-,N,,,,,,,,,,Y,3,0,1,6,A,-,01,23152,F,N,B,E,A,B,H,-,C,A,0,,,,,Y,,A,01,0,1,0,0,0,0,0,0,0,"- ","- ",37.852020263671875,-122.25228118896484,ALAMEDA,BERKELEY,-122.25247192382812,37.851272583007812
9537539,2022,2023-01-13,0109,2022-11-12,1955,10052,2,6,5,7,0109,0,0,0,,0,24Y,"35TH AV","RT 580",0.00,,Y,A,-,Y,ALA,4,580,-,R,40.771,R,4,E,Y,3,0,2,2,A,-,03,22350,,M,C,C,A,A,H,-,C,A,0,,,,,Y,,A,07,0,1,1,0,0,0,0,0,0,"- ",EF,,,ALAMEDA,OAKLAND,-122.20471954345703,37.793655395507812
9537869,2022,2022-12-22,0109,2022-09-17,0301,9879,1,6,5,7,0109,0,0,0,,0,14Y,"OAKLAND AV","MONTE VISTA AV",50.00,N,N,A,-,N,,,,,,,,,,Y,3,0,1,3,A,-,03,22350,,N,A,E,A,A,H,-,C,D,0,,,,,Y,,A,01,0,1,0,0,0,0,0,0,0,"- ","- ",,,ALAMEDA,OAKLAND,-122.24823760986328,37.821323394775391
9538354,2022,2023-02-02,0109,2022-12-07,1958,10028,2,3,5,7,0109,0,0,0,,0,21X,"FOOTHILL BL","26TH AV",0.00,,Y,A,-,N,,,,,,,,,,N,2,0,1,4,A,-,05,21651,B,F,D,C,A,A,H,-,C,C,0,,,,,Y,,A,01,1,0,0,0,0,0,0,0,0,"- ","- ",,,ALAMEDA,OAKLAND,-122.22892761230469,37.784584045410156
9538357,2022,2023-02-02,0109,2022-12-03,0236,9851,2,6,5,7,0109,0,0,0,,0,29X,"FOOTHILL BL","SEMINARY AV",0.00,,Y,A,-,N,,,,,,,,,,N,3,0,2,2,A,-,12,21453,A,N,A,C,A,D,H,-,C,A,0,,,,,Y,,A,01,0,1,1,0,0,0,0,0,0,"- ","- ",,,ALAMEDA,OAKLAND,-122.19039154052734,37.771541595458984
9538359,2022,2023-02-02,0109,2022-12-16,0856,9514,2,5,5,7,0109,0,0,0,,0,30X,"73RD AV","WELD ST",60.00,N,N,A,-,N,,,,,,,,,,Y,3,0,1,2,A,-,09,21801,A,M,D,C,A,A,H,-,A,A,0,,,,,Y,,A,01,0,1,0,0,0,0,0,0,0,"- ","- ",,,ALAMEDA,OAKLAND,-122.18184661865234,37.762763977050781
9538569,2022,2023-01-06,0109,2022-08-22,0827,9951,1,1,5,7,0109,0,0,0,,0,02Y,"14TH ST","MANDELA PKWY",0.00,,Y,A,-,N,,,,,,,,,,N,3,0,1,2,A,-,09,21801,A,N,A,C,A,A,H,-,A,A,0,,,,,Y,,A,01,0,1,0,0,0,0,0,0,0,"- ","- ",,,ALAMEDA,OAKLAND,-122.29174041748047,37.810855865478516
9538597,2022,2023-01-04,0109,2022-06-18,1805,9565,1,6,5,7,0109,0,0,0,,0,19X,"INTERNATIONAL BL","2ND AV",0.00,,Y,A,-,N,,,,,,,,,,N,3,0,2,2,A,-,09,21801,A,M,E,C,A,A,H,-,A,A,0,,,,,Y,,A,01,0,2,0,0,0,0,0,0,0,"- ","- ",,,ALAMEDA,OAKLAND,-122.25627899169922,37.797931671142578
9538610,2022,2023-01-04,0109,2022-06-29,1809,9943,1,3,5,7,0109,0,0,0,,0,18X,"19TH AV","21ST ST",5.00,S,N,A,-,N,,,,,,,,,,N,3,0,1,2,A,-,12,22450,A,N,D,C,A,A,H,-,A,D,0,,,Y,,Y,,C,02,0,1,0,0,0,0,0,0,1,"- ","- ",,,ALAMEDA,OAKLAND,-122.23625183105469,37.791439056396484
9538645,2022,2023-01-10,0109,2022-07-27,1824,9953,2,3,5,7,0109,0,0,0,,0,34X,"90TH AV","BIRCH ST",72.00,N,N,A,-,N,,,,,,,,,,N,3,0,1,2,A,-,05,21460,A,N,D,C,A,A,H,-,A,D,0,,,Y,,Y,,C,02,0,1,0,0,0,0,0,0,1,"- ","- ",,,ALAMEDA,OAKLAND,-122.16905975341797,37.752052307128906
9539005,2022,2023-01-24,0109,2022-12-17,1321,10042,2,6,5,7,0109,0,0,0,,0,22Y,"SERENO CIR","REDWOOD RD",85.00,W,N,A,-,N,,,,,,,,,,N,2,0,1,1,A,-,13,22515,A,N,F,A,A,A,H,-,A,D,0,,,,,Y,,A,01,1,0,0,0,0,0,0,0,0,"- ","- ",,,ALAMEDA,OAKLAND,-122.17623138427734,37.794937133789062
9539234,2022,2023-01-20,0109,2022-12-23,0029,9809,1,5,5,7,0109,0,0,0,,0,10X,"SAN PABLO AV","60TH ST",0.00,,Y,A,-,N,,,,,,,,,,N,3,0,1,2,A,-,08,22107,,N,C,E,A,A,H,-,C,D,0,,,,,Y,,A,01,0,1,0,0,0,0,0,0,0,"- ","- ",,,ALAMEDA,OAKLAND,-122.28367614746094,37.843055725097656
9539238,2022,2023-01-20,0109,2022-12-10,1114,9949,1,6,5,7,0109,0,0,0,,0,08X,"OAKLAND AV","PERRY PL",10.00,S,N,C,-,N,,,,,,,,,,Y,3,0,1,2,A,-,08,22107,,N,B,C,A,B,H,-,A,A,0,,,,,Y,,A,01,0,1,0,0,0,0,0,0,0,"- ","- ",,,ALAMEDA,OAKLAND,-122.25420379638672,37.818603515625
9539239,2022,2023-01-20,0109,2022-12-14,1812,9929,1,3,5,7,0109,0,0,0,,0,02Y,"7TH ST","CHESTER ST",30.00,E,N,A,-,N,,,,,,,,,,N,2,0,1,2,A,-,11,21954,A,N,G,B,D,A,H,-,C,D,0,Y,,,,Y,,N,60,1,0,0,0,1,0,0,0,0,"- ","- ",,,ALAMEDA,OAKLAND,-122.29615783691406,37.804828643798828
9539309,2022,2023-02-04,0109,2022-12-16,1626,10051,2,5,5,7,0109,0,0,0,,0,33X,"INTERNATIONAL BL","90TH AV",0.00,,Y,A,-,N,,,,,,,,,,N,2,0,1,2,A,-,17,21655,,N,C,C,A,A,H,-,A,A,0,,,Y,,Y,,C,02,1,0,0,0,0,0,0,0,1,"- ","- ",,,ALAMEDA,OAKLAND,-122.17462158203125,37.749797821044922
9539311,2022,2023-02-04,0109,2022-12-04,1921,9717,1,7,5,7,0109,0,0,0,,0,18X,"CLAREMONT AV","COLLEGE AV",20.00,N,N,C,-,N,,,,,,,,,,N,2,0,1,2,A,-,10,21950,A,N,G,B,B,B,H,-,C,A,0,Y,,,,Y,,A,01,1,0,0,0,1,0,0,0,0,"- ","- ",,,ALAMEDA,OAKLAND,-122.25224304199219,37.8494873046875
9539315,2022,2023-02-04,0109,2022-12-25,1812,9874,2,7,5,7,0109,0,0,0,,0,23X,"SAN LEANDRO ST","HIGH ST",0.00,,Y,A,-,N,,,,,,,,,,N,3,0,3,2,A,-,09,21802,A,N,D,C,A,A,H,-,C,B,0,,,,,Y,,A,01,0,1,2,0,0,0,0,0,0,"- ","- ",,,ALAMEDA,OAKLAND,-122.21713256835938,37.770622253417969
9539351,2022,2023-01-18,0109,2022-08-19,1335,9189,2,5,5,7,0109,0,0,0,,0,31Y,"98TH AV","BESSIE COLEMAN",0.00,,Y,A,-,N,,,,,,,,,,N,3,0,2,2,A,-,09,21801,A,N,D,C,A,A,H,-,A,A,0,,,,,Y,,A,07,0,1,1,0,0,0,0,0,0,"- ","- ",,,ALAMEDA,OAKLAND,-122.20059500000001,37.722503000000003
9539581,2022,2023-01-20,0109,2022-06-05,0305,9942,1,7,5,7,0109,0,0,0,,0,08X,"W GRAND AV","MARITIME AV",0.00,,Y,C,-,N,,,,,,,,,,N,2,0,1,2,A,-,08,22107,,F,E,I,C,B,H,-,C,A,0,Y,,,,Y,,A,01,1,0,0,0,1,0,0,0,0,"- ","- ",,,ALAMEDA,OAKLAND,-122.30042266845703,37.822643280029297
9539588,2022,2023-01-20,0109,2022-05-18,0003,9695,1,3,5,7,0109,0,0,0,,0,14X,"MCARTHUR BL","VAN BUREN AV",16.00,E,N,A,-,N,,,,,,,,,,Y,3,0,1,2,A,-,01,23152,A,N,C,E,A,A,H,-,C,D,0,,,,,Y,Y,A,01,0,1,0,0,0,0,0,0,0,"- ","- ",,,ALAMEDA,OAKLAND,-122.25035858154297,37.811191558837891
9540166,2022,2023-02-06,0109,2022-12-22,2130,10019,1,4,5,7,0109,0,0,0,,0,06X,"MARTIN LUTHER KING JR WY","37TH ST",60.00,S,N,A,-,N,,,,,,,,,,Y,3,0,1,1,A,-,03,22350,,N,F,A,A,A,H,-,C,D,0,,,Y,,Y,,C,02,0,1,0,0,0,0,0,0,1,"- ","- ",,,ALAMEDA,OAKLAND,-122.26933288574219,37.826129913330078
9540167,2022,2023-02-06,0109,2022-12-11,1300,9969,2,7,5,7,0109,0,0,0,,0,34X,"INTERNATIONAL BL","95TH AV",0.00,,Y,B,-,N,,,,,,,,,,N,2,0,2,3,A,-,10,21950,A,F,G,B,B,A,H,-,A,D,0,Y,,,,Y,,A,01,1,0,1,0,2,0,0,0,0,"- ","- ",,,ALAMEDA,OAKLAND,-122.17213439941406,37.746448516845703
9540168,2022,2023-02-06,0109,2022-12-18,0015,9988,1,7,5,7,0109,0,0,0,,0,18X,"23RD AV","E 24TH ST",0.00,,Y,A,-,N,,,,,,,,,,N,2,0,1,2,A,-,12,22450,A,F,D,C,A,A,H,-,C,A,0,,,Y,,Y,,A,01,1,0,0,0,0,0,0,0,1,"- ","- ",,,ALAMEDA,OAKLAND,-122.22911071777344,37.790794372558594
9540170,2022,2023-02-21,0109,2022-12-13,0037,9879,2,2,5,7,0109,0,0,0,,0,31Z,"105TH AV","E ST",0.00,,N,A,-,N,,,,,,,,,,N,2,0,1,2,A,-,08,22107,,M,A,C,A,A,H,-,C,D,0,,Y,,,Y,,A,01,1,0,0,0,0,0,1,0,0,"- ","- ",,,ALAMEDA,OAKLAND,-122.17267608642578,37.736469268798828
9540175,2022,2023-02-06,0109,2022-12-21,1535,9831,2,3,5,7,0109,0,0,0,,0,26X,"E 12TH ST","50TH AV",0.00,,Y,A,-,N,,,,,,,,,,N,3,0,1,2,A,-,11,21955,,N,G,B,D,A,H,-,A,D,0,Y,,,,Y,,N,60,0,1,0,0,1,0,0,0,0,"- ","- ",,,ALAMEDA,OAKLAND,-122.21063232421875,37.767673492431641
9540176,2022,2023-02-06,0109,2022-12-23,1627,9582,2,5,5,7,0109,0,0,0,,0,26X,"SAN LEANDRO BL","69TH AV",20.00,W,N,A,-,N,,,,,,,,,,Y,3,0,1,2,A,-,08,22107,,N,A,C,A,A,A,-,A,A,0,,,,,Y,,A,01,0,1,0,0,0,0,0,0,0,"- ","- ",,,ALAMEDA,OAKLAND,-122.19893646240234,37.755191802978516
9540179,2022,2023-02-06,0109,2022-12-30,1618,9990,2,5,5,7,0109,0,0,0,,0,35X,"HILLSIDE ST","90TH AV",0.00,,Y,C,-,N,,,,,,,,,,N,3,0,1,2,A,-,11,21954,A,N,G,B,D,B,H,-,A,C,0,Y,,,,Y,,N,60,0,1,0,0,1,0,0,0,0,"- ","- ",,,ALAMEDA,OAKLAND,-122.16310882568359,37.754810333251953
9541381,2022,2023-01-11,0109,2022-11-24,2232,10008,1,4,5,7,0109,0,0,0,,0,19X,"INTERNATIONAL BL","22ND AV",90.00,W,N,A,-,N,,,,,,,,,,Y,3,0,3,2,A,-,03,22350,,M,C,C,A,A,H,-,C,D,0,,,,,Y,,A,01,0,1,2,0,0,0,0,0,0,"- ","- ",,,ALAMEDA,OAKLAND,-122.23812866210938,37.784736633300781
9541382,2022,2023-01-11,0109,2022-11-30,1105,9070,1,3,5,7,0109,0,0,0,,0,03X,"14TH ST","MADISON ST",50.00,E,N,A,-,N,,,,,,,,,,N,3,0,1,2,A,-,11,21954,A,N,G,B,D,A,H,-,A,A,0,Y,,,,Y,,N,60,0,1,0,0,1,0,0,0,0,"- ","- ",,,ALAMEDA,OAKLAND,-122.26390075683594,37.801448822021484
9541384,2022,2023-01-11,0109,2022-11-26,1257,10043,2,6,5,7,0109,0,0,0,,0,23X,"HIGH ST","BANCROFT AV",0.00,,Y,A,-,N,,,,,,,,,,N,3,0,2,2,A,-,12,21453,A,M,F,C,A,A,H,-,A,A,0,,,,,Y,,A,07,0,1,1,0,0,0,0,0,0,"- ","- ",,,ALAMEDA,OAKLAND,-122.21347808837891,37.77337646484375