CASE_ID,ACCIDENT_YEAR,PROC_DATE,JURIS,COLLISION_DATE,COLLISION_TIME,OFFICER_ID,REPORTING_DISTRICT,DAY_OF_WEEK,CHP_SHIFT,POPULATION,CNTY_CITY_LOC,SPECIAL_COND,BEAT_TYPE,CHP_BEAT_TYPE,CITY_DIVISION_LAPD,CHP_BEAT_CLASS,BEAT_NUMBER,PRIMARY_RD,SECONDARY_RD,DISTANCE,DIRECTION,INTERSECTION,WEATHER_1,WEATHER_2,STATE_HWY_IND,CALTRANS_COUNTY,CALTRANS_DISTRICT,STATE_ROUTE,ROUTE_SUFFIX,POSTMILE_PREFIX,POSTMILE,LOCATION_TYPE,RAMP_INTERSECTION,SIDE_OF_HWY,TOW_AWAY,COLLISION_SEVERITY,NUMBER_KILLED,NUMBER_INJURED,PARTY_COUNT,PRIMARY_COLL_FACTOR,PCF_CODE_OF_VIOL,PCF_VIOL_CATEGORY,PCF_VIOLATION,PCF_VIOL_SUBSECTION,HIT_AND_RUN,TYPE_OF_COLLISION,MVIW,PED_ACTION,ROAD_SURFACE,ROAD_COND_1,ROAD_COND_2,LIGHTING,CONTROL_DEVICE,CHP_ROAD_TYPE,PEDESTRIAN_ACCIDENT,BICYCLE_ACCIDENT,MOTORCYCLE_ACCIDENT,TRUCK_ACCIDENT,NOT_PRIVATE_PROPERTY,ALCOHOL_INVOLVED,STWD_VEHTYPE_AT_FAULT,CHP_VEHTYPE_AT_FAULT,COUNT_SEVERE_INJ,COUNT_VISIBLE_INJ,COUNT_COMPLAINT_PAIN,COUNT_PED_KILLED,COUNT_PED_INJURED,COUNT_BICYCLIST_KILLED,COUNT_BICYCLIST_INJURED,COUNT_MC_KILLED,COUNT_MC_INJURED,PRIMARY_RAMP,SECONDARY_RAMP,LATITUDE,LONGITUDE,COUNTY,CITY,POINT_X,POINT_Y
9541386,2022,2023-01-11,0109,2022-11-28,2207,9812,1,1,5,7,0109,0,0,0,,0,01X,BROADWAY,"5TH ST",0.00,,Y,A,-,N,,,,,,,,,,N,3,0,2,2,A,-,12,21453,A,N,D,C,A,A,H,-,C,A,0,,,,,Y,,A,01,0,1,1,0,0,0,0,0,0,"- ","- ",,,ALAMEDA,OAKLAND,-122.27503967285156,37.798164367675781
9541502,2022,2023-02-02,0109,2022-12-08,2225,9851,2,4,5,7,0109,0,0,0,,0,29X,"EDWARDS AV","GREENLY AV",25.00,N,N,C,-,N,,,,,,,,,,N,3,0,1,1,A,-,08,22107,,N,A,I,A,B,-,-,C,A,0,,,,,Y,,A,01,0,1,0,0,0,0,0,0,0,"- ","- ",,,ALAMEDA,OAKLAND,-122.16676330566406,37.774589538574219
9541511,2022,2023-02-06,0109,2022-12-03,1519,10005,2,6,5,7,0109,0,0,0,,0,26X,"SAN LEANDRO ST","54TH AV",0.00,,Y,C,-,N,,,,,,,,,,N,3,0,1,2,A,-,08,22107,,N,D,E,A,B,H,-,A,D,0,,,,,Y,,A,01,0,1,0,0,0,0,0,0,0,"- ","- ",,,ALAMEDA,OAKLAND,-122.20964050292969,37.764278411865234
9541512,2022,2023-02-06,0109,2022-12-01,1819,9269,1,4,5,7,0109,0,0,0,,0,08X,"WEBSTER ST","29TH ST",0.00,,Y,A,-,N,,,,,,,,,,N,3,0,1,2,A,-,12,21453,A,N,A,C,A,A,H,-,C,A,0,,,,,Y,,A,07,0,1,0,0,0,0,0,0,0,"- ","- ",,,ALAMEDA,OAKLAND,-122.26375579833984,37.817550659179688
9541513,2022,2023-02-02,0109,2022-12-03,0414,9912,1,6,5,7,0109,0,0,0,,0,19X,"RT 880",EMBARCADERO,100.00,N,N,C,-,N,,,,,,,,,,N,3,0,1,1,A,-,08,22107,,N,A,I,A,B,H,-,C,D,0,,,,,Y,,A,01,0,1,0,0,0,0,0,0,0,SF,"- ",,,ALAMEDA,OAKLAND,-122.25125885009766,37.788379669189453
9541522,2022,2023-01-06,0109,2022-10-04,1600,9169,1,2,5,7,0109,0,0,0,,0,13X,"SKYLINE BL","BROADWAY TR",0.00,,Y,A,-,N,,,,,,,,,,N,3,0,1,2,A,-,05,21460,A,N,B,G,A,A,H,-,A,A,0,,Y,,,Y,,L,04,0,1,0,0,0,0,1,0,0,"- ","- ",,,ALAMEDA,OAKLAND,-122.21218109130859,37.851001739501953
9541529,2022,2023-01-14,0109,2022-10-04,2041,9909,2,2,5,7,0109,0,0,0,,0,09X,"WEST MACARTHUR BL","PIEDMONT AV",0.00,,Y,A,-,N,,,,,,,,,,N,3,0,1,2,A,-,12,21453,A,N,D,C,A,A,-,-,C,A,0,,,,,Y,,A,01,0,1,0,0,0,0,0,0,0,"- ","- ",,,ALAMEDA,OAKLAND,-122.25663757324219,37.823200225830078
9541579,2022,2022-12-28,0109,2022-07-26,1026,10005,2,2,5,7,0109,0,0,0,,0,26X,"50TH AV","COLISEUM WY",0.00,,Y,A,-,N,,,,,,,,,,N,3,0,1,2,A,-,08,22107,,N,G,G,A,A,H,-,A,A,0,,Y,,,Y,,-,,0,1,0,0,0,0,1,0,0,"- ","- ",,,ALAMEDA,OAKLAND,-122.2144775390625,37.764007568359375
9541705,2022,2023-01-10,0103,2022-10-30,1601,7,21,7,5,6,0103,0,0,0,,0,014,UNIVERSITY,6TH,0.00,,Y,A,-,N,,,,,,,,,,N,3,0,1,2,A,-,03,22350,,N,C,C,A,A,H,-,A,A,0,,,,,Y,,A,01,0,1,0,0,0,0,0,0,0,"- ","- ",37.867988586425781,-122.29766082763672,ALAMEDA,BERKELEY,-122.29771423339844,37.867969512939453
9544762,2022,2023-02-03,0103,2022-11-07,2300,70,,1,5,6,0103,0,0,0,,0,006,"HILLEGASS AV","PARKER ST",297.00,N,N,C,-,N,,,,,,,,,,N,3,0,1,2,A,-,09,21801,A,N,D,C,A,B,H,-,C,D,0,,,,,Y,,A,01,0,1,0,0,0,0,0,0,0,"- ","- ",37.863441467285156,-122.25631713867188,ALAMEDA,BERKELEY,-122.25637817382812,37.864253997802734
9546083,2022,2023-02-10,0103,2022-12-08,1812,121,39,4,5,6,0103,0,0,0,,0,008,"ASHBY AV","TELEGRAPH AV",286.00,W,N,C,-,Y,ALA,4,13,-,-,11.670,H,-,S,Y,3,0,1,2,A,-,09,21801,A,N,D,C,A,B,H,-,C,D,0,,,,,Y,,A,01,0,1,0,0,0,0,0,0,0,"- ","- ",,,ALAMEDA,BERKELEY,-122.26084899902344,37.856010437011719
9546091,2022,2023-03-15,0103,2022-12-16,0836,107,20,5,5,6,0103,0,0,0,,0,001,"RT 123","OREGON ST",120.00,N,N,A,-,Y,ALA,4,123,-,-,2.150,H,-,S,N,3,0,1,2,A,-,06,21750,,N,B,G,A,-,H,-,A,A,0,,Y,,,Y,,A,07,0,1,0,0,0,0,1,0,0,"- ","- ",37.855060577392578,-122.28797149658203,ALAMEDA,BERKELEY,-122.28780364990234,37.855300903320312
9546095,2022,2023-02-10,0103,2022-12-20,1315,107,19,2,5,6,0103,0,0,0,,0,016,CEDAR,"RT 123",124.00,E,N,A,-,Y,ALA,4,123,-,-,3.600,I,6,N,N,3,0,1,2,A,-,05,21650,1,N,D,G,A,-,H,-,A,A,0,,Y,,,Y,,L,04,0,1,0,0,0,0,1,0,0,"- ","- ",37.873989105224609,-122.29296875,ALAMEDA,BERKELEY,-122.29409790039062,37.875190734863281
9546099,2022,2023-02-10,0103,2022-12-08,1208,S29,,4,5,6,0103,0,0,0,,0,013,"RT 123","PARKER ST",0.00,,Y,B,-,Y,ALA,4,123,-,-,2.450,I,5,S,N,3,0,1,2,A,-,12,21453,A,N,B,C,A,A,H,-,A,A,0,,,,,Y,,A,01,0,1,0,0,0,0,0,0,0,"- ","- ",,,ALAMEDA,BERKELEY,-122.28909301757812,37.859355926513672
9546158,2022,2023-02-10,0103,2022-12-30,1813,55,37,5,5,6,0103,0,0,0,,0,007,COLLEGE,ASHBY,0.00,,Y,C,-,Y,ALA,4,13,-,-,11.230,I,5,N,N,3,0,1,2,A,-,10,21950,A,N,G,B,B,B,H,-,C,A,0,Y,,,,Y,,A,01,0,1,0,0,1,0,0,0,0,"- ","- ",37.857040405273438,-122.25303649902344,ALAMEDA,BERKELEY,-122.25307464599609,37.857013702392578
9548656,2022,2023-02-22,0109,2022-12-21,1400,8681,2,3,5,7,0109,0,0,0,,0,26X,"66TH AV","RT 880",0.00,,Y,A,-,Y,ALA,4,880,-,-,26.891,R,4,S,N,3,0,3,2,A,-,12,21453,A,N,D,C,A,A,H,-,A,A,0,,,,,Y,,A,08,0,1,2,0,0,0,0,0,0,"- ",SF,,,ALAMEDA,OAKLAND,-122.21118927001953,37.757274627685547
9553163,2022,2023-03-14,0109,2022-07-15,1105,8483,2,5,5,7,0109,0,0,0,,0,26X,"50TH AV","COLISEUM WY",0.00,,Y,A,-,N,,,,,,,,,,Y,2,0,1,2,-,-,"- ",,,N,H,F,A,A,H,-,A,A,0,,,,Y,Y,,-,"- ",1,0,0,0,0,0,0,0,0,"- ","- ",,,ALAMEDA,OAKLAND,-122.2144775390625,37.764007568359375
9553865,2022,2023-03-14,0109,2022-10-20,1640,8347,1,4,5,7,0109,0,0,0,,0,11X,"SHATTUCK AV","54TH ST",0.00,,Y,A,-,N,,,,,,,,,,N,3,0,1,2,A,-,09,21801,A,N,D,G,A,A,H,-,A,D,0,,Y,,,Y,,L,04,0,1,0,0,0,0,1,0,0,"- ","- ",,,ALAMEDA,OAKLAND,-122.264404296875,37.839500427246094
9553866,2022,2023-03-20,0109,2022-09-04,2009,10019,1,7,5,7,0109,0,0,0,,0,18X,"E 12TH ST","23RD AV",0.00,,Y,A,-,N,,,,,,,,,,N,3,0,1,2,A,-,12,21453,A,N,D,C,A,A,H,-,C,A,0,,,,,Y,,-,"- ",0,1,0,0,0,0,0,0,0,"- ","- ",,,ALAMEDA,OAKLAND,-122.23870849609375,37.783611297607422
9555086,2022,2023-03-29,0103,2022-11-25,1905,112,,5,5,6,0103,0,0,0,,0,015,VIRGINIA,"RT 123",0.00,,Y,A,-,Y,ALA,4,123,-,-,3.470,I,5,S,Y,2,0,1,2,A,-,09,21802,A,N,D,G,A,A,H,-,C,A,0,,Y,,,Y,,L,04,1,0,0,0,0,0,1,0,0,"- ","- ",37.873439788818359,-122.29353332519531,ALAMEDA,BERKELEY,-122.29363250732422,37.873458862304688
9558962,2022,2023-04-10,0109,2022-02-27,1328,9039,1,7,5,7,0109,0,0,0,,0,09X,"SAN PABLO AV","ALCATRAZ AV",0.00,,Y,A,-,N,,,,,,,,,,N,3,0,2,2,A,-,03,22350,,M,C,C,A,A,H,-,A,A,0,,,,,Y,Y,A,01,0,1,1,0,0,0,0,0,0,"- ","- ",,,ALAMEDA,OAKLAND,-122.28492736816406,37.846916198730469
9560138,2022,2023-03-20,0109,2022-03-10,1350,9578,1,4,5,7,0109,0,0,0,,0,04X,"CLAY ST","FRANK H OGAWA PLZ",0.00,,Y,A,-,N,,,,,,,,,,N,2,0,1,2,A,-,08,22107,,N,B,G,A,A,H,-,A,A,0,,Y,,,Y,,L,04,1,0,0,0,0,0,1,0,0,"- ","- ",,,ALAMEDA,OAKLAND,-122.27317810058594,37.805938720703125
9560149,2022,2023-03-21,0109,2022-10-19,0810,9148,1,3,5,7,0109,0,0,0,,0,07X,"10TH ST","FALLON ST",0.00,,Y,A,-,N,,,,,,,,,,N,3,0,1,2,A,-,03,22350,,M,H,G,A,A,H,-,A,D,0,,Y,,,Y,,A,08,0,1,0,0,0,0,1,0,0,"- ","- ",,,ALAMEDA,OAKLAND,-122.26341247558594,37.797847747802734
9561058,2022,2023-03-30,0109,2022-09-06,0859,9401,1,2,5,7,0109,0,0,0,,0,08X,"BROOK ST",BROADWAY,665.00,E,N,A,-,N,,,,,,,,,,N,3,0,1,3,A,-,03,22350,,N,B,E,A,A,H,-,A,A,0,,,,,Y,,A,01,0,1,0,0,0,0,0,0,0,"- ","- ",,,ALAMEDA,OAKLAND,-122.26108551025391,37.818828582763672
9561158,2022,2023-03-30,0109,2022-11-30,1008,9401,2,3,5,7,0109,0,0,0,,0,26Y,"77TH AV","INTERNATIONAL BL",0.00,,Y,A,-,N,,,,,,,,,,N,3,0,1,2,A,-,10,21950,A,F,G,B,B,A,H,-,A,A,0,Y,,,,Y,,A,01,0,1,0,0,1,0,0,0,0,"- ","- ",,,ALAMEDA,OAKLAND,-122.18440246582031,37.757907867431641
9561506,2022,2023-03-28,0109,2022-06-07,1906,9458,1,2,5,7,0109,0,0,0,,0,09X,BROADWAY,"WHITMORE ST",150.00,S,N,A,-,N,,,,,,,,,,N,3,0,2,4,A,-,03,22350,,N,H,-,A,A,H,-,A,A,0,,,,,Y,,A,01,0,1,1,0,0,0,0,0,0,"- ","- ",,,ALAMEDA,OAKLAND,-122.25338745117188,37.832813262939453
9562637,2022,2023-04-11,0109,2022-12-19,1647,9792,1,1,5,7,0109,0,0,0,,0,14X,"GRANDE AVE","PERKINS ST",50.00,E,N,A,-,N,,,,,,,,,,N,3,0,1,2,A,-,17,21209,A,N,C,G,A,A,H,-,A,A,0,,Y,,,Y,,A,01,0,1,0,0,0,0,1,0,0,"- ","- ",,,ALAMEDA,OAKLAND,-122.25595092773438,37.808933258056641
9566124,2022,2023-04-24,0109,2022-11-30,1857,9953,2,3,5,7,0109,0,0,0,,0,32X,"MACARTHUR BL","106TH AV",0.00,,Y,A,-,N,,,,,,,,,,N,3,0,2,3,A,-,09,21800,A,N,D,C,A,A,-,-,E,B,0,,,,,Y,,-,"- ",0,1,1,0,0,0,0,0,0,"- ","- ",,,ALAMEDA,OAKLAND,-122.15248870849609,37.742965698242188
9566213,2022,2023-04-22,0109,2022-03-29,1312,9039,1,2,5,7,0109,0,0,0,,0,05X,"18TH ST","MARKET ST",0.00,,Y,A,-,N,,,,,,,,,,N,3,0,2,3,A,-,12,21453,A,M,D,C,A,A,H,-,A,A,0,,,,,Y,,A,01,0,2,0,0,0,0,0,0,0,"- ","- ",,,ALAMEDA,OAKLAND,-122.27989196777344,37.811141967773438
9566641,2022,2023-05-17,0109,2022-07-27,1422,9940,1,3,5,7,0109,0,0,0,,0,02X,"14TH ST","ADELINE ST",0.00,,Y,A,-,N,,,,,,,,,,N,3,0,1,2,A,-,10,21950,A,N,G,B,B,A,-,-,A,A,0,Y,,,,Y,,A,07,0,1,0,0,1,0,0,0,0,"- ","- ",,,ALAMEDA,OAKLAND,-122.28615570068359,37.809505462646484
9566642,2022,2023-05-18,0109,2022-07-23,0123,9869,1,6,5,7,0109,0,0,0,,0,14X,"GRAND AV","SANTA CLARA",0.00,,Y,A,-,N,,,,,,,,,,N,2,0,1,2,A,-,12,21453,A,F,G,B,B,A,H,-,C,A,0,Y,,,,Y,,A,01,1,0,0,0,1,0,0,0,0,"- ","- ",,,ALAMEDA,OAKLAND,-122.24791717529297,37.811431884765625
9566653,2022,2023-05-18,0109,2022-06-05,0326,9853,1,7,5,7,0109,0,0,0,,0,05X,"FRONTAGE RD","WEST GRAND AV",300.00,S,N,A,-,N,,,,,,,,,,N,3,0,1,2,A,-,11,21954,A,N,G,B,E,B,H,-,B,D,0,Y,,,Y,Y,,N,60,0,1,0,0,1,0,0,0,0,"- ","- ",,,ALAMEDA,OAKLAND,-122.29468536376953,37.81842041015625
9566674,2022,2023-05-17,0109,2022-10-03,2034,9916,2,1,5,7,0109,0,0,0,,0,30X,"67TH AV","INTERNATIONAL BL",40.00,N,N,A,-,N,,,,,,,,,,Y,3,0,1,2,A,-,08,22107,,N,B,E,A,A,H,-,C,D,0,,,,,Y,,A,01,0,1,0,0,0,0,0,0,0,"- ","- ",,,ALAMEDA,OAKLAND,-122.19175720214844,37.761558532714844
9566772,2022,2023-05-15,0109,2022-11-30,2249,8881,1,3,5,7,0109,0,0,0,,0,19X,EMBARCADERO,"16TH AV",27.00,W,N,A,-,N,,,,,,,,,,Y,2,0,1,2,A,-,05,21650,1,N,H,G,A,A,H,-,C,A,0,,Y,,,Y,,L,04,1,0,0,0,0,0,1,0,0,"- ","- ",,,ALAMEDA,OAKLAND,-122.24327850341797,37.784156799316406
9581942,2022,2023-05-24,0109,2022-11-13,1329,9510,2,7,5,7,0109,0,0,0,,0,24Y,"35TH AV","MANGELS AV",25.00,S,N,A,-,N,,,,,,,,,,Y,3,0,1,3,A,-,01,23152,A,N,B,E,A,A,H,-,A,D,0,,,,,Y,Y,D,22,0,1,0,0,0,0,0,0,0,"- ","- ",,,ALAMEDA,OAKLAND,-122.20510101318359,37.791069030761719
9586218,2022,2023-06-20,0109,2022-03-24,2033,9781,2,4,5,7,0109,0,0,0,,0,2033,"JOE MORGAN WY","66TH AV",0.00,,Y,A,-,N,,,,,,,,,,N,2,0,1,2,A,-,11,21954,A,N,G,B,D,A,H,-,C,D,0,Y,,,,Y,,N,60,1,0,0,0,1,0,0,0,0,"- ","- ",,,ALAMEDA,OAKLAND,-122.206469,37.754497999999998
9586282,2022,2023-05-17,0109,2022-12-16,1727,10028,2,5,5,7,0109,0,0,0,,0,26X,"INTERNATIONAL BL","81ST AV",0.00,,Y,A,-,N,,,,,,,,,,N,3,0,1,2,A,-,12,21453,A,M,A,C,A,A,-,-,A,A,0,,,Y,,Y,,-,99,0,1,0,0,0,0,0,0,1,"- ","- ",,,ALAMEDA,OAKLAND,-122.18064880371094,37.756114959716797
9586343,2022,2023-05-25,0109,2022-06-18,2045,9565,1,6,5,7,0109,0,0,0,,0,19X,"INTERNATIONAL BL","4TH AV",0.00,,Y,A,-,N,,,,,,,,,,N,3,0,1,2,A,-,06,21755,,M,B,C,A,A,H,-,A,D,0,,,Y,,Y,,C,03,0,1,0,0,0,0,0,0,1,"- ","- ",,,ALAMEDA,OAKLAND,-122.25466156005859,37.796482086181641
9586350,2022,2023-05-25,0109,2022-12-30,0100,9954,1,5,5,7,0109,0,0,0,,0,13X,"MORAGA AV","HARBORD DR",300.00,S,N,C,-,N,,,,,,,,,,Y,3,0,1,1,A,-,08,22107,,N,E,J,A,B,H,-,C,D,0,,,,,Y,,A,01,0,1,0,0,0,0,0,0,0,"- ","- ",,,ALAMEDA,OAKLAND,-122.22201538085938,37.832275390625
9586354,2022,2023-05-25,0109,2022-07-08,2312,9936,1,5,5,7,0109,0,0,0,,0,19X,"12TH ST","2ND AV",0.00,,Y,A,-,N,,,,,,,,,,Y,2,0,2,3,A,-,01,23152,A,N,D,C,A,A,H,-,A,A,0,,,,,Y,Y,A,08,1,0,1,0,0,0,0,0,0,"- ","- ",,,ALAMEDA,OAKLAND,-122.25727081298828,37.797245025634766
9586486,2022,2023-06-06,0109,2022-11-13,1825,9962,2,7,5,7,0109,0,0,0,,0,23X,"42ND AV","INTERNATIONAL BL",0.00,,Y,A,-,N,,,,,,,,,,N,2,0,1,2,A,-,03,22350,,N,A,C,A,A,H,-,C,A,0,,,,,Y,Y,A,01,1,0,0,0,0,0,0,0,0,"- ","- ",,,ALAMEDA,OAKLAND,-122.21626281738281,37.77301025390625
9586499,2022,2023-06-06,0109,2022-06-24,0146,9992,1,5,5,7,0109,0,0,0,,0,19X,"E 12TH ST","17TH AV",2.00,W,N,A,-,N,,,,,,,,,,N,2,0,1,2,A,-,03,22350,,F,G,B,E,A,H,-,D,D,0,Y,,,,Y,,-,,1,0,0,0,1,0,0,0,0,"- ","- ",,,ALAMEDA,OAKLAND,-122.243896484375,37.786884307861328
9586540,2022,2023-06-08,0109,2022-12-15,0541,9971,1,4,5,7,0109,0,0,0,,0,09X,"SANTA CLARA AV","OAKLAND AV",0.00,,Y,A,-,N,,,,,,,,,,Y,3,0,2,2,A,-,12,21453,A,N,D,C,A,A,H,-,B,A,0,,,,,Y,,A,07,0,1,1,0,0,0,0,0,0,"- ","- ",,,ALAMEDA,OAKLAND,-122.25344848632812,37.819141387939453
9586666,2022,2023-06-16,0109,2022-11-23,1143,10035,1,3,5,7,0109,0,0,0,,0,03X,"7TH ST","HARRISON ST",5.00,N,N,A,-,N,,,,,,,,,,N,3,0,1,2,A,-,10,21950,A,N,G,B,B,A,H,-,A,A,0,Y,,,,Y,,A,01,0,1,0,0,1,0,0,0,0,"- ","- ",,,ALAMEDA,OAKLAND,-122.27064514160156,37.798095703125
9586670,2022,2023-06-19,0109,2022-11-27,1320,9969,2,7,5,7,0109,0,0,0,,0,32X,"BANCROFT AV","99TH AV",0.00,,Y,A,-,N,,,,,,,,,,N,3,0,3,2,A,-,03,22350,,N,C,C,A,A,H,-,A,D,0,,,,,Y,,A,01,0,1,2,0,0,0,0,0,0,"- ","- ",,,ALAMEDA,OAKLAND,-122.16030883789062,37.746143341064453
9595551,2022,2023-06-30,0109,2022-11-30,1918,10037,2,3,5,7,0109,0,0,0,,0,27X,"SEMINARY AV","17TH ST",3.00,E,N,A,-,N,,,,,,,,,,N,3,0,2,2,A,-,03,22350,,N,C,C,A,A,H,-,C,D,0,,,Y,,Y,,C,03,0,2,0,0,0,0,0,0,2,"- ","- ",,,ALAMEDA,OAKLAND,-122.19741058349609,37.766605377197266
9595555,2022,2023-06-30,0109,2022-10-03,2050,9689,1,1,5,7,0109,0,0,0,,0,08X,BROADWAY,"24TH ST",0.00,,Y,B,-,N,,,,,,,,,,Y,2,0,1,2,A,-,09,21801,A,N,D,C,A,A,H,-,C,A,0,,,Y,,Y,,A,07,1,0,0,0,0,0,0,0,1,"- ","- ",,,ALAMEDA,OAKLAND,-122.26551818847656,37.813392639160156
9595566,2022,2023-06-30,0109,2022-09-21,2016,9960,1,3,5,7,0109,0,0,0,,0,06X,"35TH ST","MARKET ST",30.00,W,N,A,-,N,,,,,,,,,,N,3,0,1,3,D,-,00,,,M,H,G,A,A,H,-,C,D,0,,Y,,,Y,,-,"- ",0,1,0,0,0,0,1,0,0,"- ","- ",,,ALAMEDA,OAKLAND,-122.27529907226562,37.825576782226562
9595579,2022,2023-06-30,0109,2022-12-27,1645,9924,1,2,5,7,0109,0,0,0,,0,03Y,"MARTIN LUTHER KING JR WY","12TH ST",0.00,,Y,A,-,N,,,,,,,,,,N,3,0,3,2,A,-,12,21453,A,N,D,C,A,A,H,-,A,A,0,,,,,Y,,A,01,0,2,1,0,0,0,0,0,0,"- ","- ",,,ALAMEDA,OAKLAND,-122.27684020996094,37.804798126220703
9595681,2022,2023-07-12,0109,2022-09-22,1719,10022,2,4,5,7,0109,0,0,0,,0,27X,"55TH AV","FAIRFAX AV",35.00,N,N,A,-,N,,,,,,,,,,N,2,0,2,3,A,-,09,21802,A,N,G,B,F,A,H,-,C,A,0,Y,,Y,,Y,,A,01,1,0,1,0,1,0,0,0,1,"- ","- ",,,ALAMEDA,OAKLAND,-122.20069885253906,37.769195556640625
9595690,2022,2023-07-12,0109,2022-04-13,1125,9039,1,3,5,7,0109,0,0,0,,0,04X,"W GRAND AV","MARTIN LUTHER KING BL",10.00,N,N,B,-,N,,,,,,,,,,N,2,0,3,2,A,-,09,21801,A,N,D,C,A,A,H,-,A,A,0,,,,,Y,,A,08,1,0,2,0,0,0,0,0,0,"- ","- ",,,ALAMEDA,OAKLAND,-122.27281188964844,37.812484741210938
9595987,2022,2023-08-01,0109,2022-05-24,2001,9845,1,2,5,7,0109,0,0,0,,0,03X,"2ND ST","WEBSTER ST",0.00,,Y,A,-,N,,,,,,,,,,N,3,0,2,2,A,-,08,22107,,N,D,C,A,A,H,-,B,A,0,,,Y,,Y,,A,01,0,1,1,0,0,0,0,0,1,"- ","- ",,,ALAMEDA,OAKLAND,-122.27394104003906,37.79510498046875
9595995,2022,2023-08-01,0109,2022-12-10,0735,8958,2,6,5,7,0109,0,0,0,,0,19X,"E 12TH ST","12TH AV",96.00,W,N,C,-,N,,,,,,,,,,Y,2,0,2,2,A,-,01,23152,A,N,D,C,A,B,H,-,A,D,0,,,,,Y,Y,A,07,1,0,1,0,0,0,0,0,0,"- ","- ",,,ALAMEDA,OAKLAND,-122.24920654296875,37.790134429931641
9608622,2022,2023-08-22,0109,2022-06-02,2339,9851,2,4,5,7,0109,0,0,0,,0,29X,"73RD AV","HILLMONT DR",60.00,S,N,A,-,N,,,,,,,,,,N,3,0,2,2,A,-,01,23152,A,N,C,C,A,A,H,-,B,D,0,,,,,Y,Y,A,01,0,1,1,0,0,0,0,0,0,"- ","- ",,,ALAMEDA,OAKLAND,-122.16971588134766,37.774070739746094
9614870,2022,2023-08-18,0109,2022-10-02,2122,9916,2,7,5,7,0109,0,0,0,,0,28X,"FLEMING AV","MONTICELLO AV",0.00,,Y,A,-,N,,,,,,,,,,N,2,0,1,2,A,-,08,22107,,F,D,-,A,A,H,-,C,D,0,,,Y,,Y,,A,07,1,0,0,0,0,0,0,0,1,"- ","- ",,,ALAMEDA,OAKLAND,-122.19741821289062,37.779830932617188
9615025,2022,2023-08-29,0109,2022-11-30,0827,9943,2,3,5,7,0109,0,0,0,,0,32X,"98TH AV","B ST",5.00,N,N,A,-,N,,,,,,,,,,N,3,0,1,2,A,-,10,21950,A,N,G,B,B,A,H,-,A,A,0,Y,,,,Y,,A,01,0,1,0,0,1,0,0,0,0,"- ","- ",,,ALAMEDA,OAKLAND,-122.17387390136719,37.742778778076172
9615070,2022,2023-09-01,0109,2022-08-18,0727,9975,2,4,5,7,0109,0,0,0,,0,33X,"85TH AV","E ST",18.00,S,N,A,-,N,,,,,,,,,,Y,3,0,1,1,A,-,01,23152,F,N,A,I,A,A,H,-,A,D,0,,,,,Y,,A,07,0,1,0,0,0,0,0,0,0,"- ","- ",,,ALAMEDA,OAKLAND,-122.18374633789062,37.750255584716797
9617790,2022,2023-09-26,0109,2022-07-04,2225,9973,2,1,5,7,0109,0,0,0,,0,22X,"FRUITVALE AV","MACARTHUR BL",0.00,,Y,A,-,N,,,,,,,,,,N,3,0,1,2,D,-,00,,,M,G,B,B,A,H,-,C,A,0,Y,,,,Y,,-,"- ",0,1,0,0,1,0,0,0,0,"- ","- ",,,ALAMEDA,OAKLAND,-122.21614074707031,37.800376892089844
9617934,2022,2023-10-18,0109,2022-11-10,0956,9943,2,4,5,7,0109,0,0,0,,0,34X,"94TH AV","OLIVE ST",3.00,W,N,A,-,N,,,,,,,,,,Y,3,0,1,2,A,-,09,21802,A,N,D,C,A,A,H,-,A,D,0,,,,,Y,,A,01,0,1,0,0,0,0,0,0,0,"- ","- ",,,ALAMEDA,OAKLAND,-122.16609191894531,37.750205993652344
9640051,2022,2023-11-30,0109,2022-09-03,1212,9570,1,6,5,7,0109,0,0,0,,0,19X,"DENNISON ST",EMBARCADERO,315.00,N,N,A,-,N,,,,,,,,,,Y,1,1,2,2,A,-,01,23152,F,N,C,E,A,A,H,-,A,D,0,,,,Y,Y,,A,01,0,2,0,0,0,0,0,0,0,"- ","- ",,,ALAMEDA,OAKLAND,-122.24148559570312,37.779434204101562
9640116,2022,2024-01-09,0109,2022-09-16,1552,8483,1,5,5,7,0109,0,0,0,,0,08X,"24TH ST","NORTHGATE AV",0.00,,Y,A,-,N,,,,,,,,,,Y,1,1,0,2,A,-,01,23152,F,N,E,I,A,A,H,-,A,A,0,,,Y,,Y,,C,02,0,0,0,0,0,0,0,1,0,"- ","- ",,,ALAMEDA,OAKLAND,-122.27059936523438,37.813796997070312
9640154,2022,2024-01-03,0109,2022-12-24,2300,8483,1,6,5,7,0109,0,0,0,,0,04X,"SAN PABLO AV","MARTIN LUTHER KING JR WY",162.00,N,N,A,-,N,,,,,,,,,,N,1,1,0,2,D,-,00,,,F,F,B,D,A,H,-,C,A,0,Y,,,,Y,Y,-,"- ",0,0,0,1,0,0,0,0,0,"- ","- ",,,ALAMEDA,OAKLAND,-122.27365875244141,37.811981201171875
9672182,2022,2024-05-08,0109,2022-12-25,2001,10029,1,7,5,7,0109,0,0,0,,0,03X,"HARRISON ST","7TH ST",10.00,S,N,A,-,N,,,,,,,,,,Y,3,0,1,1,A,-,01,23152,A,N,E,I,A,A,H,-,C,A,0,,,,,Y,Y,A,07,0,1,0,0,0,0,0,0,0,"- ","- ",,,ALAMEDA,OAKLAND,-122.27064514160156,37.798065185546875
9680518,2022,2024-04-06,0109,2022-05-03,1705,9580,2,2,5,7,0109,0,0,0,,0,29X,"64TH AV","FOOTHILL BL",0.00,,Y,A,-,N,,,,,,,,,,Y,3,0,1,2,A,-,09,21801,A,M,A,C,A,A,H,-,A,A,0,,,,,Y,Y,A,01,0,1,0,0,0,0,0,0,0,"- ","- ",,,ALAMEDA,OAKLAND,-122.18449401855469,37.770778656005859